SET FOREIGN_KEY_CHECKS=0;
drop table Admin;
drop table User;
drop table Section;
drop table Post_Include_P_Edit;
drop table P_Topic;
drop table P_Reply;
drop table Attachment;
drop table Draft;
drop table Point_Purchase;
drop table Make_Friends;
drop table Download;
drop table Submit;
SET FOREIGN_KEY_CHECKS=1;

CREATE TABLE Admin(AdminID INTEGER,Password VARCHAR(64),Email VARCHAR(64),Icon VARCHAR(64),Admin_Name VARCHAR(64),PRIMARY KEY (AdminID));
CREATE TABLE User(UID INTEGER,U_AccessLevel INTEGER,Password VARCHAR(64),Email VARCHAR(64),Icon VARCHAR(64),U_Name VARCHAR(64),U_Address VARCHAR(64),PostalCode VARCHAR(32),Points INTEGER,AdminID INTEGER,PRIMARY KEY (UID),FOREIGN KEY (AdminID) REFERENCES Admin(AdminID));
CREATE TABLE Section(SID INTEGER,S_Name VARCHAR(64),AdminID INTEGER,PRIMARY KEY (SID),FOREIGN KEY (AdminID) REFERENCES Admin(AdminID));
CREATE TABLE Post_Include_P_Edit(PID INTEGER,Type INTEGER,Like_Amount INTEGER,P_Content VARCHAR(512),P_Date TIMESTAMP,UID INTEGER,AdminID INTEGER,SID INTEGER,PRIMARY KEY (PID),FOREIGN KEY (UID) REFERENCES User(UID),FOREIGN KEY (AdminID) REFERENCES Admin(AdminID),FOREIGN KEY (SID) REFERENCES Section(SID) ON DELETE CASCADE ON UPDATE CASCADE);
CREATE TABLE P_Topic(T_PID INTEGER,T_Title VARCHAR(64),View_Amount INTEGER,PRIMARY KEY (T_PID));
CREATE TABLE P_Reply(PID INTEGER,T_PID INTEGER,PRIMARY KEY (PID, T_PID),FOREIGN KEY (T_PID) REFERENCES P_Topic(T_PID) ON DELETE CASCADE ON UPDATE CASCADE);
CREATE TABLE Attachment(AID INTEGER,A_Name VARCHAR(64),A_Size INTEGER,A_Price INTEGER,Download_Amount INTEGER,T_PID INTEGER,PRIMARY KEY (AID, T_PID),FOREIGN KEY (T_PID) REFERENCES P_Topic(T_PID) ON DELETE CASCADE ON UPDATE CASCADE);
CREATE TABLE Draft(DID INTEGER,D_Title VARCHAR(64),D_Content VARCHAR(512),UID INTEGER,PRIMARY KEY (DID, UID),FOREIGN KEY (UID) REFERENCES User(UID) ON DELETE CASCADE ON UPDATE CASCADE);
CREATE TABLE Point_Purchase(PPID INTEGER,PP_Amount INTEGER,PP_Date TIMESTAMP,UID INTEGER,PRIMARY KEY (PPID, UID),FOREIGN KEY (UID) REFERENCES User(UID) ON DELETE CASCADE ON UPDATE CASCADE);
CREATE TABLE Make_Friends(User_UID INTEGER,Friend_UID INTEGER,PRIMARY KEY (User_UID, Friend_UID),FOREIGN KEY (User_UID) REFERENCES User(UID),FOREIGN KEY (Friend_UID) REFERENCES User(UID));
CREATE TABLE Download(UID INTEGER,AID INTEGER,D_Date TIMESTAMP,PRIMARY KEY (UID, AID),FOREIGN KEY (UID) REFERENCES User(UID),FOREIGN KEY (AID) REFERENCES Attachment(AID));
CREATE TABLE Submit(DID INTEGER,PID INTEGER,PRIMARY KEY (DID),FOREIGN KEY (DID) REFERENCES Draft(DID),FOREIGN KEY (PID) REFERENCES Post_Include_P_Edit(PID));

INSERT INTO Admin VALUE(1, "admin123", "mmxinran@gmail.com", "", "Xinran Ma");

INSERT INTO User VALUE(0, 0, "user1314", "0@gmail.com", "pic/default.png", "Hu Jim Lyn", "", "", 10, 1);
INSERT INTO User VALUE(1, 0, "user1314", "1@gmail.com", "pic/default.png", "Bing Bill Lyn", "", "", 10, 1);
INSERT INTO User VALUE(2, 0, "user1314", "2@gmail.com", "pic/default.png", "Bing Gil Mike", "", "", 10, 1);
INSERT INTO User VALUE(3, 0, "user1314", "3@gmail.com", "pic/default.png", "Aki Bill Lyn", "", "", 10, 1);
INSERT INTO User VALUE(4, 0, "user1314", "4@gmail.com", "pic/default.png", "Aki Gil Lyn", "", "", 10, 1);
INSERT INTO User VALUE(5, 0, "user1314", "5@gmail.com", "pic/default.png", "Aki John Tom", "", "", 10, 1);
INSERT INTO User VALUE(6, 0, "user1314", "6@gmail.com", "pic/default.png", "Bing Jim Lyn", "", "", 10, 1);
INSERT INTO User VALUE(7, 0, "user1314", "7@gmail.com", "pic/default.png", "Hu John James", "", "", 10, 1);
INSERT INTO User VALUE(8, 0, "user1314", "8@gmail.com", "pic/default.png", "Bing Gil Jack", "", "", 10, 1);
INSERT INTO User VALUE(9, 0, "user1314", "9@gmail.com", "pic/default.png", "Bing Gil Lyn", "", "", 10, 1);
INSERT INTO User VALUE(10, 0, "user1314", "10@gmail.com", "pic/default.png", "Aki Bill Lyn", "", "", 10, 1);
INSERT INTO User VALUE(11, 0, "user1314", "11@gmail.com", "pic/default.png", "Ran Gil Mike", "", "", 10, 1);
INSERT INTO User VALUE(12, 0, "user1314", "12@gmail.com", "pic/default.png", "Fan Mora James", "", "", 10, 1);
INSERT INTO User VALUE(13, 0, "user1314", "13@gmail.com", "pic/default.png", "Bing Jim Lyn", "", "", 10, 1);
INSERT INTO User VALUE(14, 0, "user1314", "14@gmail.com", "pic/default.png", "Ran Jim Mike", "", "", 10, 1);
INSERT INTO User VALUE(15, 0, "user1314", "15@gmail.com", "pic/default.png", "Fan Gil Mike", "", "", 10, 1);
INSERT INTO User VALUE(16, 0, "user1314", "16@gmail.com", "pic/default.png", "Hu Bill James", "", "", 10, 1);
INSERT INTO User VALUE(17, 0, "user1314", "17@gmail.com", "pic/default.png", "Fan John James", "", "", 10, 1);
INSERT INTO User VALUE(18, 0, "user1314", "18@gmail.com", "pic/default.png", "Bing Jim Tom", "", "", 10, 1);
INSERT INTO User VALUE(19, 0, "user1314", "19@gmail.com", "pic/default.png", "Ran Bill Jack", "", "", 10, 1);
INSERT INTO User VALUE(20, 0, "user1314", "20@gmail.com", "pic/default.png", "Hu Bill Tom", "", "", 10, 1);
INSERT INTO User VALUE(21, 0, "user1314", "21@gmail.com", "pic/default.png", "Ran Jim Mike", "", "", 10, 1);
INSERT INTO User VALUE(22, 0, "user1314", "22@gmail.com", "pic/default.png", "Hu Gil Mike", "", "", 10, 1);
INSERT INTO User VALUE(23, 0, "user1314", "23@gmail.com", "pic/default.png", "Bing Gil Lyn", "", "", 10, 1);
INSERT INTO User VALUE(24, 0, "user1314", "24@gmail.com", "pic/default.png", "Hu Jim Jack", "", "", 10, 1);
INSERT INTO User VALUE(25, 0, "user1314", "25@gmail.com", "pic/default.png", "Hu Jim Tom", "", "", 10, 1);
INSERT INTO User VALUE(26, 0, "user1314", "26@gmail.com", "pic/default.png", "Ran Mora Tom", "", "", 10, 1);
INSERT INTO User VALUE(27, 0, "user1314", "27@gmail.com", "pic/default.png", "Fan John Tom", "", "", 10, 1);
INSERT INTO User VALUE(28, 0, "user1314", "28@gmail.com", "pic/default.png", "Ran Jim James", "", "", 10, 1);
INSERT INTO User VALUE(29, 0, "user1314", "29@gmail.com", "pic/default.png", "Ran Gil Jack", "", "", 10, 1);
INSERT INTO User VALUE(30, 0, "user1314", "30@gmail.com", "pic/default.png", "Hu Bill Lyn", "", "", 10, 1);
INSERT INTO User VALUE(31, 0, "user1314", "31@gmail.com", "pic/default.png", "Fan Jim James", "", "", 10, 1);
INSERT INTO User VALUE(32, 0, "user1314", "32@gmail.com", "pic/default.png", "Bing John Mike", "", "", 10, 1);
INSERT INTO User VALUE(33, 0, "user1314", "33@gmail.com", "pic/default.png", "Fan Bill Tom", "", "", 10, 1);
INSERT INTO User VALUE(34, 0, "user1314", "34@gmail.com", "pic/default.png", "Bing John Tom", "", "", 10, 1);
INSERT INTO User VALUE(35, 0, "user1314", "35@gmail.com", "pic/default.png", "Bing John Tom", "", "", 10, 1);
INSERT INTO User VALUE(36, 0, "user1314", "36@gmail.com", "pic/default.png", "Fan Bill Mike", "", "", 10, 1);
INSERT INTO User VALUE(37, 0, "user1314", "37@gmail.com", "pic/default.png", "Ran Bill Mike", "", "", 10, 1);
INSERT INTO User VALUE(38, 0, "user1314", "38@gmail.com", "pic/default.png", "Hu Mora James", "", "", 10, 1);
INSERT INTO User VALUE(39, 0, "user1314", "39@gmail.com", "pic/default.png", "Aki John Mike", "", "", 10, 1);
INSERT INTO User VALUE(40, 0, "user1314", "40@gmail.com", "pic/default.png", "Bing Mora Tom", "", "", 10, 1);
INSERT INTO User VALUE(41, 0, "user1314", "41@gmail.com", "pic/default.png", "Bing Bill Lyn", "", "", 10, 1);
INSERT INTO User VALUE(42, 0, "user1314", "42@gmail.com", "pic/default.png", "Ran Jim Jack", "", "", 10, 1);
INSERT INTO User VALUE(43, 0, "user1314", "43@gmail.com", "pic/default.png", "Fan Jim Jack", "", "", 10, 1);
INSERT INTO User VALUE(44, 0, "user1314", "44@gmail.com", "pic/default.png", "Hu Gil Tom", "", "", 10, 1);
INSERT INTO User VALUE(45, 0, "user1314", "45@gmail.com", "pic/default.png", "Ran Gil Jack", "", "", 10, 1);
INSERT INTO User VALUE(46, 0, "user1314", "46@gmail.com", "pic/default.png", "Fan Mora Tom", "", "", 10, 1);
INSERT INTO User VALUE(47, 0, "user1314", "47@gmail.com", "pic/default.png", "Bing Mora Jack", "", "", 10, 1);
INSERT INTO User VALUE(48, 0, "user1314", "48@gmail.com", "pic/default.png", "Ran John Jack", "", "", 10, 1);
INSERT INTO User VALUE(49, 0, "user1314", "49@gmail.com", "pic/default.png", "Hu John James", "", "", 10, 1);
INSERT INTO User VALUE(50, 0, "user1314", "50@gmail.com", "pic/default.png", "Ran Bill James", "", "", 10, 1);
INSERT INTO User VALUE(51, 0, "user1314", "51@gmail.com", "pic/default.png", "Aki Mora Lyn", "", "", 10, 1);
INSERT INTO User VALUE(52, 0, "user1314", "52@gmail.com", "pic/default.png", "Aki Bill Jack", "", "", 10, 1);
INSERT INTO User VALUE(53, 0, "user1314", "53@gmail.com", "pic/default.png", "Ran Jim Mike", "", "", 10, 1);
INSERT INTO User VALUE(54, 0, "user1314", "54@gmail.com", "pic/default.png", "Ran John Jack", "", "", 10, 1);
INSERT INTO User VALUE(55, 0, "user1314", "55@gmail.com", "pic/default.png", "Hu Bill James", "", "", 10, 1);
INSERT INTO User VALUE(56, 0, "user1314", "56@gmail.com", "pic/default.png", "Aki Jim Mike", "", "", 10, 1);
INSERT INTO User VALUE(57, 0, "user1314", "57@gmail.com", "pic/default.png", "Ran Jim Lyn", "", "", 10, 1);
INSERT INTO User VALUE(58, 0, "user1314", "58@gmail.com", "pic/default.png", "Fan John Mike", "", "", 10, 1);
INSERT INTO User VALUE(59, 0, "user1314", "59@gmail.com", "pic/default.png", "Fan Jim James", "", "", 10, 1);
INSERT INTO User VALUE(60, 0, "user1314", "60@gmail.com", "pic/default.png", "Fan Mora Jack", "", "", 10, 1);
INSERT INTO User VALUE(61, 0, "user1314", "61@gmail.com", "pic/default.png", "Bing Jim James", "", "", 10, 1);
INSERT INTO User VALUE(62, 0, "user1314", "62@gmail.com", "pic/default.png", "Hu Bill Lyn", "", "", 10, 1);
INSERT INTO User VALUE(63, 0, "user1314", "63@gmail.com", "pic/default.png", "Fan John Mike", "", "", 10, 1);
INSERT INTO User VALUE(64, 0, "user1314", "64@gmail.com", "pic/default.png", "Hu Gil Tom", "", "", 10, 1);
INSERT INTO User VALUE(65, 0, "user1314", "65@gmail.com", "pic/default.png", "Bing Mora Jack", "", "", 10, 1);
INSERT INTO User VALUE(66, 0, "user1314", "66@gmail.com", "pic/default.png", "Fan Gil Jack", "", "", 10, 1);
INSERT INTO User VALUE(67, 0, "user1314", "67@gmail.com", "pic/default.png", "Aki Mora James", "", "", 10, 1);
INSERT INTO User VALUE(68, 0, "user1314", "68@gmail.com", "pic/default.png", "Hu John Mike", "", "", 10, 1);
INSERT INTO User VALUE(69, 0, "user1314", "69@gmail.com", "pic/default.png", "Hu Mora Jack", "", "", 10, 1);
INSERT INTO User VALUE(70, 0, "user1314", "70@gmail.com", "pic/default.png", "Aki John Tom", "", "", 10, 1);
INSERT INTO User VALUE(71, 0, "user1314", "71@gmail.com", "pic/default.png", "Fan Mora Jack", "", "", 10, 1);
INSERT INTO User VALUE(72, 0, "user1314", "72@gmail.com", "pic/default.png", "Aki Jim Jack", "", "", 10, 1);
INSERT INTO User VALUE(73, 0, "user1314", "73@gmail.com", "pic/default.png", "Aki Mora Lyn", "", "", 10, 1);
INSERT INTO User VALUE(74, 0, "user1314", "74@gmail.com", "pic/default.png", "Ran Jim Jack", "", "", 10, 1);
INSERT INTO User VALUE(75, 0, "user1314", "75@gmail.com", "pic/default.png", "Fan Gil Mike", "", "", 10, 1);
INSERT INTO User VALUE(76, 0, "user1314", "76@gmail.com", "pic/default.png", "Hu Bill James", "", "", 10, 1);
INSERT INTO User VALUE(77, 0, "user1314", "77@gmail.com", "pic/default.png", "Aki Bill James", "", "", 10, 1);
INSERT INTO User VALUE(78, 0, "user1314", "78@gmail.com", "pic/default.png", "Aki Jim James", "", "", 10, 1);
INSERT INTO User VALUE(79, 0, "user1314", "79@gmail.com", "pic/default.png", "Fan Jim James", "", "", 10, 1);
INSERT INTO User VALUE(80, 0, "user1314", "80@gmail.com", "pic/default.png", "Fan Bill Jack", "", "", 10, 1);
INSERT INTO User VALUE(81, 0, "user1314", "81@gmail.com", "pic/default.png", "Bing Bill Lyn", "", "", 10, 1);
INSERT INTO User VALUE(82, 0, "user1314", "82@gmail.com", "pic/default.png", "Ran Bill Tom", "", "", 10, 1);
INSERT INTO User VALUE(83, 0, "user1314", "83@gmail.com", "pic/default.png", "Ran Bill Tom", "", "", 10, 1);
INSERT INTO User VALUE(84, 0, "user1314", "84@gmail.com", "pic/default.png", "Bing Gil Lyn", "", "", 10, 1);
INSERT INTO User VALUE(85, 0, "user1314", "85@gmail.com", "pic/default.png", "Hu Jim Tom", "", "", 10, 1);
INSERT INTO User VALUE(86, 0, "user1314", "86@gmail.com", "pic/default.png", "Hu Bill Jack", "", "", 10, 1);
INSERT INTO User VALUE(87, 0, "user1314", "87@gmail.com", "pic/default.png", "Bing Bill James", "", "", 10, 1);
INSERT INTO User VALUE(88, 0, "user1314", "88@gmail.com", "pic/default.png", "Bing Bill Lyn", "", "", 10, 1);
INSERT INTO User VALUE(89, 0, "user1314", "89@gmail.com", "pic/default.png", "Ran John James", "", "", 10, 1);
INSERT INTO User VALUE(90, 0, "user1314", "90@gmail.com", "pic/default.png", "Hu Mora Jack", "", "", 10, 1);
INSERT INTO User VALUE(91, 0, "user1314", "91@gmail.com", "pic/default.png", "Bing Mora Lyn", "", "", 10, 1);
INSERT INTO User VALUE(92, 0, "user1314", "92@gmail.com", "pic/default.png", "Aki Jim Mike", "", "", 10, 1);
INSERT INTO User VALUE(93, 0, "user1314", "93@gmail.com", "pic/default.png", "Fan Gil Lyn", "", "", 10, 1);
INSERT INTO User VALUE(94, 0, "user1314", "94@gmail.com", "pic/default.png", "Hu Bill Mike", "", "", 10, 1);
INSERT INTO User VALUE(95, 0, "user1314", "95@gmail.com", "pic/default.png", "Ran John Jack", "", "", 10, 1);
INSERT INTO User VALUE(96, 0, "user1314", "96@gmail.com", "pic/default.png", "Bing Jim Jack", "", "", 10, 1);

insert into Make_Friends value (0, 49);
insert into Make_Friends value (0, 8);
insert into Make_Friends value (1, 90);
insert into Make_Friends value (1, 3);
insert into Make_Friends value (2, 47);
insert into Make_Friends value (3, 77);
insert into Make_Friends value (3, 5);
insert into Make_Friends value (3, 74);
insert into Make_Friends value (3, 4);
insert into Make_Friends value (5, 84);
insert into Make_Friends value (5, 96);
insert into Make_Friends value (6, 86);
insert into Make_Friends value (6, 21);
insert into Make_Friends value (6, 51);
insert into Make_Friends value (6, 35);
insert into Make_Friends value (6, 54);
insert into Make_Friends value (8, 78);
insert into Make_Friends value (9, 46);
insert into Make_Friends value (10, 36);
insert into Make_Friends value (10, 82);
insert into Make_Friends value (11, 28);
insert into Make_Friends value (11, 85);
insert into Make_Friends value (11, 96);
insert into Make_Friends value (11, 56);
insert into Make_Friends value (12, 72);
insert into Make_Friends value (12, 54);
insert into Make_Friends value (12, 92);
insert into Make_Friends value (13, 50);
insert into Make_Friends value (13, 25);
insert into Make_Friends value (13, 74);
insert into Make_Friends value (13, 8);
insert into Make_Friends value (13, 83);
insert into Make_Friends value (14, 45);
insert into Make_Friends value (14, 89);
insert into Make_Friends value (14, 71);
insert into Make_Friends value (15, 28);
insert into Make_Friends value (15, 24);
insert into Make_Friends value (15, 23);
insert into Make_Friends value (16, 4);
insert into Make_Friends value (16, 32);
insert into Make_Friends value (16, 34);
insert into Make_Friends value (17, 62);
insert into Make_Friends value (17, 15);
insert into Make_Friends value (17, 33);
insert into Make_Friends value (17, 57);
insert into Make_Friends value (17, 23);
insert into Make_Friends value (18, 23);
insert into Make_Friends value (18, 81);
insert into Make_Friends value (18, 4);
insert into Make_Friends value (18, 32);
insert into Make_Friends value (18, 95);
insert into Make_Friends value (19, 85);
insert into Make_Friends value (19, 83);
insert into Make_Friends value (19, 50);
insert into Make_Friends value (19, 71);
insert into Make_Friends value (20, 52);
insert into Make_Friends value (20, 45);
insert into Make_Friends value (20, 12);
insert into Make_Friends value (20, 30);
insert into Make_Friends value (20, 56);
insert into Make_Friends value (21, 58);
insert into Make_Friends value (22, 15);
insert into Make_Friends value (22, 76);
insert into Make_Friends value (23, 21);
insert into Make_Friends value (23, 8);
insert into Make_Friends value (23, 56);
insert into Make_Friends value (23, 57);
insert into Make_Friends value (23, 61);
insert into Make_Friends value (24, 60);
insert into Make_Friends value (24, 41);
insert into Make_Friends value (24, 30);
insert into Make_Friends value (25, 85);
insert into Make_Friends value (25, 37);
insert into Make_Friends value (25, 31);
insert into Make_Friends value (25, 0);
insert into Make_Friends value (26, 95);
insert into Make_Friends value (26, 8);
insert into Make_Friends value (27, 15);
insert into Make_Friends value (27, 84);
insert into Make_Friends value (28, 47);
insert into Make_Friends value (28, 10);
insert into Make_Friends value (28, 67);
insert into Make_Friends value (28, 43);
insert into Make_Friends value (29, 57);
insert into Make_Friends value (29, 30);
insert into Make_Friends value (29, 76);
insert into Make_Friends value (29, 68);
insert into Make_Friends value (30, 76);
insert into Make_Friends value (30, 9);
insert into Make_Friends value (30, 19);
insert into Make_Friends value (30, 85);
insert into Make_Friends value (30, 56);
insert into Make_Friends value (31, 44);
insert into Make_Friends value (31, 80);
insert into Make_Friends value (31, 60);
insert into Make_Friends value (31, 79);
insert into Make_Friends value (32, 74);
insert into Make_Friends value (32, 70);
insert into Make_Friends value (32, 19);
insert into Make_Friends value (33, 52);
insert into Make_Friends value (34, 12);
insert into Make_Friends value (34, 32);
insert into Make_Friends value (34, 79);
insert into Make_Friends value (34, 13);
insert into Make_Friends value (34, 55);
insert into Make_Friends value (35, 73);
insert into Make_Friends value (36, 60);
insert into Make_Friends value (36, 83);
insert into Make_Friends value (37, 74);
insert into Make_Friends value (37, 9);
insert into Make_Friends value (37, 71);
insert into Make_Friends value (37, 28);
insert into Make_Friends value (37, 68);
insert into Make_Friends value (38, 58);
insert into Make_Friends value (39, 64);
insert into Make_Friends value (41, 20);
insert into Make_Friends value (42, 68);
insert into Make_Friends value (42, 96);
insert into Make_Friends value (43, 15);
insert into Make_Friends value (43, 45);
insert into Make_Friends value (43, 16);
insert into Make_Friends value (45, 25);
insert into Make_Friends value (45, 38);
insert into Make_Friends value (45, 37);
insert into Make_Friends value (45, 97);
insert into Make_Friends value (45, 13);
insert into Make_Friends value (46, 27);
insert into Make_Friends value (46, 3);
insert into Make_Friends value (46, 31);
insert into Make_Friends value (46, 92);
insert into Make_Friends value (48, 88);
insert into Make_Friends value (48, 47);
insert into Make_Friends value (48, 55);
insert into Make_Friends value (48, 1);
insert into Make_Friends value (48, 41);
insert into Make_Friends value (49, 17);
insert into Make_Friends value (49, 54);
insert into Make_Friends value (50, 91);
insert into Make_Friends value (50, 30);
insert into Make_Friends value (50, 19);
insert into Make_Friends value (51, 82);
insert into Make_Friends value (51, 71);
insert into Make_Friends value (52, 44);
insert into Make_Friends value (52, 76);
insert into Make_Friends value (53, 31);
insert into Make_Friends value (53, 71);
insert into Make_Friends value (53, 90);
insert into Make_Friends value (54, 56);
insert into Make_Friends value (54, 68);
insert into Make_Friends value (54, 90);
insert into Make_Friends value (54, 88);
insert into Make_Friends value (54, 81);
insert into Make_Friends value (55, 72);
insert into Make_Friends value (55, 83);
insert into Make_Friends value (55, 20);
insert into Make_Friends value (55, 76);
insert into Make_Friends value (56, 46);
insert into Make_Friends value (57, 65);
insert into Make_Friends value (57, 34);
insert into Make_Friends value (57, 56);
insert into Make_Friends value (58, 39);
insert into Make_Friends value (59, 1);
insert into Make_Friends value (59, 47);
insert into Make_Friends value (59, 93);
insert into Make_Friends value (59, 54);
insert into Make_Friends value (59, 85);
insert into Make_Friends value (60, 87);
insert into Make_Friends value (60, 37);
insert into Make_Friends value (61, 25);
insert into Make_Friends value (61, 69);
insert into Make_Friends value (62, 6);
insert into Make_Friends value (62, 13);
insert into Make_Friends value (62, 87);
insert into Make_Friends value (62, 22);
insert into Make_Friends value (63, 52);
insert into Make_Friends value (63, 6);
insert into Make_Friends value (63, 13);
insert into Make_Friends value (63, 46);
insert into Make_Friends value (63, 6);
insert into Make_Friends value (64, 29);
insert into Make_Friends value (64, 32);
insert into Make_Friends value (64, 27);
insert into Make_Friends value (64, 16);
insert into Make_Friends value (65, 81);
insert into Make_Friends value (65, 26);
insert into Make_Friends value (65, 85);
insert into Make_Friends value (65, 88);
insert into Make_Friends value (66, 22);
insert into Make_Friends value (66, 42);
insert into Make_Friends value (67, 72);
insert into Make_Friends value (68, 61);
insert into Make_Friends value (68, 85);
insert into Make_Friends value (70, 64);
insert into Make_Friends value (70, 14);
insert into Make_Friends value (70, 36);
insert into Make_Friends value (70, 75);
insert into Make_Friends value (70, 56);
insert into Make_Friends value (71, 46);
insert into Make_Friends value (72, 15);
insert into Make_Friends value (72, 82);
insert into Make_Friends value (72, 58);
insert into Make_Friends value (72, 47);
insert into Make_Friends value (73, 36);
insert into Make_Friends value (74, 68);
insert into Make_Friends value (74, 37);
insert into Make_Friends value (74, 46);
insert into Make_Friends value (75, 67);
insert into Make_Friends value (75, 45);
insert into Make_Friends value (75, 7);
insert into Make_Friends value (75, 51);
insert into Make_Friends value (75, 26);
insert into Make_Friends value (76, 44);
insert into Make_Friends value (76, 78);
insert into Make_Friends value (77, 17);
insert into Make_Friends value (77, 90);
insert into Make_Friends value (77, 61);
insert into Make_Friends value (78, 11);
insert into Make_Friends value (78, 59);
insert into Make_Friends value (78, 46);
insert into Make_Friends value (80, 0);
insert into Make_Friends value (80, 58);
insert into Make_Friends value (81, 19);
insert into Make_Friends value (81, 43);
insert into Make_Friends value (81, 49);
insert into Make_Friends value (81, 28);
insert into Make_Friends value (81, 48);
insert into Make_Friends value (82, 76);
insert into Make_Friends value (82, 49);
insert into Make_Friends value (82, 44);
insert into Make_Friends value (82, 66);
insert into Make_Friends value (82, 33);
insert into Make_Friends value (83, 59);
insert into Make_Friends value (84, 28);
insert into Make_Friends value (84, 95);
insert into Make_Friends value (84, 27);
insert into Make_Friends value (84, 9);
insert into Make_Friends value (84, 7);
insert into Make_Friends value (85, 54);
insert into Make_Friends value (86, 12);
insert into Make_Friends value (86, 3);
insert into Make_Friends value (86, 57);
insert into Make_Friends value (86, 26);
insert into Make_Friends value (87, 17);
insert into Make_Friends value (87, 52);
insert into Make_Friends value (89, 66);
insert into Make_Friends value (89, 4);
insert into Make_Friends value (89, 29);
insert into Make_Friends value (89, 59);
insert into Make_Friends value (91, 55);
insert into Make_Friends value (91, 84);
insert into Make_Friends value (91, 30);
insert into Make_Friends value (93, 12);
insert into Make_Friends value (93, 91);
insert into Make_Friends value (94, 83);
insert into Make_Friends value (94, 6);
insert into Make_Friends value (94, 3);
insert into Make_Friends value (94, 52);
insert into Make_Friends value (94, 40);

insert into Section value(0, "sport", 1);
insert into Section value(1, "news", 1);
insert into Section value(2, "music", 1);
insert into Section value(3, "movie", 1);
insert into Section value(4, "star", 1);
insert into Section value(5, "creative", 1);
insert into Section value(6, "food", 1);
insert into Section value(7, "other", 1);

insert into P_Topic value (0, "She look library", 0);
insert into Post_Include_P_Edit value (0, 1, 0, "Ran watch market", "20150328150338", 26, 1, 1);
insert into P_Topic value (1, "Aki eat food", 0);
insert into Post_Include_P_Edit value (1, 1, 0, "You eat food", "20150328150338", 40, 1, 6);
insert into P_Topic value (2, "Hu fight with donut", 0);
insert into Post_Include_P_Edit value (2, 1, 0, "He fight with computer", "20150328150338", 49, 1, 1);
insert into P_Topic value (3, "Aki sleep in donut", 0);
insert into Post_Include_P_Edit value (3, 1, 0, "She sleep in food", "20150328150338", 78, 1, 4);
insert into P_Topic value (4, "It run with library", 0);
insert into Post_Include_P_Edit value (4, 1, 0, "Hu sleep in football", "20150328150338", 65, 1, 0);
insert into P_Topic value (5, "Aki fight with market", 0);
insert into Post_Include_P_Edit value (5, 1, 0, "She play cake", "20150328150338", 94, 1, 3);
insert into P_Topic value (6, "It eat donut", 0);
insert into Post_Include_P_Edit value (6, 1, 0, "Ran run with library", "20150328150338", 62, 1, 3);
insert into P_Topic value (7, "You sleep in library", 0);
insert into Post_Include_P_Edit value (7, 1, 0, "I read computer", "20150328150338", 5, 1, 3);
insert into P_Topic value (8, "He read food", 0);
insert into Post_Include_P_Edit value (8, 1, 0, "Hu fight with cup cake", "20150328150338", 1, 1, 3);
insert into P_Topic value (9, "I read library", 0);
insert into Post_Include_P_Edit value (9, 1, 0, "Hu play cake", "20150328150338", 31, 1, 1);
insert into P_Topic value (10, "Hu run with cake", 0);
insert into Post_Include_P_Edit value (10, 1, 0, "She sleep in cake", "20150328150338", 63, 1, 4);
insert into P_Topic value (11, "Hu fight with market", 0);
insert into Post_Include_P_Edit value (11, 1, 0, "Aki watch market", "20150328150338", 16, 1, 6);
insert into P_Topic value (12, "Aki sleep in donut", 0);
insert into Post_Include_P_Edit value (12, 1, 0, "He watch donut", "20150328150338", 35, 1, 3);
insert into P_Topic value (13, "She sleep in computer", 0);
insert into Post_Include_P_Edit value (13, 1, 0, "She look computer", "20150328150338", 91, 1, 6);
insert into P_Topic value (14, "Ran eat food", 0);
insert into Post_Include_P_Edit value (14, 1, 0, "He look cake", "20150328150338", 17, 1, 0);
insert into P_Topic value (15, "Hu play football", 0);
insert into Post_Include_P_Edit value (15, 1, 0, "She watch cake", "20150328150338", 90, 1, 7);
insert into P_Topic value (16, "Aki watch football", 0);
insert into Post_Include_P_Edit value (16, 1, 0, "I look donut", "20150328150338", 78, 1, 4);
insert into P_Topic value (17, "Aki sleep in market", 0);
insert into Post_Include_P_Edit value (17, 1, 0, "Ran fight with football", "20150328150338", 40, 1, 1);
insert into P_Topic value (18, "Ran look donut", 0);
insert into Post_Include_P_Edit value (18, 1, 0, "You read cake", "20150328150338", 34, 1, 5);
insert into P_Topic value (19, "Aki play computer", 0);
insert into Post_Include_P_Edit value (19, 1, 0, "Ran run with computer", "20150328150338", 42, 1, 7);
insert into P_Topic value (20, "It run with cup cake", 0);
insert into Post_Include_P_Edit value (20, 1, 0, "You watch cup cake", "20150328150338", 11, 1, 5);
insert into P_Topic value (21, "He sleep in library", 0);
insert into Post_Include_P_Edit value (21, 1, 0, "He look food", "20150328150338", 66, 1, 2);
insert into P_Topic value (22, "Aki look cake", 0);
insert into Post_Include_P_Edit value (22, 1, 0, "Ran sleep in donut", "20150328150338", 12, 1, 4);
insert into P_Topic value (23, "It play market", 0);
insert into Post_Include_P_Edit value (23, 1, 0, "I run with football", "20150328150338", 71, 1, 3);
insert into P_Topic value (24, "I watch cake", 0);
insert into Post_Include_P_Edit value (24, 1, 0, "It sleep in food", "20150328150338", 52, 1, 4);
insert into P_Topic value (25, "It look computer", 0);
insert into Post_Include_P_Edit value (25, 1, 0, "He watch cup cake", "20150328150338", 92, 1, 5);
insert into P_Topic value (26, "Ran run with computer", 0);
insert into Post_Include_P_Edit value (26, 1, 0, "Ran fight with food", "20150328150338", 57, 1, 6);
insert into P_Topic value (27, "Aki fight with market", 0);
insert into Post_Include_P_Edit value (27, 1, 0, "She run with library", "20150328150338", 52, 1, 1);
insert into P_Topic value (28, "You fight with cake", 0);
insert into Post_Include_P_Edit value (28, 1, 0, "It read cake", "20150328150338", 69, 1, 6);
insert into P_Topic value (29, "Ran eat football", 0);
insert into Post_Include_P_Edit value (29, 1, 0, "Hu fight with computer", "20150328150338", 30, 1, 4);
insert into P_Topic value (30, "She fight with donut", 0);
insert into Post_Include_P_Edit value (30, 1, 0, "Ran fight with food", "20150328150338", 51, 1, 0);
insert into P_Topic value (31, "Ran watch library", 0);
insert into Post_Include_P_Edit value (31, 1, 0, "Aki play library", "20150328150338", 95, 1, 6);
insert into P_Topic value (32, "Aki read library", 0);
insert into Post_Include_P_Edit value (32, 1, 0, "It run with donut", "20150328150338", 17, 1, 7);
insert into P_Topic value (33, "Aki eat donut", 0);
insert into Post_Include_P_Edit value (33, 1, 0, "It read donut", "20150328150338", 45, 1, 7);
insert into P_Topic value (34, "He fight with food", 0);
insert into Post_Include_P_Edit value (34, 1, 0, "Aki read food", "20150328150338", 38, 1, 6);
insert into P_Topic value (35, "It run with library", 0);
insert into Post_Include_P_Edit value (35, 1, 0, "She look market", "20150328150338", 93, 1, 3);
insert into P_Topic value (36, "He read football", 0);
insert into Post_Include_P_Edit value (36, 1, 0, "Ran eat football", "20150328150338", 70, 1, 7);
insert into P_Topic value (37, "I run with food", 0);
insert into Post_Include_P_Edit value (37, 1, 0, "It look computer", "20150328150338", 48, 1, 4);
insert into P_Topic value (38, "I look cup cake", 0);
insert into Post_Include_P_Edit value (38, 1, 0, "Aki run with library", "20150328150338", 11, 1, 5);
insert into P_Topic value (39, "It sleep in food", 0);
insert into Post_Include_P_Edit value (39, 1, 0, "Ran read computer", "20150328150338", 33, 1, 5);
insert into P_Topic value (40, "Hu look library", 0);
insert into Post_Include_P_Edit value (40, 1, 0, "Ran fight with food", "20150328150338", 65, 1, 6);
insert into P_Topic value (41, "Aki run with computer", 0);
insert into Post_Include_P_Edit value (41, 1, 0, "Hu read cup cake", "20150328150338", 20, 1, 4);
insert into P_Topic value (42, "Ran look donut", 0);
insert into Post_Include_P_Edit value (42, 1, 0, "You run with computer", "20150328150338", 55, 1, 0);
insert into P_Topic value (43, "Ran eat cake", 0);
insert into Post_Include_P_Edit value (43, 1, 0, "He sleep in market", "20150328150338", 90, 1, 6);
insert into P_Topic value (44, "She read library", 0);
insert into Post_Include_P_Edit value (44, 1, 0, "It run with market", "20150328150338", 14, 1, 4);
insert into P_Topic value (45, "She watch donut", 0);
insert into Post_Include_P_Edit value (45, 1, 0, "She run with football", "20150328150338", 18, 1, 5);
insert into P_Topic value (46, "She look market", 0);
insert into Post_Include_P_Edit value (46, 1, 0, "You play cup cake", "20150328150338", 0, 1, 5);
insert into P_Topic value (47, "Hu run with football", 0);
insert into Post_Include_P_Edit value (47, 1, 0, "She fight with food", "20150328150338", 94, 1, 3);
insert into P_Topic value (48, "You sleep in computer", 0);
insert into Post_Include_P_Edit value (48, 1, 0, "Hu sleep in computer", "20150328150338", 34, 1, 7);
insert into P_Topic value (49, "Aki look football", 0);
insert into Post_Include_P_Edit value (49, 1, 0, "Ran look cake", "20150328150338", 82, 1, 1);
insert into P_Topic value (50, "I read computer", 0);
insert into Post_Include_P_Edit value (50, 1, 0, "It play football", "20150328150338", 29, 1, 1);
insert into P_Topic value (51, "You run with cup cake", 0);
insert into Post_Include_P_Edit value (51, 1, 0, "You watch cake", "20150328150338", 6, 1, 3);
insert into P_Topic value (52, "Ran sleep in cake", 0);
insert into Post_Include_P_Edit value (52, 1, 0, "Ran read donut", "20150328150338", 76, 1, 2);
insert into P_Topic value (53, "It eat computer", 0);
insert into Post_Include_P_Edit value (53, 1, 0, "You play cake", "20150328150338", 95, 1, 7);
insert into P_Topic value (54, "I read donut", 0);
insert into Post_Include_P_Edit value (54, 1, 0, "You read cup cake", "20150328150338", 2, 1, 7);
insert into P_Topic value (55, "She run with food", 0);
insert into Post_Include_P_Edit value (55, 1, 0, "He eat food", "20150328150338", 67, 1, 6);
insert into P_Topic value (56, "He read computer", 0);
insert into Post_Include_P_Edit value (56, 1, 0, "You look donut", "20150328150338", 89, 1, 3);
insert into P_Topic value (57, "Aki read market", 0);
insert into Post_Include_P_Edit value (57, 1, 0, "I read market", "20150328150338", 94, 1, 4);
insert into P_Topic value (58, "He fight with library", 0);
insert into Post_Include_P_Edit value (58, 1, 0, "Hu watch market", "20150328150338", 3, 1, 5);
insert into P_Topic value (59, "He read food", 0);
insert into Post_Include_P_Edit value (59, 1, 0, "She read market", "20150328150338", 52, 1, 3);
insert into P_Topic value (60, "It eat library", 0);
insert into Post_Include_P_Edit value (60, 1, 0, "Ran read library", "20150328150338", 15, 1, 1);
insert into P_Topic value (61, "I run with food", 0);
insert into Post_Include_P_Edit value (61, 1, 0, "She read library", "20150328150338", 54, 1, 7);
insert into P_Topic value (62, "She read market", 0);
insert into Post_Include_P_Edit value (62, 1, 0, "He fight with cake", "20150328150338", 26, 1, 5);
insert into P_Topic value (63, "Aki run with food", 0);
insert into Post_Include_P_Edit value (63, 1, 0, "You sleep in library", "20150328150338", 86, 1, 0);
insert into P_Topic value (64, "Aki run with computer", 0);
insert into Post_Include_P_Edit value (64, 1, 0, "He run with football", "20150328150338", 80, 1, 6);
insert into P_Topic value (65, "She look cake", 0);
insert into Post_Include_P_Edit value (65, 1, 0, "I run with food", "20150328150338", 28, 1, 5);
insert into P_Topic value (66, "Ran look food", 0);
insert into Post_Include_P_Edit value (66, 1, 0, "You read computer", "20150328150338", 95, 1, 7);
insert into P_Topic value (67, "I run with donut", 0);
insert into Post_Include_P_Edit value (67, 1, 0, "You sleep in cake", "20150328150338", 60, 1, 5);
insert into P_Topic value (68, "Aki watch cake", 0);
insert into Post_Include_P_Edit value (68, 1, 0, "Hu eat market", "20150328150338", 37, 1, 7);
insert into P_Topic value (69, "It watch food", 0);
insert into Post_Include_P_Edit value (69, 1, 0, "Ran play donut", "20150328150338", 3, 1, 6);
insert into P_Topic value (70, "Ran sleep in market", 0);
insert into Post_Include_P_Edit value (70, 1, 0, "You fight with cake", "20150328150338", 15, 1, 4);
insert into P_Topic value (71, "Aki play cup cake", 0);
insert into Post_Include_P_Edit value (71, 1, 0, "You play donut", "20150328150338", 83, 1, 0);
insert into P_Topic value (72, "Hu sleep in market", 0);
insert into Post_Include_P_Edit value (72, 1, 0, "I play library", "20150328150338", 82, 1, 2);
insert into P_Topic value (73, "Ran run with football", 0);
insert into Post_Include_P_Edit value (73, 1, 0, "I read computer", "20150328150338", 88, 1, 3);
insert into P_Topic value (74, "Ran fight with donut", 0);
insert into Post_Include_P_Edit value (74, 1, 0, "He look market", "20150328150338", 22, 1, 5);
insert into P_Topic value (75, "It read cup cake", 0);
insert into Post_Include_P_Edit value (75, 1, 0, "He watch market", "20150328150338", 49, 1, 7);
insert into P_Topic value (76, "Hu watch donut", 0);
insert into Post_Include_P_Edit value (76, 1, 0, "I look cake", "20150328150338", 21, 1, 1);
insert into P_Topic value (77, "It watch food", 0);
insert into Post_Include_P_Edit value (77, 1, 0, "It look football", "20150328150338", 52, 1, 0);
insert into P_Topic value (78, "Aki look cup cake", 0);
insert into Post_Include_P_Edit value (78, 1, 0, "Ran play food", "20150328150338", 74, 1, 7);
insert into P_Topic value (79, "She watch library", 0);
insert into Post_Include_P_Edit value (79, 1, 0, "Hu fight with food", "20150328150338", 83, 1, 5);
insert into P_Topic value (80, "I fight with donut", 0);
insert into Post_Include_P_Edit value (80, 1, 0, "Aki eat cake", "20150328150338", 88, 1, 1);
insert into P_Topic value (81, "She look computer", 0);
insert into Post_Include_P_Edit value (81, 1, 0, "I play market", "20150328150338", 51, 1, 2);
insert into P_Topic value (82, "I sleep in market", 0);
insert into Post_Include_P_Edit value (82, 1, 0, "He sleep in computer", "20150328150338", 22, 1, 6);
insert into P_Topic value (83, "Hu watch football", 0);
insert into Post_Include_P_Edit value (83, 1, 0, "Ran run with food", "20150328150338", 73, 1, 3);
insert into P_Topic value (84, "She watch cup cake", 0);
insert into Post_Include_P_Edit value (84, 1, 0, "You look computer", "20150328150338", 70, 1, 1);
insert into P_Topic value (85, "It watch food", 0);
insert into Post_Include_P_Edit value (85, 1, 0, "Aki read food", "20150328150338", 66, 1, 0);
insert into P_Topic value (86, "I watch food", 0);
insert into Post_Include_P_Edit value (86, 1, 0, "He run with football", "20150328150338", 72, 1, 5);
insert into P_Topic value (87, "You sleep in computer", 0);
insert into Post_Include_P_Edit value (87, 1, 0, "I sleep in library", "20150328150338", 26, 1, 4);
insert into P_Topic value (88, "He watch cup cake", 0);
insert into Post_Include_P_Edit value (88, 1, 0, "Hu sleep in donut", "20150328150338", 34, 1, 6);
insert into P_Topic value (89, "Ran watch donut", 0);
insert into Post_Include_P_Edit value (89, 1, 0, "She sleep in food", "20150328150338", 36, 1, 1);
insert into P_Topic value (90, "I run with football", 0);
insert into Post_Include_P_Edit value (90, 1, 0, "Aki read computer", "20150328150338", 78, 1, 2);
insert into P_Topic value (91, "He watch computer", 0);
insert into Post_Include_P_Edit value (91, 1, 0, "Ran fight with computer", "20150328150338", 36, 1, 7);
insert into P_Topic value (92, "Aki play football", 0);
insert into Post_Include_P_Edit value (92, 1, 0, "She sleep in computer", "20150328150338", 74, 1, 0);
insert into P_Topic value (93, "I read market", 0);
insert into Post_Include_P_Edit value (93, 1, 0, "I watch library", "20150328150338", 40, 1, 5);
insert into P_Topic value (94, "He run with library", 0);
insert into Post_Include_P_Edit value (94, 1, 0, "He look food", "20150328150338", 46, 1, 7);
insert into P_Topic value (95, "Hu run with library", 0);
insert into Post_Include_P_Edit value (95, 1, 0, "He eat football", "20150328150338", 52, 1, 5);
insert into P_Topic value (96, "You play library", 0);
insert into Post_Include_P_Edit value (96, 1, 0, "It fight with food", "20150328150338", 75, 1, 0);
insert into P_Topic value (97, "He fight with cake", 0);
insert into Post_Include_P_Edit value (97, 1, 0, "I play computer", "20150328150338", 29, 1, 0);
insert into P_Topic value (98, "He eat cup cake", 0);
insert into Post_Include_P_Edit value (98, 1, 0, "Hu eat computer", "20150328150338", 29, 1, 3);
insert into P_Topic value (99, "You play cake", 0);
insert into Post_Include_P_Edit value (99, 1, 0, "I sleep in market", "20150328150338", 87, 1, 7);
insert into P_Topic value (100, "You sleep in cup cake", 0);
insert into Post_Include_P_Edit value (100, 1, 0, "It watch donut", "20150328150338", 25, 1, 1);
insert into P_Topic value (101, "She play donut", 0);
insert into Post_Include_P_Edit value (101, 1, 0, "Hu sleep in computer", "20150328150338", 11, 1, 0);
insert into P_Topic value (102, "Aki watch football", 0);
insert into Post_Include_P_Edit value (102, 1, 0, "I look food", "20150328150338", 33, 1, 4);
insert into P_Topic value (103, "You run with library", 0);
insert into Post_Include_P_Edit value (103, 1, 0, "It eat market", "20150328150338", 59, 1, 1);
insert into P_Topic value (104, "Hu sleep in market", 0);
insert into Post_Include_P_Edit value (104, 1, 0, "You sleep in library", "20150328150338", 49, 1, 1);
insert into P_Topic value (105, "Aki run with market", 0);
insert into Post_Include_P_Edit value (105, 1, 0, "You run with cup cake", "20150328150338", 93, 1, 4);
insert into P_Topic value (106, "Aki play football", 0);
insert into Post_Include_P_Edit value (106, 1, 0, "You play cup cake", "20150328150338", 89, 1, 0);
insert into P_Topic value (107, "She look cup cake", 0);
insert into Post_Include_P_Edit value (107, 1, 0, "I play donut", "20150328150338", 37, 1, 3);
insert into P_Topic value (108, "I sleep in donut", 0);
insert into Post_Include_P_Edit value (108, 1, 0, "Hu read library", "20150328150338", 12, 1, 2);
insert into P_Topic value (109, "Ran sleep in donut", 0);
insert into Post_Include_P_Edit value (109, 1, 0, "She look food", "20150328150338", 80, 1, 4);
insert into P_Topic value (110, "Ran run with donut", 0);
insert into Post_Include_P_Edit value (110, 1, 0, "He look cake", "20150328150338", 80, 1, 7);
insert into P_Topic value (111, "Aki fight with football", 0);
insert into Post_Include_P_Edit value (111, 1, 0, "He run with football", "20150328150338", 55, 1, 5);
insert into P_Topic value (112, "It look food", 0);
insert into Post_Include_P_Edit value (112, 1, 0, "I play market", "20150328150338", 47, 1, 6);
insert into P_Topic value (113, "You read donut", 0);
insert into Post_Include_P_Edit value (113, 1, 0, "It look library", "20150328150338", 4, 1, 7);
insert into P_Topic value (114, "It eat football", 0);
insert into Post_Include_P_Edit value (114, 1, 0, "Hu read library", "20150328150338", 91, 1, 3);
insert into P_Topic value (115, "You look donut", 0);
insert into Post_Include_P_Edit value (115, 1, 0, "It watch food", "20150328150338", 0, 1, 1);
insert into P_Topic value (116, "Ran look library", 0);
insert into Post_Include_P_Edit value (116, 1, 0, "You read donut", "20150328150338", 29, 1, 1);
insert into P_Topic value (117, "You run with football", 0);
insert into Post_Include_P_Edit value (117, 1, 0, "Hu eat cup cake", "20150328150338", 59, 1, 4);
insert into P_Topic value (118, "Hu eat cup cake", 0);
insert into Post_Include_P_Edit value (118, 1, 0, "She eat market", "20150328150338", 6, 1, 7);
insert into P_Topic value (119, "She look cup cake", 0);
insert into Post_Include_P_Edit value (119, 1, 0, "Aki play food", "20150328150338", 77, 1, 7);
insert into P_Topic value (120, "You eat market", 0);
insert into Post_Include_P_Edit value (120, 1, 0, "He eat food", "20150328150338", 68, 1, 4);
insert into P_Topic value (121, "He fight with market", 0);
insert into Post_Include_P_Edit value (121, 1, 0, "You sleep in food", "20150328150338", 10, 1, 3);
insert into P_Topic value (122, "Aki watch cup cake", 0);
insert into Post_Include_P_Edit value (122, 1, 0, "Aki fight with cup cake", "20150328150338", 42, 1, 0);
insert into P_Topic value (123, "It play football", 0);
insert into Post_Include_P_Edit value (123, 1, 0, "Ran run with market", "20150328150338", 38, 1, 0);
insert into P_Topic value (124, "Aki look food", 0);
insert into Post_Include_P_Edit value (124, 1, 0, "She run with food", "20150328150338", 63, 1, 1);
insert into P_Topic value (125, "He run with library", 0);
insert into Post_Include_P_Edit value (125, 1, 0, "Aki run with food", "20150328150338", 40, 1, 6);
insert into P_Topic value (126, "He look library", 0);
insert into Post_Include_P_Edit value (126, 1, 0, "I sleep in cup cake", "20150328150338", 93, 1, 3);
insert into P_Topic value (127, "He run with market", 0);
insert into Post_Include_P_Edit value (127, 1, 0, "You run with computer", "20150328150338", 90, 1, 7);
insert into P_Topic value (128, "Hu fight with cake", 0);
insert into Post_Include_P_Edit value (128, 1, 0, "Ran play football", "20150328150338", 23, 1, 2);
insert into P_Topic value (129, "Ran play donut", 0);
insert into Post_Include_P_Edit value (129, 1, 0, "It play cake", "20150328150338", 94, 1, 2);
insert into P_Topic value (130, "You play food", 0);
insert into Post_Include_P_Edit value (130, 1, 0, "She look donut", "20150328150338", 43, 1, 1);
insert into P_Topic value (131, "Ran play cake", 0);
insert into Post_Include_P_Edit value (131, 1, 0, "It eat market", "20150328150338", 34, 1, 1);

insert into P_Topic value (132, "I look computer", 0);
insert into Post_Include_P_Edit value (132, 2, 0, "She read cake", "20150328150338", 74, 1, 3);
insert into P_Reply value (132, 23);
insert into P_Topic value (133, "It watch football", 0);
insert into Post_Include_P_Edit value (133, 2, 0, "Ran play food", "20150328150338", 93, 1, 0);
insert into P_Reply value (133, 117);
insert into P_Topic value (134, "You fight with donut", 0);
insert into Post_Include_P_Edit value (134, 2, 0, "Ran sleep in library", "20150328150338", 52, 1, 7);
insert into P_Reply value (134, 98);
insert into P_Topic value (135, "Hu run with market", 0);
insert into Post_Include_P_Edit value (135, 2, 0, "Hu sleep in donut", "20150328150338", 16, 1, 0);
insert into P_Reply value (135, 93);
insert into P_Topic value (136, "It eat library", 0);
insert into Post_Include_P_Edit value (136, 2, 0, "Ran look food", "20150328150338", 25, 1, 1);
insert into P_Reply value (136, 61);
insert into P_Topic value (137, "Aki watch cup cake", 0);
insert into Post_Include_P_Edit value (137, 2, 0, "Aki eat computer", "20150328150338", 92, 1, 6);
insert into P_Reply value (137, 0);
insert into P_Topic value (138, "It fight with cup cake", 0);
insert into Post_Include_P_Edit value (138, 2, 0, "Aki watch market", "20150328150338", 69, 1, 7);
insert into P_Reply value (138, 87);
insert into P_Topic value (139, "She fight with computer", 0);
insert into Post_Include_P_Edit value (139, 2, 0, "Hu fight with donut", "20150328150338", 88, 1, 7);
insert into P_Reply value (139, 93);
insert into P_Topic value (140, "He play donut", 0);
insert into Post_Include_P_Edit value (140, 2, 0, "Hu sleep in cup cake", "20150328150338", 69, 1, 0);
insert into P_Reply value (140, 19);
insert into P_Topic value (141, "You eat computer", 0);
insert into Post_Include_P_Edit value (141, 2, 0, "You look food", "20150328150338", 72, 1, 3);
insert into P_Reply value (141, 47);
insert into P_Topic value (142, "You watch cup cake", 0);
insert into Post_Include_P_Edit value (142, 2, 0, "Hu read market", "20150328150338", 58, 1, 6);
insert into P_Reply value (142, 96);
insert into P_Topic value (143, "He eat computer", 0);
insert into Post_Include_P_Edit value (143, 2, 0, "She watch market", "20150328150338", 77, 1, 1);
insert into P_Reply value (143, 12);
insert into P_Topic value (144, "Aki watch cup cake", 0);
insert into Post_Include_P_Edit value (144, 2, 0, "She watch cup cake", "20150328150338", 81, 1, 2);
insert into P_Reply value (144, 38);
insert into P_Topic value (145, "She eat computer", 0);
insert into Post_Include_P_Edit value (145, 2, 0, "It play cup cake", "20150328150338", 78, 1, 6);
insert into P_Reply value (145, 10);
insert into P_Topic value (146, "I eat library", 0);
insert into Post_Include_P_Edit value (146, 2, 0, "Aki read library", "20150328150338", 86, 1, 5);
insert into P_Reply value (146, 74);
insert into P_Topic value (147, "You watch food", 0);
insert into Post_Include_P_Edit value (147, 2, 0, "I fight with library", "20150328150338", 35, 1, 4);
insert into P_Reply value (147, 35);
insert into P_Topic value (148, "It look cup cake", 0);
insert into Post_Include_P_Edit value (148, 2, 0, "Ran eat library", "20150328150338", 62, 1, 4);
insert into P_Reply value (148, 49);
insert into P_Topic value (149, "Hu eat football", 0);
insert into Post_Include_P_Edit value (149, 2, 0, "He run with cup cake", "20150328150338", 38, 1, 6);
insert into P_Reply value (149, 117);
insert into P_Topic value (150, "He fight with market", 0);
insert into Post_Include_P_Edit value (150, 2, 0, "You look computer", "20150328150338", 35, 1, 4);
insert into P_Reply value (150, 60);
insert into P_Topic value (151, "It watch library", 0);
insert into Post_Include_P_Edit value (151, 2, 0, "Ran watch market", "20150328150338", 83, 1, 1);
insert into P_Reply value (151, 118);
insert into P_Topic value (152, "Ran play donut", 0);
insert into Post_Include_P_Edit value (152, 2, 0, "She watch cup cake", "20150328150338", 63, 1, 6);
insert into P_Reply value (152, 78);
insert into P_Topic value (153, "Aki watch market", 0);
insert into Post_Include_P_Edit value (153, 2, 0, "Hu eat donut", "20150328150338", 79, 1, 3);
insert into P_Reply value (153, 99);
insert into P_Topic value (154, "Hu look cake", 0);
insert into Post_Include_P_Edit value (154, 2, 0, "It run with food", "20150328150338", 70, 1, 5);
insert into P_Reply value (154, 10);
insert into P_Topic value (155, "Hu fight with cup cake", 0);
insert into Post_Include_P_Edit value (155, 2, 0, "It watch donut", "20150328150338", 31, 1, 6);
insert into P_Reply value (155, 22);
insert into P_Topic value (156, "I watch donut", 0);
insert into Post_Include_P_Edit value (156, 2, 0, "Aki run with donut", "20150328150338", 1, 1, 5);
insert into P_Reply value (156, 115);
insert into P_Topic value (157, "She fight with food", 0);
insert into Post_Include_P_Edit value (157, 2, 0, "She eat donut", "20150328150338", 46, 1, 2);
insert into P_Reply value (157, 94);
insert into P_Topic value (158, "He watch library", 0);
insert into Post_Include_P_Edit value (158, 2, 0, "Aki play cup cake", "20150328150338", 63, 1, 7);
insert into P_Reply value (158, 80);
insert into P_Topic value (159, "He eat cup cake", 0);
insert into Post_Include_P_Edit value (159, 2, 0, "Hu look library", "20150328150338", 58, 1, 5);
insert into P_Reply value (159, 54);
insert into P_Topic value (160, "Ran fight with cake", 0);
insert into Post_Include_P_Edit value (160, 2, 0, "It look donut", "20150328150338", 95, 1, 5);
insert into P_Reply value (160, 13);
insert into P_Topic value (161, "You run with cake", 0);
insert into Post_Include_P_Edit value (161, 2, 0, "It sleep in donut", "20150328150338", 29, 1, 5);
insert into P_Reply value (161, 17);
insert into P_Topic value (162, "He sleep in market", 0);
insert into Post_Include_P_Edit value (162, 2, 0, "I run with donut", "20150328150338", 25, 1, 6);
insert into P_Reply value (162, 33);
insert into P_Topic value (163, "I eat food", 0);
insert into Post_Include_P_Edit value (163, 2, 0, "It fight with food", "20150328150338", 48, 1, 4);
insert into P_Reply value (163, 15);
insert into P_Topic value (164, "You fight with football", 0);
insert into Post_Include_P_Edit value (164, 2, 0, "He sleep in cup cake", "20150328150338", 24, 1, 0);
insert into P_Reply value (164, 22);
insert into P_Topic value (165, "I watch football", 0);
insert into Post_Include_P_Edit value (165, 2, 0, "Aki look cup cake", "20150328150338", 62, 1, 5);
insert into P_Reply value (165, 28);
insert into P_Topic value (166, "Ran eat market", 0);
insert into Post_Include_P_Edit value (166, 2, 0, "Hu read cup cake", "20150328150338", 22, 1, 0);
insert into P_Reply value (166, 86);
insert into P_Topic value (167, "It read football", 0);
insert into Post_Include_P_Edit value (167, 2, 0, "I read football", "20150328150338", 70, 1, 2);
insert into P_Reply value (167, 116);
insert into P_Topic value (168, "He eat market", 0);
insert into Post_Include_P_Edit value (168, 2, 0, "It sleep in market", "20150328150338", 5, 1, 7);
insert into P_Reply value (168, 129);
insert into P_Topic value (169, "Hu eat donut", 0);
insert into Post_Include_P_Edit value (169, 2, 0, "Hu fight with computer", "20150328150338", 43, 1, 3);
insert into P_Reply value (169, 95);
insert into P_Topic value (170, "Hu read food", 0);
insert into Post_Include_P_Edit value (170, 2, 0, "You eat computer", "20150328150338", 50, 1, 1);
insert into P_Reply value (170, 8);
insert into P_Topic value (171, "Ran read football", 0);
insert into Post_Include_P_Edit value (171, 2, 0, "Hu play donut", "20150328150338", 92, 1, 7);
insert into P_Reply value (171, 75);
insert into P_Topic value (172, "She eat football", 0);
insert into Post_Include_P_Edit value (172, 2, 0, "He play library", "20150328150338", 31, 1, 4);
insert into P_Reply value (172, 21);
insert into P_Topic value (173, "I fight with football", 0);
insert into Post_Include_P_Edit value (173, 2, 0, "He play cup cake", "20150328150338", 52, 1, 7);
insert into P_Reply value (173, 6);
insert into P_Topic value (174, "He sleep in donut", 0);
insert into Post_Include_P_Edit value (174, 2, 0, "You read donut", "20150328150338", 49, 1, 2);
insert into P_Reply value (174, 77);
insert into P_Topic value (175, "Ran fight with market", 0);
insert into Post_Include_P_Edit value (175, 2, 0, "It eat cake", "20150328150338", 53, 1, 5);
insert into P_Reply value (175, 95);
insert into P_Topic value (176, "He fight with market", 0);
insert into Post_Include_P_Edit value (176, 2, 0, "It play computer", "20150328150338", 76, 1, 3);
insert into P_Reply value (176, 87);
insert into P_Topic value (177, "It read football", 0);
insert into Post_Include_P_Edit value (177, 2, 0, "Ran run with cup cake", "20150328150338", 43, 1, 3);
insert into P_Reply value (177, 128);
insert into P_Topic value (178, "Aki look football", 0);
insert into Post_Include_P_Edit value (178, 2, 0, "Ran read computer", "20150328150338", 41, 1, 5);
insert into P_Reply value (178, 60);
insert into P_Topic value (179, "Ran read football", 0);
insert into Post_Include_P_Edit value (179, 2, 0, "He run with market", "20150328150338", 59, 1, 7);
insert into P_Reply value (179, 117);
insert into P_Topic value (180, "It look donut", 0);
insert into Post_Include_P_Edit value (180, 2, 0, "Ran fight with cake", "20150328150338", 13, 1, 4);
insert into P_Reply value (180, 77);
insert into P_Topic value (181, "Ran fight with football", 0);
insert into Post_Include_P_Edit value (181, 2, 0, "Aki look food", "20150328150338", 33, 1, 7);
insert into P_Reply value (181, 31);
insert into P_Topic value (182, "It run with food", 0);
insert into Post_Include_P_Edit value (182, 2, 0, "Aki sleep in food", "20150328150338", 35, 1, 0);
insert into P_Reply value (182, 37);
insert into P_Topic value (183, "I fight with computer", 0);
insert into Post_Include_P_Edit value (183, 2, 0, "I play cup cake", "20150328150338", 1, 1, 0);
insert into P_Reply value (183, 2);
insert into P_Topic value (184, "It look food", 0);
insert into Post_Include_P_Edit value (184, 2, 0, "You eat computer", "20150328150338", 0, 1, 5);
insert into P_Reply value (184, 20);
insert into P_Topic value (185, "He sleep in football", 0);
insert into Post_Include_P_Edit value (185, 2, 0, "Ran sleep in cake", "20150328150338", 63, 1, 2);
insert into P_Reply value (185, 16);
insert into P_Topic value (186, "Aki play computer", 0);
insert into Post_Include_P_Edit value (186, 2, 0, "Aki sleep in market", "20150328150338", 81, 1, 1);
insert into P_Reply value (186, 116);
insert into P_Topic value (187, "She run with food", 0);
insert into Post_Include_P_Edit value (187, 2, 0, "He run with market", "20150328150338", 1, 1, 4);
insert into P_Reply value (187, 88);
insert into P_Topic value (188, "Aki watch cake", 0);
insert into Post_Include_P_Edit value (188, 2, 0, "She look cup cake", "20150328150338", 8, 1, 1);
insert into P_Reply value (188, 130);
insert into P_Topic value (189, "You fight with cup cake", 0);
insert into Post_Include_P_Edit value (189, 2, 0, "Aki run with food", "20150328150338", 45, 1, 1);
insert into P_Reply value (189, 99);
insert into P_Topic value (190, "It play market", 0);
insert into Post_Include_P_Edit value (190, 2, 0, "Aki sleep in library", "20150328150338", 36, 1, 1);
insert into P_Reply value (190, 97);
insert into P_Topic value (191, "Hu read football", 0);
insert into Post_Include_P_Edit value (191, 2, 0, "She read library", "20150328150338", 20, 1, 2);
insert into P_Reply value (191, 116);
insert into P_Topic value (192, "He read market", 0);
insert into Post_Include_P_Edit value (192, 2, 0, "I sleep in computer", "20150328150338", 29, 1, 1);
insert into P_Reply value (192, 111);
insert into P_Topic value (193, "You eat food", 0);
insert into Post_Include_P_Edit value (193, 2, 0, "She read food", "20150328150338", 86, 1, 0);
insert into P_Reply value (193, 123);
insert into P_Topic value (194, "It look library", 0);
insert into Post_Include_P_Edit value (194, 2, 0, "She read market", "20150328150338", 61, 1, 6);
insert into P_Reply value (194, 37);
insert into P_Topic value (195, "Aki run with football", 0);
insert into Post_Include_P_Edit value (195, 2, 0, "I read food", "20150328150338", 45, 1, 6);
insert into P_Reply value (195, 67);
insert into P_Topic value (196, "You sleep in computer", 0);
insert into Post_Include_P_Edit value (196, 2, 0, "He look library", "20150328150338", 31, 1, 0);
insert into P_Reply value (196, 89);
insert into P_Topic value (197, "Ran look football", 0);
insert into Post_Include_P_Edit value (197, 2, 0, "She read cake", "20150328150338", 87, 1, 7);
insert into P_Reply value (197, 118);
insert into P_Topic value (198, "He play cake", 0);
insert into Post_Include_P_Edit value (198, 2, 0, "Ran sleep in football", "20150328150338", 17, 1, 0);
insert into P_Reply value (198, 37);
insert into P_Topic value (199, "Ran sleep in donut", 0);
insert into Post_Include_P_Edit value (199, 2, 0, "She play cake", "20150328150338", 36, 1, 7);
insert into P_Reply value (199, 94);
insert into P_Topic value (200, "He eat cup cake", 0);
insert into Post_Include_P_Edit value (200, 2, 0, "He play cup cake", "20150328150338", 65, 1, 5);
insert into P_Reply value (200, 90);
insert into P_Topic value (201, "Aki sleep in cake", 0);
insert into Post_Include_P_Edit value (201, 2, 0, "Aki fight with food", "20150328150338", 30, 1, 4);
insert into P_Reply value (201, 72);
insert into P_Topic value (202, "I sleep in donut", 0);
insert into Post_Include_P_Edit value (202, 2, 0, "Ran fight with cake", "20150328150338", 16, 1, 3);
insert into P_Reply value (202, 66);
insert into P_Topic value (203, "I look market", 0);
insert into Post_Include_P_Edit value (203, 2, 0, "Ran sleep in library", "20150328150338", 54, 1, 6);
insert into P_Reply value (203, 6);
insert into P_Topic value (204, "Aki play library", 0);
insert into Post_Include_P_Edit value (204, 2, 0, "Aki watch food", "20150328150338", 24, 1, 3);
insert into P_Reply value (204, 37);
insert into P_Topic value (205, "She run with cake", 0);
insert into Post_Include_P_Edit value (205, 2, 0, "It sleep in computer", "20150328150338", 89, 1, 4);
insert into P_Reply value (205, 12);
insert into P_Topic value (206, "Aki look football", 0);
insert into Post_Include_P_Edit value (206, 2, 0, "She play donut", "20150328150338", 14, 1, 0);
insert into P_Reply value (206, 32);
insert into P_Topic value (207, "Ran sleep in food", 0);
insert into Post_Include_P_Edit value (207, 2, 0, "It read football", "20150328150338", 88, 1, 3);
insert into P_Reply value (207, 25);
insert into P_Topic value (208, "He read library", 0);
insert into Post_Include_P_Edit value (208, 2, 0, "I run with cake", "20150328150338", 40, 1, 0);
insert into P_Reply value (208, 130);
insert into P_Topic value (209, "Aki play cake", 0);
insert into Post_Include_P_Edit value (209, 2, 0, "Hu read cup cake", "20150328150338", 36, 1, 0);
insert into P_Reply value (209, 62);
insert into P_Topic value (210, "You eat donut", 0);
insert into Post_Include_P_Edit value (210, 2, 0, "Ran read library", "20150328150338", 15, 1, 6);
insert into P_Reply value (210, 45);
insert into P_Topic value (211, "He eat cake", 0);
insert into Post_Include_P_Edit value (211, 2, 0, "He look cake", "20150328150338", 78, 1, 3);
insert into P_Reply value (211, 84);
insert into P_Topic value (212, "It play cake", 0);
insert into Post_Include_P_Edit value (212, 2, 0, "Hu run with library", "20150328150338", 41, 1, 2);
insert into P_Reply value (212, 70);
insert into P_Topic value (213, "You fight with food", 0);
insert into Post_Include_P_Edit value (213, 2, 0, "Hu look market", "20150328150338", 43, 1, 5);
insert into P_Reply value (213, 74);
insert into P_Topic value (214, "He read football", 0);
insert into Post_Include_P_Edit value (214, 2, 0, "It run with donut", "20150328150338", 34, 1, 6);
insert into P_Reply value (214, 114);
insert into P_Topic value (215, "I play computer", 0);
insert into Post_Include_P_Edit value (215, 2, 0, "It look market", "20150328150338", 91, 1, 6);
insert into P_Reply value (215, 5);
insert into P_Topic value (216, "Hu watch football", 0);
insert into Post_Include_P_Edit value (216, 2, 0, "Hu look cake", "20150328150338", 14, 1, 6);
insert into P_Reply value (216, 64);
insert into P_Topic value (217, "Hu play market", 0);
insert into Post_Include_P_Edit value (217, 2, 0, "He watch donut", "20150328150338", 60, 1, 5);
insert into P_Reply value (217, 49);
insert into P_Topic value (218, "I fight with cup cake", 0);
insert into Post_Include_P_Edit value (218, 2, 0, "You watch football", "20150328150338", 7, 1, 0);
insert into P_Reply value (218, 8);
insert into P_Topic value (219, "Aki play computer", 0);
insert into Post_Include_P_Edit value (219, 2, 0, "She read football", "20150328150338", 65, 1, 2);
insert into P_Reply value (219, 13);
insert into P_Topic value (220, "You run with computer", 0);
insert into Post_Include_P_Edit value (220, 2, 0, "He sleep in donut", "20150328150338", 77, 1, 6);
insert into P_Reply value (220, 23);
insert into P_Topic value (221, "She sleep in cup cake", 0);
insert into Post_Include_P_Edit value (221, 2, 0, "I sleep in cup cake", "20150328150338", 21, 1, 6);
insert into P_Reply value (221, 124);
insert into P_Topic value (222, "She read football", 0);
insert into Post_Include_P_Edit value (222, 2, 0, "Ran read donut", "20150328150338", 90, 1, 1);
insert into P_Reply value (222, 4);
insert into P_Topic value (223, "You run with cake", 0);
insert into Post_Include_P_Edit value (223, 2, 0, "I look market", "20150328150338", 7, 1, 1);
insert into P_Reply value (223, 94);
insert into P_Topic value (224, "Hu sleep in library", 0);
insert into Post_Include_P_Edit value (224, 2, 0, "She fight with cake", "20150328150338", 12, 1, 3);
insert into P_Reply value (224, 100);
insert into P_Topic value (225, "He look cup cake", 0);
insert into Post_Include_P_Edit value (225, 2, 0, "He read cake", "20150328150338", 34, 1, 4);
insert into P_Reply value (225, 95);
insert into P_Topic value (226, "He eat market", 0);
insert into Post_Include_P_Edit value (226, 2, 0, "Hu fight with donut", "20150328150338", 39, 1, 2);
insert into P_Reply value (226, 74);
insert into P_Topic value (227, "Hu look market", 0);
insert into Post_Include_P_Edit value (227, 2, 0, "Hu fight with library", "20150328150338", 24, 1, 6);
insert into P_Reply value (227, 18);
insert into P_Topic value (228, "I eat market", 0);
insert into Post_Include_P_Edit value (228, 2, 0, "You fight with donut", "20150328150338", 49, 1, 3);
insert into P_Reply value (228, 1);
insert into P_Topic value (229, "Aki look market", 0);
insert into Post_Include_P_Edit value (229, 2, 0, "She eat market", "20150328150338", 16, 1, 1);
insert into P_Reply value (229, 108);
insert into P_Topic value (230, "You play library", 0);
insert into Post_Include_P_Edit value (230, 2, 0, "It watch computer", "20150328150338", 33, 1, 7);
insert into P_Reply value (230, 54);
insert into P_Topic value (231, "You watch food", 0);
insert into Post_Include_P_Edit value (231, 2, 0, "You eat football", "20150328150338", 95, 1, 5);
insert into P_Reply value (231, 21);
insert into P_Topic value (232, "I look cake", 0);
insert into Post_Include_P_Edit value (232, 2, 0, "Aki play library", "20150328150338", 45, 1, 3);
insert into P_Reply value (232, 127);
insert into P_Topic value (233, "He eat food", 0);
insert into Post_Include_P_Edit value (233, 2, 0, "He run with computer", "20150328150338", 2, 1, 4);
insert into P_Reply value (233, 64);
insert into P_Topic value (234, "Aki run with cake", 0);
insert into Post_Include_P_Edit value (234, 2, 0, "You look cake", "20150328150338", 14, 1, 0);
insert into P_Reply value (234, 89);
insert into P_Topic value (235, "Aki play cake", 0);
insert into Post_Include_P_Edit value (235, 2, 0, "He eat football", "20150328150338", 16, 1, 3);
insert into P_Reply value (235, 9);
insert into P_Topic value (236, "She fight with computer", 0);
insert into Post_Include_P_Edit value (236, 2, 0, "Ran fight with computer", "20150328150338", 49, 1, 1);
insert into P_Reply value (236, 38);
insert into P_Topic value (237, "Hu read football", 0);
insert into Post_Include_P_Edit value (237, 2, 0, "He watch cup cake", "20150328150338", 23, 1, 1);
insert into P_Reply value (237, 13);
insert into P_Topic value (238, "Ran watch football", 0);
insert into Post_Include_P_Edit value (238, 2, 0, "Ran watch library", "20150328150338", 79, 1, 1);
insert into P_Reply value (238, 103);
insert into P_Topic value (239, "I sleep in computer", 0);
insert into Post_Include_P_Edit value (239, 2, 0, "It eat computer", "20150328150338", 10, 1, 5);
insert into P_Reply value (239, 18);
insert into P_Topic value (240, "I run with food", 0);
insert into Post_Include_P_Edit value (240, 2, 0, "It watch food", "20150328150338", 24, 1, 7);
insert into P_Reply value (240, 90);
insert into P_Topic value (241, "Aki run with cake", 0);
insert into Post_Include_P_Edit value (241, 2, 0, "It watch library", "20150328150338", 62, 1, 6);
insert into P_Reply value (241, 87);
insert into P_Topic value (242, "I eat donut", 0);
insert into Post_Include_P_Edit value (242, 2, 0, "Aki play food", "20150328150338", 7, 1, 4);
insert into P_Reply value (242, 92);
insert into P_Topic value (243, "Hu run with cup cake", 0);
insert into Post_Include_P_Edit value (243, 2, 0, "I fight with cup cake", "20150328150338", 11, 1, 7);
insert into P_Reply value (243, 73);
insert into P_Topic value (244, "Ran read football", 0);
insert into Post_Include_P_Edit value (244, 2, 0, "Aki play library", "20150328150338", 15, 1, 2);
insert into P_Reply value (244, 111);
insert into P_Topic value (245, "You fight with cup cake", 0);
insert into Post_Include_P_Edit value (245, 2, 0, "She eat donut", "20150328150338", 53, 1, 2);
insert into P_Reply value (245, 18);
insert into P_Topic value (246, "He read computer", 0);
insert into Post_Include_P_Edit value (246, 2, 0, "Hu look market", "20150328150338", 26, 1, 4);
insert into P_Reply value (246, 59);
insert into P_Topic value (247, "It play market", 0);
insert into Post_Include_P_Edit value (247, 2, 0, "It read computer", "20150328150338", 41, 1, 4);
insert into P_Reply value (247, 64);
insert into P_Topic value (248, "She sleep in computer", 0);
insert into Post_Include_P_Edit value (248, 2, 0, "Hu read library", "20150328150338", 49, 1, 4);
insert into P_Reply value (248, 44);
insert into P_Topic value (249, "Aki read market", 0);
insert into Post_Include_P_Edit value (249, 2, 0, "I fight with cup cake", "20150328150338", 67, 1, 1);
insert into P_Reply value (249, 53);
insert into P_Topic value (250, "She eat computer", 0);
insert into Post_Include_P_Edit value (250, 2, 0, "I eat market", "20150328150338", 50, 1, 3);
insert into P_Reply value (250, 104);
insert into P_Topic value (251, "I watch market", 0);
insert into Post_Include_P_Edit value (251, 2, 0, "Hu read football", "20150328150338", 69, 1, 1);
insert into P_Reply value (251, 48);
insert into P_Topic value (252, "She run with library", 0);
insert into Post_Include_P_Edit value (252, 2, 0, "He run with cup cake", "20150328150338", 28, 1, 4);
insert into P_Reply value (252, 7);
insert into P_Topic value (253, "Hu read football", 0);
insert into Post_Include_P_Edit value (253, 2, 0, "He sleep in library", "20150328150338", 62, 1, 2);
insert into P_Reply value (253, 49);
insert into P_Topic value (254, "He watch computer", 0);
insert into Post_Include_P_Edit value (254, 2, 0, "Hu watch market", "20150328150338", 2, 1, 7);
insert into P_Reply value (254, 102);
insert into P_Topic value (255, "It eat food", 0);
insert into Post_Include_P_Edit value (255, 2, 0, "Aki look football", "20150328150338", 66, 1, 6);
insert into P_Reply value (255, 65);
insert into P_Topic value (256, "I sleep in football", 0);
insert into Post_Include_P_Edit value (256, 2, 0, "Aki watch cup cake", "20150328150338", 25, 1, 2);
insert into P_Reply value (256, 124);
insert into P_Topic value (257, "Aki run with donut", 0);
insert into Post_Include_P_Edit value (257, 2, 0, "Hu run with football", "20150328150338", 56, 1, 2);
insert into P_Reply value (257, 93);
insert into P_Topic value (258, "It look cake", 0);
insert into Post_Include_P_Edit value (258, 2, 0, "Aki read library", "20150328150338", 62, 1, 3);
insert into P_Reply value (258, 10);
insert into P_Topic value (259, "You run with football", 0);
insert into Post_Include_P_Edit value (259, 2, 0, "It sleep in football", "20150328150338", 49, 1, 5);
insert into P_Reply value (259, 90);
insert into P_Topic value (260, "Ran fight with cup cake", 0);
insert into Post_Include_P_Edit value (260, 2, 0, "Hu sleep in market", "20150328150338", 88, 1, 2);
insert into P_Reply value (260, 2);
insert into P_Topic value (261, "Ran play football", 0);
insert into Post_Include_P_Edit value (261, 2, 0, "He run with computer", "20150328150338", 31, 1, 1);
insert into P_Reply value (261, 123);
insert into P_Topic value (262, "He eat market", 0);
insert into Post_Include_P_Edit value (262, 2, 0, "I run with market", "20150328150338", 88, 1, 2);
insert into P_Reply value (262, 71);
insert into P_Topic value (263, "Aki sleep in market", 0);
insert into Post_Include_P_Edit value (263, 2, 0, "He read cake", "20150328150338", 49, 1, 6);
insert into P_Reply value (263, 57);
insert into P_Topic value (264, "He eat cake", 0);
insert into Post_Include_P_Edit value (264, 2, 0, "He read donut", "20150328150338", 83, 1, 5);
insert into P_Reply value (264, 4);
insert into P_Topic value (265, "Aki read library", 0);
insert into Post_Include_P_Edit value (265, 2, 0, "I watch market", "20150328150338", 16, 1, 7);
insert into P_Reply value (265, 10);
insert into P_Topic value (266, "I eat cake", 0);
insert into Post_Include_P_Edit value (266, 2, 0, "You eat food", "20150328150338", 73, 1, 5);
insert into P_Reply value (266, 65);
insert into P_Topic value (267, "She read computer", 0);
insert into Post_Include_P_Edit value (267, 2, 0, "I eat market", "20150328150338", 37, 1, 5);
insert into P_Reply value (267, 15);
insert into P_Topic value (268, "I eat food", 0);
insert into Post_Include_P_Edit value (268, 2, 0, "Ran run with market", "20150328150338", 34, 1, 5);
insert into P_Reply value (268, 15);
insert into P_Topic value (269, "She sleep in computer", 0);
insert into Post_Include_P_Edit value (269, 2, 0, "She eat computer", "20150328150338", 35, 1, 4);
insert into P_Reply value (269, 13);
insert into P_Topic value (270, "Aki watch computer", 0);
insert into Post_Include_P_Edit value (270, 2, 0, "You read computer", "20150328150338", 10, 1, 3);
insert into P_Reply value (270, 82);
insert into P_Topic value (271, "You look cake", 0);
insert into Post_Include_P_Edit value (271, 2, 0, "You run with cup cake", "20150328150338", 17, 1, 1);
insert into P_Reply value (271, 105);
insert into P_Topic value (272, "She fight with donut", 0);
insert into Post_Include_P_Edit value (272, 2, 0, "She eat cup cake", "20150328150338", 89, 1, 0);
insert into P_Reply value (272, 120);
insert into P_Topic value (273, "Aki sleep in football", 0);
insert into Post_Include_P_Edit value (273, 2, 0, "You run with cake", "20150328150338", 5, 1, 4);
insert into P_Reply value (273, 39);
insert into P_Topic value (274, "I fight with cup cake", 0);
insert into Post_Include_P_Edit value (274, 2, 0, "I look library", "20150328150338", 21, 1, 3);
insert into P_Reply value (274, 61);
insert into P_Topic value (275, "Aki play computer", 0);
insert into Post_Include_P_Edit value (275, 2, 0, "Ran fight with cup cake", "20150328150338", 9, 1, 1);
insert into P_Reply value (275, 107);
insert into P_Topic value (276, "She watch food", 0);
insert into Post_Include_P_Edit value (276, 2, 0, "Aki read donut", "20150328150338", 84, 1, 7);
insert into P_Reply value (276, 4);
insert into P_Topic value (277, "Ran sleep in computer", 0);
insert into Post_Include_P_Edit value (277, 2, 0, "Ran watch cake", "20150328150338", 69, 1, 4);
insert into P_Reply value (277, 40);
insert into P_Topic value (278, "Ran run with donut", 0);
insert into Post_Include_P_Edit value (278, 2, 0, "She fight with donut", "20150328150338", 24, 1, 1);
insert into P_Reply value (278, 76);
insert into P_Topic value (279, "I sleep in market", 0);
insert into Post_Include_P_Edit value (279, 2, 0, "It look football", "20150328150338", 81, 1, 6);
insert into P_Reply value (279, 28);
insert into P_Topic value (280, "Hu play food", 0);
insert into Post_Include_P_Edit value (280, 2, 0, "You read computer", "20150328150338", 42, 1, 6);
insert into P_Reply value (280, 21);
insert into P_Topic value (281, "Aki fight with computer", 0);
insert into Post_Include_P_Edit value (281, 2, 0, "He look library", "20150328150338", 15, 1, 6);
insert into P_Reply value (281, 72);
insert into P_Topic value (282, "He run with football", 0);
insert into Post_Include_P_Edit value (282, 2, 0, "He watch donut", "20150328150338", 69, 1, 6);
insert into P_Reply value (282, 20);
insert into P_Topic value (283, "She eat cup cake", 0);
insert into Post_Include_P_Edit value (283, 2, 0, "You eat computer", "20150328150338", 29, 1, 7);
insert into P_Reply value (283, 43);
insert into P_Topic value (284, "I play cake", 0);
insert into Post_Include_P_Edit value (284, 2, 0, "He fight with football", "20150328150338", 96, 1, 3);
insert into P_Reply value (284, 93);
insert into P_Topic value (285, "He sleep in library", 0);
insert into Post_Include_P_Edit value (285, 2, 0, "She eat football", "20150328150338", 75, 1, 3);
insert into P_Reply value (285, 49);
insert into P_Topic value (286, "She eat cup cake", 0);
insert into Post_Include_P_Edit value (286, 2, 0, "You fight with library", "20150328150338", 26, 1, 5);
insert into P_Reply value (286, 120);
insert into P_Topic value (287, "She watch food", 0);
insert into Post_Include_P_Edit value (287, 2, 0, "I eat computer", "20150328150338", 93, 1, 6);
insert into P_Reply value (287, 46);
insert into P_Topic value (288, "Ran play cup cake", 0);
insert into Post_Include_P_Edit value (288, 2, 0, "Aki eat cake", "20150328150338", 64, 1, 7);
insert into P_Reply value (288, 69);
insert into P_Topic value (289, "Hu read cup cake", 0);
insert into Post_Include_P_Edit value (289, 2, 0, "It play football", "20150328150338", 33, 1, 1);
insert into P_Reply value (289, 18);
insert into P_Topic value (290, "Hu fight with cake", 0);
insert into Post_Include_P_Edit value (290, 2, 0, "You read library", "20150328150338", 32, 1, 5);
insert into P_Reply value (290, 107);
insert into P_Topic value (291, "I sleep in food", 0);
insert into Post_Include_P_Edit value (291, 2, 0, "Hu look cup cake", "20150328150338", 62, 1, 0);
insert into P_Reply value (291, 2);
insert into P_Topic value (292, "You sleep in library", 0);
insert into Post_Include_P_Edit value (292, 2, 0, "Ran look football", "20150328150338", 25, 1, 3);
insert into P_Reply value (292, 85);
insert into P_Topic value (293, "Ran fight with computer", 0);
insert into Post_Include_P_Edit value (293, 2, 0, "You sleep in football", "20150328150338", 0, 1, 5);
insert into P_Reply value (293, 54);
insert into P_Topic value (294, "Ran read computer", 0);
insert into Post_Include_P_Edit value (294, 2, 0, "Hu watch cup cake", "20150328150338", 19, 1, 6);
insert into P_Reply value (294, 102);
insert into P_Topic value (295, "You eat computer", 0);
insert into Post_Include_P_Edit value (295, 2, 0, "Ran look computer", "20150328150338", 8, 1, 4);
insert into P_Reply value (295, 43);
insert into P_Topic value (296, "It read library", 0);
insert into Post_Include_P_Edit value (296, 2, 0, "Aki eat computer", "20150328150338", 8, 1, 2);
insert into P_Reply value (296, 77);
insert into P_Topic value (297, "Aki watch market", 0);
insert into Post_Include_P_Edit value (297, 2, 0, "Hu eat cake", "20150328150338", 1, 1, 7);
insert into P_Reply value (297, 123);
insert into P_Topic value (298, "Aki run with cake", 0);
insert into Post_Include_P_Edit value (298, 2, 0, "He look cake", "20150328150338", 25, 1, 5);
insert into P_Reply value (298, 86);
insert into P_Topic value (299, "Aki read market", 0);
insert into Post_Include_P_Edit value (299, 2, 0, "He play donut", "20150328150338", 37, 1, 5);
insert into P_Reply value (299, 119);
insert into P_Topic value (300, "Hu run with computer", 0);
insert into Post_Include_P_Edit value (300, 2, 0, "I fight with food", "20150328150338", 68, 1, 7);
insert into P_Reply value (300, 123);
insert into P_Topic value (301, "Hu look computer", 0);
insert into Post_Include_P_Edit value (301, 2, 0, "It watch donut", "20150328150338", 2, 1, 2);
insert into P_Reply value (301, 29);
insert into P_Topic value (302, "He eat cup cake", 0);
insert into Post_Include_P_Edit value (302, 2, 0, "Hu play library", "20150328150338", 91, 1, 5);
insert into P_Reply value (302, 66);
insert into P_Topic value (303, "You sleep in computer", 0);
insert into Post_Include_P_Edit value (303, 2, 0, "You play food", "20150328150338", 9, 1, 4);
insert into P_Reply value (303, 18);
insert into P_Topic value (304, "Hu play food", 0);
insert into Post_Include_P_Edit value (304, 2, 0, "Aki play computer", "20150328150338", 29, 1, 3);
insert into P_Reply value (304, 35);
insert into P_Topic value (305, "Aki read library", 0);
insert into Post_Include_P_Edit value (305, 2, 0, "He watch market", "20150328150338", 70, 1, 1);
insert into P_Reply value (305, 86);
insert into P_Topic value (306, "He watch computer", 0);
insert into Post_Include_P_Edit value (306, 2, 0, "He read football", "20150328150338", 21, 1, 3);
insert into P_Reply value (306, 19);
insert into P_Topic value (307, "Ran play market", 0);
insert into Post_Include_P_Edit value (307, 2, 0, "You eat donut", "20150328150338", 41, 1, 5);
insert into P_Reply value (307, 31);
insert into P_Topic value (308, "Ran sleep in cake", 0);
insert into Post_Include_P_Edit value (308, 2, 0, "Hu read donut", "20150328150338", 4, 1, 3);
insert into P_Reply value (308, 100);
insert into P_Topic value (309, "She sleep in computer", 0);
insert into Post_Include_P_Edit value (309, 2, 0, "I sleep in cake", "20150328150338", 60, 1, 1);
insert into P_Reply value (309, 85);
insert into P_Topic value (310, "He sleep in football", 0);
insert into Post_Include_P_Edit value (310, 2, 0, "He fight with computer", "20150328150338", 22, 1, 2);
insert into P_Reply value (310, 127);
insert into P_Topic value (311, "Aki fight with football", 0);
insert into Post_Include_P_Edit value (311, 2, 0, "It look computer", "20150328150338", 29, 1, 4);
insert into P_Reply value (311, 19);
insert into P_Topic value (312, "It play donut", 0);
insert into Post_Include_P_Edit value (312, 2, 0, "He run with food", "20150328150338", 23, 1, 1);
insert into P_Reply value (312, 14);
insert into P_Topic value (313, "I play cup cake", 0);
insert into Post_Include_P_Edit value (313, 2, 0, "Hu run with market", "20150328150338", 18, 1, 2);
insert into P_Reply value (313, 15);
insert into P_Topic value (314, "I watch donut", 0);
insert into Post_Include_P_Edit value (314, 2, 0, "Ran look donut", "20150328150338", 4, 1, 7);
insert into P_Reply value (314, 24);
insert into P_Topic value (315, "He play cake", 0);
insert into Post_Include_P_Edit value (315, 2, 0, "Aki watch library", "20150328150338", 69, 1, 2);
insert into P_Reply value (315, 67);
insert into P_Topic value (316, "It sleep in computer", 0);
insert into Post_Include_P_Edit value (316, 2, 0, "It play library", "20150328150338", 3, 1, 6);
insert into P_Reply value (316, 16);
insert into P_Topic value (317, "He watch donut", 0);
insert into Post_Include_P_Edit value (317, 2, 0, "I fight with cake", "20150328150338", 42, 1, 1);
insert into P_Reply value (317, 93);
insert into P_Topic value (318, "I look cup cake", 0);
insert into Post_Include_P_Edit value (318, 2, 0, "You watch cup cake", "20150328150338", 77, 1, 4);
insert into P_Reply value (318, 72);
insert into P_Topic value (319, "I play football", 0);
insert into Post_Include_P_Edit value (319, 2, 0, "Hu watch library", "20150328150338", 57, 1, 0);
insert into P_Reply value (319, 124);
insert into P_Topic value (320, "She look market", 0);
insert into Post_Include_P_Edit value (320, 2, 0, "He play football", "20150328150338", 92, 1, 0);
insert into P_Reply value (320, 79);
insert into P_Topic value (321, "You watch computer", 0);
insert into Post_Include_P_Edit value (321, 2, 0, "Aki eat food", "20150328150338", 34, 1, 0);
insert into P_Reply value (321, 1);
insert into P_Topic value (322, "Ran read cup cake", 0);
insert into Post_Include_P_Edit value (322, 2, 0, "You read donut", "20150328150338", 95, 1, 6);
insert into P_Reply value (322, 86);
insert into P_Topic value (323, "He look food", 0);
insert into Post_Include_P_Edit value (323, 2, 0, "Ran read football", "20150328150338", 95, 1, 2);
insert into P_Reply value (323, 96);
insert into P_Topic value (324, "She play library", 0);
insert into Post_Include_P_Edit value (324, 2, 0, "She eat market", "20150328150338", 40, 1, 5);
insert into P_Reply value (324, 28);
insert into P_Topic value (325, "Hu watch football", 0);
insert into Post_Include_P_Edit value (325, 2, 0, "Hu watch donut", "20150328150338", 39, 1, 6);
insert into P_Reply value (325, 67);
insert into P_Topic value (326, "It run with computer", 0);
insert into Post_Include_P_Edit value (326, 2, 0, "He look food", "20150328150338", 26, 1, 0);
insert into P_Reply value (326, 118);
insert into P_Topic value (327, "He eat cup cake", 0);
insert into Post_Include_P_Edit value (327, 2, 0, "You sleep in cup cake", "20150328150338", 38, 1, 7);
insert into P_Reply value (327, 71);
insert into P_Topic value (328, "I read food", 0);
insert into Post_Include_P_Edit value (328, 2, 0, "You watch library", "20150328150338", 6, 1, 7);
insert into P_Reply value (328, 120);
insert into P_Topic value (329, "I eat football", 0);
insert into Post_Include_P_Edit value (329, 2, 0, "He watch football", "20150328150338", 4, 1, 2);
insert into P_Reply value (329, 91);
insert into P_Topic value (330, "She look cake", 0);
insert into Post_Include_P_Edit value (330, 2, 0, "You look market", "20150328150338", 52, 1, 2);
insert into P_Reply value (330, 32);
insert into P_Topic value (331, "It play football", 0);
insert into Post_Include_P_Edit value (331, 2, 0, "I read cake", "20150328150338", 89, 1, 5);
insert into P_Reply value (331, 65);
insert into P_Topic value (332, "Ran read donut", 0);
insert into Post_Include_P_Edit value (332, 2, 0, "I watch market", "20150328150338", 12, 1, 5);
insert into P_Reply value (332, 65);
insert into P_Topic value (333, "He run with football", 0);
insert into Post_Include_P_Edit value (333, 2, 0, "He eat computer", "20150328150338", 21, 1, 0);
insert into P_Reply value (333, 99);
insert into P_Topic value (334, "Ran sleep in library", 0);
insert into Post_Include_P_Edit value (334, 2, 0, "She sleep in football", "20150328150338", 47, 1, 2);
insert into P_Reply value (334, 60);
insert into P_Topic value (335, "Hu watch food", 0);
insert into Post_Include_P_Edit value (335, 2, 0, "I eat food", "20150328150338", 44, 1, 6);
insert into P_Reply value (335, 27);
insert into P_Topic value (336, "I read donut", 0);
insert into Post_Include_P_Edit value (336, 2, 0, "It play donut", "20150328150338", 8, 1, 7);
insert into P_Reply value (336, 59);
insert into P_Topic value (337, "Ran run with market", 0);
insert into Post_Include_P_Edit value (337, 2, 0, "Aki sleep in library", "20150328150338", 18, 1, 7);
insert into P_Reply value (337, 72);
insert into P_Topic value (338, "Hu play cake", 0);
insert into Post_Include_P_Edit value (338, 2, 0, "He eat computer", "20150328150338", 57, 1, 0);
insert into P_Reply value (338, 90);
insert into P_Topic value (339, "You watch donut", 0);
insert into Post_Include_P_Edit value (339, 2, 0, "Ran read cake", "20150328150338", 7, 1, 0);
insert into P_Reply value (339, 40);
insert into P_Topic value (340, "Aki run with football", 0);
insert into Post_Include_P_Edit value (340, 2, 0, "It run with library", "20150328150338", 65, 1, 5);
insert into P_Reply value (340, 89);
insert into P_Topic value (341, "She sleep in donut", 0);
insert into Post_Include_P_Edit value (341, 2, 0, "He look computer", "20150328150338", 36, 1, 3);
insert into P_Reply value (341, 35);
insert into P_Topic value (342, "He read library", 0);
insert into Post_Include_P_Edit value (342, 2, 0, "It sleep in cup cake", "20150328150338", 40, 1, 6);
insert into P_Reply value (342, 131);
insert into P_Topic value (343, "He run with cup cake", 0);
insert into Post_Include_P_Edit value (343, 2, 0, "Aki watch food", "20150328150338", 59, 1, 1);
insert into P_Reply value (343, 54);
insert into P_Topic value (344, "I eat donut", 0);
insert into Post_Include_P_Edit value (344, 2, 0, "He play cake", "20150328150338", 30, 1, 5);
insert into P_Reply value (344, 123);
insert into P_Topic value (345, "Aki look football", 0);
insert into Post_Include_P_Edit value (345, 2, 0, "Aki read computer", "20150328150338", 8, 1, 5);
insert into P_Reply value (345, 60);
insert into P_Topic value (346, "I read library", 0);
insert into Post_Include_P_Edit value (346, 2, 0, "Hu read donut", "20150328150338", 27, 1, 3);
insert into P_Reply value (346, 54);
insert into P_Topic value (347, "It watch football", 0);
insert into Post_Include_P_Edit value (347, 2, 0, "She run with library", "20150328150338", 68, 1, 6);
insert into P_Reply value (347, 60);
insert into P_Topic value (348, "Aki play market", 0);
insert into Post_Include_P_Edit value (348, 2, 0, "She look library", "20150328150338", 70, 1, 1);
insert into P_Reply value (348, 65);
insert into P_Topic value (349, "He sleep in cup cake", 0);
insert into Post_Include_P_Edit value (349, 2, 0, "Ran fight with cup cake", "20150328150338", 56, 1, 5);
insert into P_Reply value (349, 61);
insert into P_Topic value (350, "You sleep in food", 0);
insert into Post_Include_P_Edit value (350, 2, 0, "Hu eat food", "20150328150338", 87, 1, 4);
insert into P_Reply value (350, 11);
insert into P_Topic value (351, "I play market", 0);
insert into Post_Include_P_Edit value (351, 2, 0, "Aki watch donut", "20150328150338", 7, 1, 5);
insert into P_Reply value (351, 98);
insert into P_Topic value (352, "You look donut", 0);
insert into Post_Include_P_Edit value (352, 2, 0, "Ran watch cup cake", "20150328150338", 12, 1, 1);
insert into P_Reply value (352, 51);
insert into P_Topic value (353, "Hu watch computer", 0);
insert into Post_Include_P_Edit value (353, 2, 0, "She sleep in donut", "20150328150338", 14, 1, 3);
insert into P_Reply value (353, 50);
insert into P_Topic value (354, "Hu eat cake", 0);
insert into Post_Include_P_Edit value (354, 2, 0, "She look library", "20150328150338", 59, 1, 6);
insert into P_Reply value (354, 43);
insert into P_Topic value (355, "Aki run with computer", 0);
insert into Post_Include_P_Edit value (355, 2, 0, "Ran play cup cake", "20150328150338", 88, 1, 0);
insert into P_Reply value (355, 44);
insert into P_Topic value (356, "Aki eat cup cake", 0);
insert into Post_Include_P_Edit value (356, 2, 0, "I look cup cake", "20150328150338", 7, 1, 0);
insert into P_Reply value (356, 55);
insert into P_Topic value (357, "She play food", 0);
insert into Post_Include_P_Edit value (357, 2, 0, "I play cup cake", "20150328150338", 84, 1, 1);
insert into P_Reply value (357, 128);
insert into P_Topic value (358, "I sleep in football", 0);
insert into Post_Include_P_Edit value (358, 2, 0, "She eat donut", "20150328150338", 79, 1, 1);
insert into P_Reply value (358, 61);
insert into P_Topic value (359, "Ran play food", 0);
insert into Post_Include_P_Edit value (359, 2, 0, "I eat donut", "20150328150338", 66, 1, 2);
insert into P_Reply value (359, 116);
insert into P_Topic value (360, "I eat computer", 0);
insert into Post_Include_P_Edit value (360, 2, 0, "Ran eat cake", "20150328150338", 12, 1, 2);
insert into P_Reply value (360, 94);
insert into P_Topic value (361, "Aki fight with food", 0);
insert into Post_Include_P_Edit value (361, 2, 0, "Ran run with football", "20150328150338", 72, 1, 1);
insert into P_Reply value (361, 58);
insert into P_Topic value (362, "She read football", 0);
insert into Post_Include_P_Edit value (362, 2, 0, "He eat market", "20150328150338", 83, 1, 2);
insert into P_Reply value (362, 59);
insert into P_Topic value (363, "I play donut", 0);
insert into Post_Include_P_Edit value (363, 2, 0, "She run with computer", "20150328150338", 14, 1, 3);
insert into P_Reply value (363, 32);
insert into P_Topic value (364, "He play food", 0);
insert into Post_Include_P_Edit value (364, 2, 0, "I read computer", "20150328150338", 37, 1, 0);
insert into P_Reply value (364, 79);
insert into P_Topic value (365, "Aki sleep in market", 0);
insert into Post_Include_P_Edit value (365, 2, 0, "You watch cup cake", "20150328150338", 60, 1, 7);
insert into P_Reply value (365, 81);
insert into P_Topic value (366, "She play football", 0);
insert into Post_Include_P_Edit value (366, 2, 0, "Aki watch computer", "20150328150338", 46, 1, 3);
insert into P_Reply value (366, 110);
insert into P_Topic value (367, "Ran run with computer", 0);
insert into Post_Include_P_Edit value (367, 2, 0, "I watch market", "20150328150338", 1, 1, 0);
insert into P_Reply value (367, 22);
insert into P_Topic value (368, "It look computer", 0);
insert into Post_Include_P_Edit value (368, 2, 0, "Hu look cup cake", "20150328150338", 74, 1, 2);
insert into P_Reply value (368, 74);
insert into P_Topic value (369, "She read market", 0);
insert into Post_Include_P_Edit value (369, 2, 0, "Ran sleep in donut", "20150328150338", 31, 1, 5);
insert into P_Reply value (369, 114);
insert into P_Topic value (370, "You sleep in computer", 0);
insert into Post_Include_P_Edit value (370, 2, 0, "I eat football", "20150328150338", 58, 1, 4);
insert into P_Reply value (370, 107);
insert into P_Topic value (371, "Hu play food", 0);
insert into Post_Include_P_Edit value (371, 2, 0, "You sleep in cake", "20150328150338", 77, 1, 5);
insert into P_Reply value (371, 31);
insert into P_Topic value (372, "I read food", 0);
insert into Post_Include_P_Edit value (372, 2, 0, "He eat computer", "20150328150338", 59, 1, 2);
insert into P_Reply value (372, 6);
insert into P_Topic value (373, "You play donut", 0);
insert into Post_Include_P_Edit value (373, 2, 0, "It look cake", "20150328150338", 1, 1, 5);
insert into P_Reply value (373, 7);
insert into P_Topic value (374, "Ran eat donut", 0);
insert into Post_Include_P_Edit value (374, 2, 0, "He run with food", "20150328150338", 22, 1, 6);
insert into P_Reply value (374, 111);
insert into P_Topic value (375, "Ran watch football", 0);
insert into Post_Include_P_Edit value (375, 2, 0, "I look football", "20150328150338", 18, 1, 5);
insert into P_Reply value (375, 122);
insert into P_Topic value (376, "She play library", 0);
insert into Post_Include_P_Edit value (376, 2, 0, "It sleep in cake", "20150328150338", 64, 1, 7);
insert into P_Reply value (376, 63);
insert into P_Topic value (377, "You eat food", 0);
insert into Post_Include_P_Edit value (377, 2, 0, "Aki watch food", "20150328150338", 32, 1, 1);
insert into P_Reply value (377, 61);
insert into P_Topic value (378, "Ran fight with football", 0);
insert into Post_Include_P_Edit value (378, 2, 0, "I eat cup cake", "20150328150338", 95, 1, 0);
insert into P_Reply value (378, 6);
insert into P_Topic value (379, "Hu look cup cake", 0);
insert into Post_Include_P_Edit value (379, 2, 0, "I run with donut", "20150328150338", 40, 1, 6);
insert into P_Reply value (379, 37);
insert into P_Topic value (380, "I run with cake", 0);
insert into Post_Include_P_Edit value (380, 2, 0, "I look football", "20150328150338", 71, 1, 2);
insert into P_Reply value (380, 51);
insert into P_Topic value (381, "You eat library", 0);
insert into Post_Include_P_Edit value (381, 2, 0, "Hu read football", "20150328150338", 78, 1, 1);
insert into P_Reply value (381, 61);
insert into P_Topic value (382, "He eat food", 0);
insert into Post_Include_P_Edit value (382, 2, 0, "He read cup cake", "20150328150338", 51, 1, 2);
insert into P_Reply value (382, 131);
insert into P_Topic value (383, "She look market", 0);
insert into Post_Include_P_Edit value (383, 2, 0, "Hu run with food", "20150328150338", 27, 1, 6);
insert into P_Reply value (383, 53);
insert into P_Topic value (384, "You fight with market", 0);
insert into Post_Include_P_Edit value (384, 2, 0, "He look food", "20150328150338", 22, 1, 4);
insert into P_Reply value (384, 25);
insert into P_Topic value (385, "He sleep in cake", 0);
insert into Post_Include_P_Edit value (385, 2, 0, "Hu play computer", "20150328150338", 68, 1, 3);
insert into P_Reply value (385, 70);
insert into P_Topic value (386, "She sleep in donut", 0);
insert into Post_Include_P_Edit value (386, 2, 0, "You eat cake", "20150328150338", 59, 1, 6);
insert into P_Reply value (386, 7);
insert into P_Topic value (387, "You play library", 0);
insert into Post_Include_P_Edit value (387, 2, 0, "He look food", "20150328150338", 69, 1, 2);
insert into P_Reply value (387, 100);
insert into P_Topic value (388, "He eat computer", 0);
insert into Post_Include_P_Edit value (388, 2, 0, "Ran run with cup cake", "20150328150338", 11, 1, 5);
insert into P_Reply value (388, 41);
insert into P_Topic value (389, "I sleep in cup cake", 0);
insert into Post_Include_P_Edit value (389, 2, 0, "Aki run with library", "20150328150338", 53, 1, 3);
insert into P_Reply value (389, 90);
insert into P_Topic value (390, "You watch library", 0);
insert into Post_Include_P_Edit value (390, 2, 0, "She read football", "20150328150338", 74, 1, 0);
insert into P_Reply value (390, 108);
insert into P_Topic value (391, "He read library", 0);
insert into Post_Include_P_Edit value (391, 2, 0, "You run with food", "20150328150338", 34, 1, 2);
insert into P_Reply value (391, 36);
insert into P_Topic value (392, "It sleep in market", 0);
insert into Post_Include_P_Edit value (392, 2, 0, "He run with cake", "20150328150338", 48, 1, 4);
insert into P_Reply value (392, 74);
insert into P_Topic value (393, "I eat football", 0);
insert into Post_Include_P_Edit value (393, 2, 0, "Aki sleep in football", "20150328150338", 5, 1, 5);
insert into P_Reply value (393, 100);
insert into P_Topic value (394, "It play computer", 0);
insert into Post_Include_P_Edit value (394, 2, 0, "You sleep in cake", "20150328150338", 26, 1, 3);
insert into P_Reply value (394, 49);
insert into P_Topic value (395, "It play food", 0);
insert into Post_Include_P_Edit value (395, 2, 0, "It look cake", "20150328150338", 69, 1, 7);
insert into P_Reply value (395, 46);
insert into P_Topic value (396, "I play market", 0);
insert into Post_Include_P_Edit value (396, 2, 0, "Aki run with computer", "20150328150338", 78, 1, 3);
insert into P_Reply value (396, 117);
insert into P_Topic value (397, "I eat food", 0);
insert into Post_Include_P_Edit value (397, 2, 0, "He run with market", "20150328150338", 76, 1, 7);
insert into P_Reply value (397, 38);
insert into P_Topic value (398, "Hu play library", 0);
insert into Post_Include_P_Edit value (398, 2, 0, "Hu watch market", "20150328150338", 39, 1, 1);
insert into P_Reply value (398, 123);
insert into P_Topic value (399, "He look food", 0);
insert into Post_Include_P_Edit value (399, 2, 0, "Ran sleep in cup cake", "20150328150338", 90, 1, 1);
insert into P_Reply value (399, 104);
insert into P_Topic value (400, "You play market", 0);
insert into Post_Include_P_Edit value (400, 2, 0, "She watch donut", "20150328150338", 21, 1, 2);
insert into P_Reply value (400, 54);
insert into P_Topic value (401, "I look cup cake", 0);
insert into Post_Include_P_Edit value (401, 2, 0, "Hu watch food", "20150328150338", 51, 1, 3);
insert into P_Reply value (401, 0);
insert into P_Topic value (402, "You run with football", 0);
insert into Post_Include_P_Edit value (402, 2, 0, "Aki watch market", "20150328150338", 10, 1, 4);
insert into P_Reply value (402, 2);
insert into P_Topic value (403, "He eat computer", 0);
insert into Post_Include_P_Edit value (403, 2, 0, "Aki run with library", "20150328150338", 94, 1, 6);
insert into P_Reply value (403, 78);
insert into P_Topic value (404, "It read library", 0);
insert into Post_Include_P_Edit value (404, 2, 0, "I eat cake", "20150328150338", 16, 1, 3);
insert into P_Reply value (404, 52);
insert into P_Topic value (405, "I watch cake", 0);
insert into Post_Include_P_Edit value (405, 2, 0, "I watch donut", "20150328150338", 22, 1, 5);
insert into P_Reply value (405, 68);
insert into P_Topic value (406, "Ran fight with computer", 0);
insert into Post_Include_P_Edit value (406, 2, 0, "She watch market", "20150328150338", 70, 1, 5);
insert into P_Reply value (406, 112);
insert into P_Topic value (407, "It sleep in computer", 0);
insert into Post_Include_P_Edit value (407, 2, 0, "I play cake", "20150328150338", 67, 1, 6);
insert into P_Reply value (407, 11);
insert into P_Topic value (408, "Aki run with library", 0);
insert into Post_Include_P_Edit value (408, 2, 0, "He play food", "20150328150338", 10, 1, 0);
insert into P_Reply value (408, 112);
insert into P_Topic value (409, "Aki run with computer", 0);
insert into Post_Include_P_Edit value (409, 2, 0, "It fight with market", "20150328150338", 48, 1, 1);
insert into P_Reply value (409, 117);
insert into P_Topic value (410, "He run with market", 0);
insert into Post_Include_P_Edit value (410, 2, 0, "Ran read food", "20150328150338", 87, 1, 2);
insert into P_Reply value (410, 80);
insert into P_Topic value (411, "Aki look donut", 0);
insert into Post_Include_P_Edit value (411, 2, 0, "I fight with cake", "20150328150338", 32, 1, 5);
insert into P_Reply value (411, 58);
insert into P_Topic value (412, "Ran sleep in market", 0);
insert into Post_Include_P_Edit value (412, 2, 0, "Aki look library", "20150328150338", 10, 1, 5);
insert into P_Reply value (412, 96);
insert into P_Topic value (413, "I watch food", 0);
insert into Post_Include_P_Edit value (413, 2, 0, "She play cup cake", "20150328150338", 2, 1, 0);
insert into P_Reply value (413, 7);
insert into P_Topic value (414, "You fight with football", 0);
insert into Post_Include_P_Edit value (414, 2, 0, "I play cake", "20150328150338", 93, 1, 5);
insert into P_Reply value (414, 56);
insert into P_Topic value (415, "Ran look football", 0);
insert into Post_Include_P_Edit value (415, 2, 0, "You eat library", "20150328150338", 22, 1, 7);
insert into P_Reply value (415, 120);
insert into P_Topic value (416, "It fight with football", 0);
insert into Post_Include_P_Edit value (416, 2, 0, "You run with cake", "20150328150338", 39, 1, 6);
insert into P_Reply value (416, 116);
insert into P_Topic value (417, "Ran fight with cake", 0);
insert into Post_Include_P_Edit value (417, 2, 0, "I look library", "20150328150338", 40, 1, 7);
insert into P_Reply value (417, 28);
insert into P_Topic value (418, "I sleep in library", 0);
insert into Post_Include_P_Edit value (418, 2, 0, "He fight with cup cake", "20150328150338", 86, 1, 6);
insert into P_Reply value (418, 79);
insert into P_Topic value (419, "He look donut", 0);
insert into Post_Include_P_Edit value (419, 2, 0, "Hu fight with football", "20150328150338", 88, 1, 4);
insert into P_Reply value (419, 42);
insert into P_Topic value (420, "I play cup cake", 0);
insert into Post_Include_P_Edit value (420, 2, 0, "It sleep in library", "20150328150338", 21, 1, 4);
insert into P_Reply value (420, 9);
insert into P_Topic value (421, "I sleep in food", 0);
insert into Post_Include_P_Edit value (421, 2, 0, "Aki fight with library", "20150328150338", 75, 1, 5);
insert into P_Reply value (421, 101);
insert into P_Topic value (422, "He look computer", 0);
insert into Post_Include_P_Edit value (422, 2, 0, "I eat computer", "20150328150338", 95, 1, 1);
insert into P_Reply value (422, 114);
insert into P_Topic value (423, "It sleep in food", 0);
insert into Post_Include_P_Edit value (423, 2, 0, "I fight with cake", "20150328150338", 31, 1, 6);
insert into P_Reply value (423, 30);
insert into P_Topic value (424, "I look food", 0);
insert into Post_Include_P_Edit value (424, 2, 0, "Aki run with cup cake", "20150328150338", 0, 1, 6);
insert into P_Reply value (424, 87);
insert into P_Topic value (425, "Hu look football", 0);
insert into Post_Include_P_Edit value (425, 2, 0, "She eat donut", "20150328150338", 0, 1, 0);
insert into P_Reply value (425, 62);
insert into P_Topic value (426, "I watch football", 0);
insert into Post_Include_P_Edit value (426, 2, 0, "You look computer", "20150328150338", 31, 1, 1);
insert into P_Reply value (426, 95);
insert into P_Topic value (427, "Aki fight with library", 0);
insert into Post_Include_P_Edit value (427, 2, 0, "It look football", "20150328150338", 19, 1, 3);
insert into P_Reply value (427, 106);
insert into P_Topic value (428, "Hu watch food", 0);
insert into Post_Include_P_Edit value (428, 2, 0, "Hu sleep in market", "20150328150338", 6, 1, 3);
insert into P_Reply value (428, 47);
insert into P_Topic value (429, "Aki look library", 0);
insert into Post_Include_P_Edit value (429, 2, 0, "Aki eat food", "20150328150338", 70, 1, 4);
insert into P_Reply value (429, 109);
insert into P_Topic value (430, "Ran look cup cake", 0);
insert into Post_Include_P_Edit value (430, 2, 0, "Hu look cup cake", "20150328150338", 66, 1, 1);
insert into P_Reply value (430, 74);
insert into P_Topic value (431, "I run with computer", 0);
insert into Post_Include_P_Edit value (431, 2, 0, "You sleep in market", "20150328150338", 87, 1, 3);
insert into P_Reply value (431, 124);
insert into P_Topic value (432, "It play football", 0);
insert into Post_Include_P_Edit value (432, 2, 0, "Hu watch donut", "20150328150338", 2, 1, 7);
insert into P_Reply value (432, 61);
insert into P_Topic value (433, "Ran eat cup cake", 0);
insert into Post_Include_P_Edit value (433, 2, 0, "Hu look food", "20150328150338", 61, 1, 7);
insert into P_Reply value (433, 85);
insert into P_Topic value (434, "Hu read computer", 0);
insert into Post_Include_P_Edit value (434, 2, 0, "Ran fight with donut", "20150328150338", 69, 1, 0);
insert into P_Reply value (434, 47);
insert into P_Topic value (435, "Aki sleep in computer", 0);
insert into Post_Include_P_Edit value (435, 2, 0, "You sleep in donut", "20150328150338", 33, 1, 4);
insert into P_Reply value (435, 35);
insert into P_Topic value (436, "I play donut", 0);
insert into Post_Include_P_Edit value (436, 2, 0, "He sleep in donut", "20150328150338", 68, 1, 0);
insert into P_Reply value (436, 43);
insert into P_Topic value (437, "Hu fight with donut", 0);
insert into Post_Include_P_Edit value (437, 2, 0, "She watch library", "20150328150338", 58, 1, 4);
insert into P_Reply value (437, 67);
insert into P_Topic value (438, "I play donut", 0);
insert into Post_Include_P_Edit value (438, 2, 0, "Aki read library", "20150328150338", 82, 1, 2);
insert into P_Reply value (438, 114);
insert into P_Topic value (439, "He sleep in cake", 0);
insert into Post_Include_P_Edit value (439, 2, 0, "He look donut", "20150328150338", 63, 1, 2);
insert into P_Reply value (439, 102);
insert into P_Topic value (440, "Aki eat library", 0);
insert into Post_Include_P_Edit value (440, 2, 0, "Aki read donut", "20150328150338", 62, 1, 4);
insert into P_Reply value (440, 28);
insert into P_Topic value (441, "Ran look football", 0);
insert into Post_Include_P_Edit value (441, 2, 0, "He run with library", "20150328150338", 21, 1, 1);
insert into P_Reply value (441, 14);
insert into P_Topic value (442, "She watch cup cake", 0);
insert into Post_Include_P_Edit value (442, 2, 0, "Ran read food", "20150328150338", 59, 1, 0);
insert into P_Reply value (442, 103);
insert into P_Topic value (443, "Ran sleep in donut", 0);
insert into Post_Include_P_Edit value (443, 2, 0, "I play library", "20150328150338", 11, 1, 4);
insert into P_Reply value (443, 92);
insert into P_Topic value (444, "You watch cup cake", 0);
insert into Post_Include_P_Edit value (444, 2, 0, "Ran eat library", "20150328150338", 41, 1, 2);
insert into P_Reply value (444, 18);
insert into P_Topic value (445, "She watch market", 0);
insert into Post_Include_P_Edit value (445, 2, 0, "He look cup cake", "20150328150338", 18, 1, 7);
insert into P_Reply value (445, 53);
insert into P_Topic value (446, "She play cup cake", 0);
insert into Post_Include_P_Edit value (446, 2, 0, "He watch donut", "20150328150338", 59, 1, 5);
insert into P_Reply value (446, 33);
insert into P_Topic value (447, "Hu read computer", 0);
insert into Post_Include_P_Edit value (447, 2, 0, "He watch cake", "20150328150338", 2, 1, 2);
insert into P_Reply value (447, 37);
insert into P_Topic value (448, "You look donut", 0);
insert into Post_Include_P_Edit value (448, 2, 0, "You look computer", "20150328150338", 67, 1, 2);
insert into P_Reply value (448, 24);
insert into P_Topic value (449, "Ran look donut", 0);
insert into Post_Include_P_Edit value (449, 2, 0, "He run with cup cake", "20150328150338", 6, 1, 0);
insert into P_Reply value (449, 26);
insert into P_Topic value (450, "Aki fight with donut", 0);
insert into Post_Include_P_Edit value (450, 2, 0, "It read food", "20150328150338", 54, 1, 1);
insert into P_Reply value (450, 64);
insert into P_Topic value (451, "Hu run with cake", 0);
insert into Post_Include_P_Edit value (451, 2, 0, "Ran run with donut", "20150328150338", 46, 1, 0);
insert into P_Reply value (451, 52);
insert into P_Topic value (452, "Hu eat market", 0);
insert into Post_Include_P_Edit value (452, 2, 0, "You sleep in cake", "20150328150338", 82, 1, 5);
insert into P_Reply value (452, 85);
insert into P_Topic value (453, "You look football", 0);
insert into Post_Include_P_Edit value (453, 2, 0, "Aki sleep in cake", "20150328150338", 33, 1, 5);
insert into P_Reply value (453, 36);
insert into P_Topic value (454, "It look cake", 0);
insert into Post_Include_P_Edit value (454, 2, 0, "You eat cake", "20150328150338", 37, 1, 3);
insert into P_Reply value (454, 83);
insert into P_Topic value (455, "Ran play computer", 0);
insert into Post_Include_P_Edit value (455, 2, 0, "You read market", "20150328150338", 2, 1, 0);
insert into P_Reply value (455, 13);
insert into P_Topic value (456, "You read food", 0);
insert into Post_Include_P_Edit value (456, 2, 0, "Aki look food", "20150328150338", 37, 1, 6);
insert into P_Reply value (456, 105);
insert into P_Topic value (457, "I play donut", 0);
insert into Post_Include_P_Edit value (457, 2, 0, "Hu eat food", "20150328150338", 39, 1, 7);
insert into P_Reply value (457, 41);
insert into P_Topic value (458, "You read food", 0);
insert into Post_Include_P_Edit value (458, 2, 0, "You read football", "20150328150338", 65, 1, 3);
insert into P_Reply value (458, 92);
insert into P_Topic value (459, "It play food", 0);
insert into Post_Include_P_Edit value (459, 2, 0, "I look donut", "20150328150338", 47, 1, 7);
insert into P_Reply value (459, 43);
insert into P_Topic value (460, "Aki eat food", 0);
insert into Post_Include_P_Edit value (460, 2, 0, "She look cup cake", "20150328150338", 53, 1, 5);
insert into P_Reply value (460, 43);
insert into P_Topic value (461, "He watch donut", 0);
insert into Post_Include_P_Edit value (461, 2, 0, "You look market", "20150328150338", 87, 1, 2);
insert into P_Reply value (461, 19);
insert into P_Topic value (462, "It eat library", 0);
insert into Post_Include_P_Edit value (462, 2, 0, "She eat donut", "20150328150338", 35, 1, 2);
insert into P_Reply value (462, 17);
insert into P_Topic value (463, "He look donut", 0);
insert into Post_Include_P_Edit value (463, 2, 0, "I run with donut", "20150328150338", 13, 1, 6);
insert into P_Reply value (463, 121);
insert into P_Topic value (464, "Hu eat football", 0);
insert into Post_Include_P_Edit value (464, 2, 0, "I sleep in cake", "20150328150338", 90, 1, 2);
insert into P_Reply value (464, 38);
insert into P_Topic value (465, "Hu watch cake", 0);
insert into Post_Include_P_Edit value (465, 2, 0, "You play food", "20150328150338", 71, 1, 7);
insert into P_Reply value (465, 19);
insert into P_Topic value (466, "She fight with donut", 0);
insert into Post_Include_P_Edit value (466, 2, 0, "Hu look food", "20150328150338", 27, 1, 3);
insert into P_Reply value (466, 10);
insert into P_Topic value (467, "Ran play food", 0);
insert into Post_Include_P_Edit value (467, 2, 0, "Aki eat cup cake", "20150328150338", 80, 1, 5);
insert into P_Reply value (467, 43);
insert into P_Topic value (468, "She eat library", 0);
insert into Post_Include_P_Edit value (468, 2, 0, "You fight with computer", "20150328150338", 88, 1, 7);
insert into P_Reply value (468, 111);
insert into P_Topic value (469, "I eat donut", 0);
insert into Post_Include_P_Edit value (469, 2, 0, "You run with library", "20150328150338", 64, 1, 0);
insert into P_Reply value (469, 34);
insert into P_Topic value (470, "You read football", 0);
insert into Post_Include_P_Edit value (470, 2, 0, "You look cake", "20150328150338", 83, 1, 0);
insert into P_Reply value (470, 118);
insert into P_Topic value (471, "I watch cup cake", 0);
insert into Post_Include_P_Edit value (471, 2, 0, "Ran watch donut", "20150328150338", 71, 1, 4);
insert into P_Reply value (471, 83);
insert into P_Topic value (472, "I eat computer", 0);
insert into Post_Include_P_Edit value (472, 2, 0, "I fight with donut", "20150328150338", 5, 1, 3);
insert into P_Reply value (472, 88);
insert into P_Topic value (473, "Ran run with market", 0);
insert into Post_Include_P_Edit value (473, 2, 0, "Hu read cup cake", "20150328150338", 87, 1, 5);
insert into P_Reply value (473, 31);
insert into P_Topic value (474, "Ran run with cake", 0);
insert into Post_Include_P_Edit value (474, 2, 0, "He look library", "20150328150338", 95, 1, 3);
insert into P_Reply value (474, 128);
insert into P_Topic value (475, "Ran sleep in market", 0);
insert into Post_Include_P_Edit value (475, 2, 0, "It eat computer", "20150328150338", 95, 1, 7);
insert into P_Reply value (475, 78);
insert into P_Topic value (476, "You read library", 0);
insert into Post_Include_P_Edit value (476, 2, 0, "She read market", "20150328150338", 44, 1, 1);
insert into P_Reply value (476, 107);
insert into P_Topic value (477, "Aki fight with library", 0);
insert into Post_Include_P_Edit value (477, 2, 0, "Aki fight with football", "20150328150338", 91, 1, 5);
insert into P_Reply value (477, 84);
insert into P_Topic value (478, "Aki eat cake", 0);
insert into Post_Include_P_Edit value (478, 2, 0, "You look computer", "20150328150338", 26, 1, 4);
insert into P_Reply value (478, 122);
insert into P_Topic value (479, "He look cup cake", 0);
insert into Post_Include_P_Edit value (479, 2, 0, "I eat football", "20150328150338", 40, 1, 3);
insert into P_Reply value (479, 27);
insert into P_Topic value (480, "It play cake", 0);
insert into Post_Include_P_Edit value (480, 2, 0, "Ran run with donut", "20150328150338", 96, 1, 7);
insert into P_Reply value (480, 26);
insert into P_Topic value (481, "Aki sleep in library", 0);
insert into Post_Include_P_Edit value (481, 2, 0, "He read football", "20150328150338", 84, 1, 1);
insert into P_Reply value (481, 114);
insert into P_Topic value (482, "She read library", 0);
insert into Post_Include_P_Edit value (482, 2, 0, "He fight with cup cake", "20150328150338", 4, 1, 2);
insert into P_Reply value (482, 122);
insert into P_Topic value (483, "She play cup cake", 0);
insert into Post_Include_P_Edit value (483, 2, 0, "Ran play market", "20150328150338", 77, 1, 4);
insert into P_Reply value (483, 90);
insert into P_Topic value (484, "She fight with football", 0);
insert into Post_Include_P_Edit value (484, 2, 0, "She run with donut", "20150328150338", 41, 1, 6);
insert into P_Reply value (484, 99);
insert into P_Topic value (485, "Ran fight with donut", 0);
insert into Post_Include_P_Edit value (485, 2, 0, "It sleep in cup cake", "20150328150338", 76, 1, 0);
insert into P_Reply value (485, 38);
insert into P_Topic value (486, "It run with donut", 0);
insert into Post_Include_P_Edit value (486, 2, 0, "He run with donut", "20150328150338", 29, 1, 2);
insert into P_Reply value (486, 7);
insert into P_Topic value (487, "I read computer", 0);
insert into Post_Include_P_Edit value (487, 2, 0, "Hu sleep in cake", "20150328150338", 35, 1, 1);
insert into P_Reply value (487, 87);
insert into P_Topic value (488, "Aki eat library", 0);
insert into Post_Include_P_Edit value (488, 2, 0, "You play cup cake", "20150328150338", 26, 1, 6);
insert into P_Reply value (488, 104);
insert into P_Topic value (489, "He look donut", 0);
insert into Post_Include_P_Edit value (489, 2, 0, "It play cup cake", "20150328150338", 38, 1, 1);
insert into P_Reply value (489, 129);
insert into P_Topic value (490, "She read football", 0);
insert into Post_Include_P_Edit value (490, 2, 0, "Hu look cup cake", "20150328150338", 82, 1, 3);
insert into P_Reply value (490, 105);
insert into P_Topic value (491, "It sleep in market", 0);
insert into Post_Include_P_Edit value (491, 2, 0, "Hu read computer", "20150328150338", 91, 1, 1);
insert into P_Reply value (491, 3);
insert into P_Topic value (492, "You watch cake", 0);
insert into Post_Include_P_Edit value (492, 2, 0, "Hu fight with cake", "20150328150338", 14, 1, 7);
insert into P_Reply value (492, 3);
insert into P_Topic value (493, "He look computer", 0);
insert into Post_Include_P_Edit value (493, 2, 0, "I watch computer", "20150328150338", 48, 1, 7);
insert into P_Reply value (493, 60);
insert into P_Topic value (494, "Hu look market", 0);
insert into Post_Include_P_Edit value (494, 2, 0, "Hu play library", "20150328150338", 18, 1, 4);
insert into P_Reply value (494, 86);
insert into P_Topic value (495, "Ran look donut", 0);
insert into Post_Include_P_Edit value (495, 2, 0, "Ran eat market", "20150328150338", 39, 1, 5);
insert into P_Reply value (495, 91);
insert into P_Topic value (496, "You run with cup cake", 0);
insert into Post_Include_P_Edit value (496, 2, 0, "He read library", "20150328150338", 17, 1, 0);
insert into P_Reply value (496, 3);
insert into P_Topic value (497, "Ran run with cup cake", 0);
insert into Post_Include_P_Edit value (497, 2, 0, "Ran watch computer", "20150328150338", 87, 1, 0);
insert into P_Reply value (497, 39);
insert into P_Topic value (498, "She sleep in food", 0);
insert into Post_Include_P_Edit value (498, 2, 0, "You read library", "20150328150338", 27, 1, 6);
insert into P_Reply value (498, 106);
insert into P_Topic value (499, "Ran look cup cake", 0);
insert into Post_Include_P_Edit value (499, 2, 0, "It look computer", "20150328150338", 32, 1, 0);
insert into P_Reply value (499, 113);
insert into P_Topic value (500, "She sleep in cake", 0);
insert into Post_Include_P_Edit value (500, 2, 0, "You run with computer", "20150328150338", 56, 1, 0);
insert into P_Reply value (500, 22);
insert into P_Topic value (501, "It play market", 0);
insert into Post_Include_P_Edit value (501, 2, 0, "It run with library", "20150328150338", 64, 1, 0);
insert into P_Reply value (501, 96);
insert into P_Topic value (502, "Hu read computer", 0);
insert into Post_Include_P_Edit value (502, 2, 0, "You watch food", "20150328150338", 77, 1, 7);
insert into P_Reply value (502, 6);
insert into P_Topic value (503, "Aki run with computer", 0);
insert into Post_Include_P_Edit value (503, 2, 0, "Aki eat cake", "20150328150338", 61, 1, 3);
insert into P_Reply value (503, 82);
insert into P_Topic value (504, "Aki play computer", 0);
insert into Post_Include_P_Edit value (504, 2, 0, "Aki fight with market", "20150328150338", 39, 1, 7);
insert into P_Reply value (504, 107);
insert into P_Topic value (505, "It read computer", 0);
insert into Post_Include_P_Edit value (505, 2, 0, "She read cake", "20150328150338", 80, 1, 3);
insert into P_Reply value (505, 43);
insert into P_Topic value (506, "Aki watch food", 0);
insert into Post_Include_P_Edit value (506, 2, 0, "Ran watch donut", "20150328150338", 72, 1, 6);
insert into P_Reply value (506, 6);
insert into P_Topic value (507, "It sleep in library", 0);
insert into Post_Include_P_Edit value (507, 2, 0, "It look donut", "20150328150338", 87, 1, 0);
insert into P_Reply value (507, 81);
insert into P_Topic value (508, "She play market", 0);
insert into Post_Include_P_Edit value (508, 2, 0, "It run with library", "20150328150338", 94, 1, 0);
insert into P_Reply value (508, 19);
insert into P_Topic value (509, "Hu watch football", 0);
insert into Post_Include_P_Edit value (509, 2, 0, "It run with football", "20150328150338", 18, 1, 1);
insert into P_Reply value (509, 116);
insert into P_Topic value (510, "You eat food", 0);
insert into Post_Include_P_Edit value (510, 2, 0, "I watch library", "20150328150338", 65, 1, 5);
insert into P_Reply value (510, 6);
insert into P_Topic value (511, "Hu eat cake", 0);
insert into Post_Include_P_Edit value (511, 2, 0, "Aki fight with donut", "20150328150338", 73, 1, 5);
insert into P_Reply value (511, 114);
insert into P_Topic value (512, "He read football", 0);
insert into Post_Include_P_Edit value (512, 2, 0, "She eat football", "20150328150338", 38, 1, 0);
insert into P_Reply value (512, 59);
insert into P_Topic value (513, "I look donut", 0);
insert into Post_Include_P_Edit value (513, 2, 0, "It read food", "20150328150338", 31, 1, 2);
insert into P_Reply value (513, 60);
insert into P_Topic value (514, "I sleep in computer", 0);
insert into Post_Include_P_Edit value (514, 2, 0, "He eat computer", "20150328150338", 14, 1, 0);
insert into P_Reply value (514, 71);
insert into P_Topic value (515, "Hu watch market", 0);
insert into Post_Include_P_Edit value (515, 2, 0, "Aki eat computer", "20150328150338", 36, 1, 2);
insert into P_Reply value (515, 121);
insert into P_Topic value (516, "You read cup cake", 0);
insert into Post_Include_P_Edit value (516, 2, 0, "Ran read library", "20150328150338", 68, 1, 2);
insert into P_Reply value (516, 81);
insert into P_Topic value (517, "Hu read football", 0);
insert into Post_Include_P_Edit value (517, 2, 0, "Ran read computer", "20150328150338", 21, 1, 4);
insert into P_Reply value (517, 12);
insert into P_Topic value (518, "Hu fight with cake", 0);
insert into Post_Include_P_Edit value (518, 2, 0, "I read cup cake", "20150328150338", 12, 1, 7);
insert into P_Reply value (518, 99);
insert into P_Topic value (519, "It read football", 0);
insert into Post_Include_P_Edit value (519, 2, 0, "She look food", "20150328150338", 23, 1, 7);
insert into P_Reply value (519, 10);
insert into P_Topic value (520, "I look food", 0);
insert into Post_Include_P_Edit value (520, 2, 0, "Hu eat food", "20150328150338", 92, 1, 6);
insert into P_Reply value (520, 90);
insert into P_Topic value (521, "Aki play football", 0);
insert into Post_Include_P_Edit value (521, 2, 0, "Hu read donut", "20150328150338", 63, 1, 2);
insert into P_Reply value (521, 89);
insert into P_Topic value (522, "Hu play football", 0);
insert into Post_Include_P_Edit value (522, 2, 0, "Hu run with market", "20150328150338", 64, 1, 0);
insert into P_Reply value (522, 101);
insert into P_Topic value (523, "I eat computer", 0);
insert into Post_Include_P_Edit value (523, 2, 0, "You watch computer", "20150328150338", 94, 1, 1);
insert into P_Reply value (523, 56);
insert into P_Topic value (524, "Hu read football", 0);
insert into Post_Include_P_Edit value (524, 2, 0, "She read food", "20150328150338", 41, 1, 7);
insert into P_Reply value (524, 76);
insert into P_Topic value (525, "She run with library", 0);
insert into Post_Include_P_Edit value (525, 2, 0, "She fight with football", "20150328150338", 95, 1, 3);
insert into P_Reply value (525, 41);
insert into P_Topic value (526, "He run with football", 0);
insert into Post_Include_P_Edit value (526, 2, 0, "Hu play football", "20150328150338", 63, 1, 7);
insert into P_Reply value (526, 45);
insert into P_Topic value (527, "Aki look cup cake", 0);
insert into Post_Include_P_Edit value (527, 2, 0, "It look cup cake", "20150328150338", 76, 1, 1);
insert into P_Reply value (527, 50);
insert into P_Topic value (528, "I read donut", 0);
insert into Post_Include_P_Edit value (528, 2, 0, "Ran play library", "20150328150338", 57, 1, 6);
insert into P_Reply value (528, 35);
insert into P_Topic value (529, "It fight with football", 0);
insert into Post_Include_P_Edit value (529, 2, 0, "You read donut", "20150328150338", 63, 1, 2);
insert into P_Reply value (529, 129);
insert into P_Topic value (530, "You read cup cake", 0);
insert into Post_Include_P_Edit value (530, 2, 0, "It sleep in cake", "20150328150338", 93, 1, 0);
insert into P_Reply value (530, 13);
insert into P_Topic value (531, "I read football", 0);
insert into Post_Include_P_Edit value (531, 2, 0, "Ran run with football", "20150328150338", 56, 1, 7);
insert into P_Reply value (531, 14);
insert into P_Topic value (532, "You watch cup cake", 0);
insert into Post_Include_P_Edit value (532, 2, 0, "Aki fight with cup cake", "20150328150338", 44, 1, 0);
insert into P_Reply value (532, 65);
insert into P_Topic value (533, "Aki play cake", 0);
insert into Post_Include_P_Edit value (533, 2, 0, "It sleep in computer", "20150328150338", 58, 1, 7);
insert into P_Reply value (533, 63);
insert into P_Topic value (534, "Hu eat cup cake", 0);
insert into Post_Include_P_Edit value (534, 2, 0, "She read library", "20150328150338", 92, 1, 7);
insert into P_Reply value (534, 106);
insert into P_Topic value (535, "He sleep in library", 0);
insert into Post_Include_P_Edit value (535, 2, 0, "It watch cup cake", "20150328150338", 0, 1, 5);
insert into P_Reply value (535, 120);
insert into P_Topic value (536, "It sleep in cake", 0);
insert into Post_Include_P_Edit value (536, 2, 0, "She watch market", "20150328150338", 68, 1, 4);
insert into P_Reply value (536, 8);
insert into P_Topic value (537, "She sleep in market", 0);
insert into Post_Include_P_Edit value (537, 2, 0, "Aki watch donut", "20150328150338", 63, 1, 5);
insert into P_Reply value (537, 68);
insert into P_Topic value (538, "Hu run with food", 0);
insert into Post_Include_P_Edit value (538, 2, 0, "Hu fight with football", "20150328150338", 68, 1, 7);
insert into P_Reply value (538, 72);
insert into P_Topic value (539, "I run with football", 0);
insert into Post_Include_P_Edit value (539, 2, 0, "You look cup cake", "20150328150338", 45, 1, 3);
insert into P_Reply value (539, 90);
insert into P_Topic value (540, "She eat football", 0);
insert into Post_Include_P_Edit value (540, 2, 0, "Hu sleep in library", "20150328150338", 45, 1, 6);
insert into P_Reply value (540, 73);
insert into P_Topic value (541, "You run with market", 0);
insert into Post_Include_P_Edit value (541, 2, 0, "It look market", "20150328150338", 68, 1, 1);
insert into P_Reply value (541, 65);
insert into P_Topic value (542, "Aki run with food", 0);
insert into Post_Include_P_Edit value (542, 2, 0, "He watch food", "20150328150338", 89, 1, 4);
insert into P_Reply value (542, 80);
insert into P_Topic value (543, "He play football", 0);
insert into Post_Include_P_Edit value (543, 2, 0, "It watch market", "20150328150338", 93, 1, 3);
insert into P_Reply value (543, 94);
insert into P_Topic value (544, "She play market", 0);
insert into Post_Include_P_Edit value (544, 2, 0, "I eat food", "20150328150338", 66, 1, 5);
insert into P_Reply value (544, 4);
insert into P_Topic value (545, "Ran fight with donut", 0);
insert into Post_Include_P_Edit value (545, 2, 0, "Aki play cup cake", "20150328150338", 38, 1, 4);
insert into P_Reply value (545, 70);
insert into P_Topic value (546, "It eat cake", 0);
insert into Post_Include_P_Edit value (546, 2, 0, "Aki fight with library", "20150328150338", 46, 1, 7);
insert into P_Reply value (546, 8);
insert into P_Topic value (547, "You read food", 0);
insert into Post_Include_P_Edit value (547, 2, 0, "Ran look market", "20150328150338", 55, 1, 3);
insert into P_Reply value (547, 89);
insert into P_Topic value (548, "I play cake", 0);
insert into Post_Include_P_Edit value (548, 2, 0, "I play computer", "20150328150338", 91, 1, 3);
insert into P_Reply value (548, 84);
insert into P_Topic value (549, "Hu eat food", 0);
insert into Post_Include_P_Edit value (549, 2, 0, "I look food", "20150328150338", 0, 1, 1);
insert into P_Reply value (549, 43);
insert into P_Topic value (550, "Hu fight with market", 0);
insert into Post_Include_P_Edit value (550, 2, 0, "He watch cake", "20150328150338", 74, 1, 0);
insert into P_Reply value (550, 98);
insert into P_Topic value (551, "She eat football", 0);
insert into Post_Include_P_Edit value (551, 2, 0, "I look computer", "20150328150338", 51, 1, 5);
insert into P_Reply value (551, 12);
insert into P_Topic value (552, "She look cup cake", 0);
insert into Post_Include_P_Edit value (552, 2, 0, "Hu play library", "20150328150338", 68, 1, 1);
insert into P_Reply value (552, 54);
insert into P_Topic value (553, "He run with food", 0);
insert into Post_Include_P_Edit value (553, 2, 0, "Aki fight with library", "20150328150338", 3, 1, 5);
insert into P_Reply value (553, 74);
insert into P_Topic value (554, "Ran fight with market", 0);
insert into Post_Include_P_Edit value (554, 2, 0, "I watch market", "20150328150338", 56, 1, 2);
insert into P_Reply value (554, 113);
insert into P_Topic value (555, "Hu fight with cake", 0);
insert into Post_Include_P_Edit value (555, 2, 0, "She look football", "20150328150338", 35, 1, 3);
insert into P_Reply value (555, 111);
insert into P_Topic value (556, "I eat computer", 0);
insert into Post_Include_P_Edit value (556, 2, 0, "Ran run with donut", "20150328150338", 1, 1, 6);
insert into P_Reply value (556, 42);
insert into P_Topic value (557, "Hu watch food", 0);
insert into Post_Include_P_Edit value (557, 2, 0, "I look library", "20150328150338", 47, 1, 0);
insert into P_Reply value (557, 100);
insert into P_Topic value (558, "I read library", 0);
insert into Post_Include_P_Edit value (558, 2, 0, "Ran watch computer", "20150328150338", 61, 1, 2);
insert into P_Reply value (558, 128);
insert into P_Topic value (559, "Hu watch cup cake", 0);
insert into Post_Include_P_Edit value (559, 2, 0, "It run with food", "20150328150338", 31, 1, 5);
insert into P_Reply value (559, 100);
insert into P_Topic value (560, "He fight with computer", 0);
insert into Post_Include_P_Edit value (560, 2, 0, "Ran read cup cake", "20150328150338", 12, 1, 5);
insert into P_Reply value (560, 113);
insert into P_Topic value (561, "He eat food", 0);
insert into Post_Include_P_Edit value (561, 2, 0, "He play donut", "20150328150338", 94, 1, 1);
insert into P_Reply value (561, 37);
insert into P_Topic value (562, "Ran look library", 0);
insert into Post_Include_P_Edit value (562, 2, 0, "You eat computer", "20150328150338", 72, 1, 4);
insert into P_Reply value (562, 116);
insert into P_Topic value (563, "I read donut", 0);
insert into Post_Include_P_Edit value (563, 2, 0, "She look library", "20150328150338", 32, 1, 7);
insert into P_Reply value (563, 12);
insert into P_Topic value (564, "You read donut", 0);
insert into Post_Include_P_Edit value (564, 2, 0, "He look donut", "20150328150338", 2, 1, 6);
insert into P_Reply value (564, 70);
insert into P_Topic value (565, "Hu read library", 0);
insert into Post_Include_P_Edit value (565, 2, 0, "I play computer", "20150328150338", 30, 1, 4);
insert into P_Reply value (565, 84);
insert into P_Topic value (566, "Aki fight with cake", 0);
insert into Post_Include_P_Edit value (566, 2, 0, "You play food", "20150328150338", 10, 1, 5);
insert into P_Reply value (566, 30);
insert into P_Topic value (567, "It read computer", 0);
insert into Post_Include_P_Edit value (567, 2, 0, "You look food", "20150328150338", 6, 1, 7);
insert into P_Reply value (567, 124);
insert into P_Topic value (568, "Hu run with market", 0);
insert into Post_Include_P_Edit value (568, 2, 0, "I read market", "20150328150338", 61, 1, 0);
insert into P_Reply value (568, 55);
insert into P_Topic value (569, "Aki run with donut", 0);
insert into Post_Include_P_Edit value (569, 2, 0, "Aki run with computer", "20150328150338", 51, 1, 0);
insert into P_Reply value (569, 2);
insert into P_Topic value (570, "He read cake", 0);
insert into Post_Include_P_Edit value (570, 2, 0, "I read football", "20150328150338", 7, 1, 6);
insert into P_Reply value (570, 94);
insert into P_Topic value (571, "It run with football", 0);
insert into Post_Include_P_Edit value (571, 2, 0, "She play food", "20150328150338", 45, 1, 3);
insert into P_Reply value (571, 119);
insert into P_Topic value (572, "You fight with library", 0);
insert into Post_Include_P_Edit value (572, 2, 0, "She sleep in food", "20150328150338", 64, 1, 0);
insert into P_Reply value (572, 127);
insert into P_Topic value (573, "Aki run with cup cake", 0);
insert into Post_Include_P_Edit value (573, 2, 0, "She fight with football", "20150328150338", 43, 1, 5);
insert into P_Reply value (573, 113);
insert into P_Topic value (574, "It look cake", 0);
insert into Post_Include_P_Edit value (574, 2, 0, "Hu sleep in cup cake", "20150328150338", 48, 1, 6);
insert into P_Reply value (574, 31);
insert into P_Topic value (575, "It watch library", 0);
insert into Post_Include_P_Edit value (575, 2, 0, "He watch donut", "20150328150338", 58, 1, 4);
insert into P_Reply value (575, 73);
insert into P_Topic value (576, "You fight with donut", 0);
insert into Post_Include_P_Edit value (576, 2, 0, "She sleep in market", "20150328150338", 6, 1, 6);
insert into P_Reply value (576, 59);
insert into P_Topic value (577, "She eat computer", 0);
insert into Post_Include_P_Edit value (577, 2, 0, "You play library", "20150328150338", 18, 1, 4);
insert into P_Reply value (577, 30);
insert into P_Topic value (578, "Hu play football", 0);
insert into Post_Include_P_Edit value (578, 2, 0, "Aki watch cup cake", "20150328150338", 26, 1, 0);
insert into P_Reply value (578, 40);
insert into P_Topic value (579, "Ran watch computer", 0);
insert into Post_Include_P_Edit value (579, 2, 0, "It fight with computer", "20150328150338", 55, 1, 0);
insert into P_Reply value (579, 31);
insert into P_Topic value (580, "He eat cup cake", 0);
insert into Post_Include_P_Edit value (580, 2, 0, "It run with computer", "20150328150338", 50, 1, 2);
insert into P_Reply value (580, 84);
insert into P_Topic value (581, "It eat food", 0);
insert into Post_Include_P_Edit value (581, 2, 0, "You look market", "20150328150338", 9, 1, 7);
insert into P_Reply value (581, 17);
insert into P_Topic value (582, "She look donut", 0);
insert into Post_Include_P_Edit value (582, 2, 0, "He fight with cup cake", "20150328150338", 51, 1, 5);
insert into P_Reply value (582, 81);
insert into P_Topic value (583, "She play computer", 0);
insert into Post_Include_P_Edit value (583, 2, 0, "It read donut", "20150328150338", 26, 1, 2);
insert into P_Reply value (583, 124);
insert into P_Topic value (584, "I watch cake", 0);
insert into Post_Include_P_Edit value (584, 2, 0, "Aki eat donut", "20150328150338", 91, 1, 3);
insert into P_Reply value (584, 16);
insert into P_Topic value (585, "He run with cake", 0);
insert into Post_Include_P_Edit value (585, 2, 0, "Aki play library", "20150328150338", 78, 1, 3);
insert into P_Reply value (585, 76);
insert into P_Topic value (586, "Ran look cake", 0);
insert into Post_Include_P_Edit value (586, 2, 0, "Hu read computer", "20150328150338", 43, 1, 3);
insert into P_Reply value (586, 63);
insert into P_Topic value (587, "Ran play market", 0);
insert into Post_Include_P_Edit value (587, 2, 0, "She eat donut", "20150328150338", 60, 1, 4);
insert into P_Reply value (587, 103);
insert into P_Topic value (588, "Ran play food", 0);
insert into Post_Include_P_Edit value (588, 2, 0, "Aki read football", "20150328150338", 47, 1, 1);
insert into P_Reply value (588, 106);
insert into P_Topic value (589, "He eat football", 0);
insert into Post_Include_P_Edit value (589, 2, 0, "Hu watch football", "20150328150338", 34, 1, 2);
insert into P_Reply value (589, 41);
insert into P_Topic value (590, "He look football", 0);
insert into Post_Include_P_Edit value (590, 2, 0, "Ran sleep in computer", "20150328150338", 13, 1, 3);
insert into P_Reply value (590, 15);
insert into P_Topic value (591, "He fight with computer", 0);
insert into Post_Include_P_Edit value (591, 2, 0, "I sleep in donut", "20150328150338", 3, 1, 6);
insert into P_Reply value (591, 29);
insert into P_Topic value (592, "Hu play library", 0);
insert into Post_Include_P_Edit value (592, 2, 0, "Aki sleep in cake", "20150328150338", 0, 1, 4);
insert into P_Reply value (592, 119);
insert into P_Topic value (593, "It play library", 0);
insert into Post_Include_P_Edit value (593, 2, 0, "It eat library", "20150328150338", 26, 1, 5);
insert into P_Reply value (593, 35);
insert into P_Topic value (594, "It run with cup cake", 0);
insert into Post_Include_P_Edit value (594, 2, 0, "Hu run with cake", "20150328150338", 2, 1, 5);
insert into P_Reply value (594, 90);
insert into P_Topic value (595, "Aki run with cake", 0);
insert into Post_Include_P_Edit value (595, 2, 0, "He run with donut", "20150328150338", 9, 1, 6);
insert into P_Reply value (595, 120);
insert into P_Topic value (596, "Hu play cup cake", 0);
insert into Post_Include_P_Edit value (596, 2, 0, "He fight with donut", "20150328150338", 49, 1, 6);
insert into P_Reply value (596, 52);
insert into P_Topic value (597, "Hu watch cup cake", 0);
insert into Post_Include_P_Edit value (597, 2, 0, "Ran read food", "20150328150338", 44, 1, 0);
insert into P_Reply value (597, 38);
insert into P_Topic value (598, "He run with cake", 0);
insert into Post_Include_P_Edit value (598, 2, 0, "Hu sleep in computer", "20150328150338", 44, 1, 2);
insert into P_Reply value (598, 23);
insert into P_Topic value (599, "Hu run with cup cake", 0);
insert into Post_Include_P_Edit value (599, 2, 0, "I eat football", "20150328150338", 3, 1, 4);
insert into P_Reply value (599, 108);
insert into P_Topic value (600, "You sleep in food", 0);
insert into Post_Include_P_Edit value (600, 2, 0, "Aki read donut", "20150328150338", 6, 1, 3);
insert into P_Reply value (600, 117);
insert into P_Topic value (601, "Aki watch cake", 0);
insert into Post_Include_P_Edit value (601, 2, 0, "He watch football", "20150328150338", 31, 1, 0);
insert into P_Reply value (601, 15);
insert into P_Topic value (602, "It look computer", 0);
insert into Post_Include_P_Edit value (602, 2, 0, "You look football", "20150328150338", 71, 1, 0);
insert into P_Reply value (602, 34);
insert into P_Topic value (603, "Hu eat donut", 0);
insert into Post_Include_P_Edit value (603, 2, 0, "She eat cake", "20150328150338", 45, 1, 2);
insert into P_Reply value (603, 21);
insert into P_Topic value (604, "It read computer", 0);
insert into Post_Include_P_Edit value (604, 2, 0, "He look cup cake", "20150328150338", 16, 1, 4);
insert into P_Reply value (604, 4);
insert into P_Topic value (605, "Hu fight with cup cake", 0);
insert into Post_Include_P_Edit value (605, 2, 0, "It run with food", "20150328150338", 11, 1, 4);
insert into P_Reply value (605, 99);
insert into P_Topic value (606, "He fight with computer", 0);
insert into Post_Include_P_Edit value (606, 2, 0, "Aki look cake", "20150328150338", 75, 1, 1);
insert into P_Reply value (606, 123);
insert into P_Topic value (607, "He run with cup cake", 0);
insert into Post_Include_P_Edit value (607, 2, 0, "She read cup cake", "20150328150338", 12, 1, 1);
insert into P_Reply value (607, 68);
insert into P_Topic value (608, "He watch food", 0);
insert into Post_Include_P_Edit value (608, 2, 0, "You watch computer", "20150328150338", 7, 1, 7);
insert into P_Reply value (608, 77);
insert into P_Topic value (609, "You run with food", 0);
insert into Post_Include_P_Edit value (609, 2, 0, "It run with donut", "20150328150338", 68, 1, 7);
insert into P_Reply value (609, 105);
insert into P_Topic value (610, "She watch cake", 0);
insert into Post_Include_P_Edit value (610, 2, 0, "Aki fight with football", "20150328150338", 81, 1, 0);
insert into P_Reply value (610, 10);
insert into P_Topic value (611, "Ran run with donut", 0);
insert into Post_Include_P_Edit value (611, 2, 0, "Aki look cake", "20150328150338", 87, 1, 2);
insert into P_Reply value (611, 106);
insert into P_Topic value (612, "He look market", 0);
insert into Post_Include_P_Edit value (612, 2, 0, "Hu read football", "20150328150338", 14, 1, 7);
insert into P_Reply value (612, 11);
insert into P_Topic value (613, "It fight with computer", 0);
insert into Post_Include_P_Edit value (613, 2, 0, "Ran fight with football", "20150328150338", 56, 1, 5);
insert into P_Reply value (613, 88);
insert into P_Topic value (614, "He read computer", 0);
insert into Post_Include_P_Edit value (614, 2, 0, "She read food", "20150328150338", 40, 1, 0);
insert into P_Reply value (614, 57);
insert into P_Topic value (615, "Hu fight with food", 0);
insert into Post_Include_P_Edit value (615, 2, 0, "She watch donut", "20150328150338", 25, 1, 0);
insert into P_Reply value (615, 12);
insert into P_Topic value (616, "It look donut", 0);
insert into Post_Include_P_Edit value (616, 2, 0, "Ran look computer", "20150328150338", 51, 1, 7);
insert into P_Reply value (616, 60);
insert into P_Topic value (617, "Ran play library", 0);
insert into Post_Include_P_Edit value (617, 2, 0, "I run with cup cake", "20150328150338", 93, 1, 3);
insert into P_Reply value (617, 75);
insert into P_Topic value (618, "You watch cup cake", 0);
insert into Post_Include_P_Edit value (618, 2, 0, "I read library", "20150328150338", 18, 1, 4);
insert into P_Reply value (618, 68);
insert into P_Topic value (619, "Aki run with market", 0);
insert into Post_Include_P_Edit value (619, 2, 0, "He play cake", "20150328150338", 29, 1, 1);
insert into P_Reply value (619, 59);
insert into P_Topic value (620, "Ran run with cake", 0);
insert into Post_Include_P_Edit value (620, 2, 0, "Hu read cup cake", "20150328150338", 83, 1, 1);
insert into P_Reply value (620, 17);
insert into P_Topic value (621, "I play donut", 0);
insert into Post_Include_P_Edit value (621, 2, 0, "It sleep in food", "20150328150338", 90, 1, 4);
insert into P_Reply value (621, 25);
insert into P_Topic value (622, "Hu look donut", 0);
insert into Post_Include_P_Edit value (622, 2, 0, "Hu play market", "20150328150338", 40, 1, 2);
insert into P_Reply value (622, 29);
insert into P_Topic value (623, "He fight with market", 0);
insert into Post_Include_P_Edit value (623, 2, 0, "You read food", "20150328150338", 12, 1, 2);
insert into P_Reply value (623, 127);
insert into P_Topic value (624, "Ran watch football", 0);
insert into Post_Include_P_Edit value (624, 2, 0, "Hu watch computer", "20150328150338", 38, 1, 0);
insert into P_Reply value (624, 49);
insert into P_Topic value (625, "You watch food", 0);
insert into Post_Include_P_Edit value (625, 2, 0, "He fight with cup cake", "20150328150338", 22, 1, 2);
insert into P_Reply value (625, 33);
insert into P_Topic value (626, "It sleep in food", 0);
insert into Post_Include_P_Edit value (626, 2, 0, "She sleep in food", "20150328150338", 21, 1, 4);
insert into P_Reply value (626, 102);
insert into P_Topic value (627, "Hu run with market", 0);
insert into Post_Include_P_Edit value (627, 2, 0, "Ran watch cake", "20150328150338", 18, 1, 4);
insert into P_Reply value (627, 126);
insert into P_Topic value (628, "Aki fight with library", 0);
insert into Post_Include_P_Edit value (628, 2, 0, "Hu run with food", "20150328150338", 25, 1, 1);
insert into P_Reply value (628, 38);
insert into P_Topic value (629, "I run with food", 0);
insert into Post_Include_P_Edit value (629, 2, 0, "You watch market", "20150328150338", 75, 1, 2);
insert into P_Reply value (629, 61);
insert into P_Topic value (630, "Hu run with football", 0);
insert into Post_Include_P_Edit value (630, 2, 0, "She read donut", "20150328150338", 60, 1, 1);
insert into P_Reply value (630, 96);
insert into P_Topic value (631, "Ran sleep in football", 0);
insert into Post_Include_P_Edit value (631, 2, 0, "Aki fight with computer", "20150328150338", 40, 1, 5);
insert into P_Reply value (631, 84);
insert into P_Topic value (632, "Aki fight with donut", 0);
insert into Post_Include_P_Edit value (632, 2, 0, "Aki eat library", "20150328150338", 42, 1, 2);
insert into P_Reply value (632, 93);
insert into P_Topic value (633, "Aki eat cake", 0);
insert into Post_Include_P_Edit value (633, 2, 0, "It look cup cake", "20150328150338", 80, 1, 7);
insert into P_Reply value (633, 96);
insert into P_Topic value (634, "I eat donut", 0);
insert into Post_Include_P_Edit value (634, 2, 0, "You read computer", "20150328150338", 87, 1, 3);
insert into P_Reply value (634, 39);
insert into P_Topic value (635, "He fight with donut", 0);
insert into Post_Include_P_Edit value (635, 2, 0, "Aki sleep in cup cake", "20150328150338", 50, 1, 5);
insert into P_Reply value (635, 119);
insert into P_Topic value (636, "She run with food", 0);
insert into Post_Include_P_Edit value (636, 2, 0, "She watch computer", "20150328150338", 93, 1, 6);
insert into P_Reply value (636, 9);
insert into P_Topic value (637, "Hu read football", 0);
insert into Post_Include_P_Edit value (637, 2, 0, "You watch computer", "20150328150338", 68, 1, 5);
insert into P_Reply value (637, 42);
insert into P_Topic value (638, "Aki sleep in library", 0);
insert into Post_Include_P_Edit value (638, 2, 0, "He look market", "20150328150338", 8, 1, 3);
insert into P_Reply value (638, 11);
insert into P_Topic value (639, "You run with computer", 0);
insert into Post_Include_P_Edit value (639, 2, 0, "I look food", "20150328150338", 67, 1, 1);
insert into P_Reply value (639, 8);
insert into P_Topic value (640, "Hu read food", 0);
insert into Post_Include_P_Edit value (640, 2, 0, "Ran fight with football", "20150328150338", 16, 1, 5);
insert into P_Reply value (640, 51);
insert into P_Topic value (641, "Hu run with donut", 0);
insert into Post_Include_P_Edit value (641, 2, 0, "Aki run with computer", "20150328150338", 25, 1, 6);
insert into P_Reply value (641, 22);
insert into P_Topic value (642, "Ran fight with food", 0);
insert into Post_Include_P_Edit value (642, 2, 0, "Aki eat cake", "20150328150338", 41, 1, 4);
insert into P_Reply value (642, 89);
insert into P_Topic value (643, "It play cup cake", 0);
insert into Post_Include_P_Edit value (643, 2, 0, "He eat computer", "20150328150338", 64, 1, 2);
insert into P_Reply value (643, 32);
insert into P_Topic value (644, "She fight with library", 0);
insert into Post_Include_P_Edit value (644, 2, 0, "I eat library", "20150328150338", 65, 1, 0);
insert into P_Reply value (644, 6);
insert into P_Topic value (645, "He run with library", 0);
insert into Post_Include_P_Edit value (645, 2, 0, "I look computer", "20150328150338", 92, 1, 3);
insert into P_Reply value (645, 46);
insert into P_Topic value (646, "Ran read food", 0);
insert into Post_Include_P_Edit value (646, 2, 0, "Ran read cake", "20150328150338", 66, 1, 4);
insert into P_Reply value (646, 103);
insert into P_Topic value (647, "Ran fight with cup cake", 0);
insert into Post_Include_P_Edit value (647, 2, 0, "You play donut", "20150328150338", 94, 1, 6);
insert into P_Reply value (647, 70);
insert into P_Topic value (648, "It watch football", 0);
insert into Post_Include_P_Edit value (648, 2, 0, "It sleep in cake", "20150328150338", 50, 1, 5);
insert into P_Reply value (648, 111);
insert into P_Topic value (649, "Aki watch food", 0);
insert into Post_Include_P_Edit value (649, 2, 0, "It watch cake", "20150328150338", 19, 1, 5);
insert into P_Reply value (649, 61);
insert into P_Topic value (650, "It look computer", 0);
insert into Post_Include_P_Edit value (650, 2, 0, "Aki read cup cake", "20150328150338", 53, 1, 7);
insert into P_Reply value (650, 32);
insert into P_Topic value (651, "She eat food", 0);
insert into Post_Include_P_Edit value (651, 2, 0, "Ran run with library", "20150328150338", 72, 1, 3);
insert into P_Reply value (651, 19);
insert into P_Topic value (652, "I play cup cake", 0);
insert into Post_Include_P_Edit value (652, 2, 0, "He sleep in football", "20150328150338", 39, 1, 2);
insert into P_Reply value (652, 51);
insert into P_Topic value (653, "It read library", 0);
insert into Post_Include_P_Edit value (653, 2, 0, "It sleep in market", "20150328150338", 70, 1, 2);
insert into P_Reply value (653, 4);
insert into P_Topic value (654, "He fight with cake", 0);
insert into Post_Include_P_Edit value (654, 2, 0, "Hu fight with market", "20150328150338", 78, 1, 6);
insert into P_Reply value (654, 32);
insert into P_Topic value (655, "Ran eat donut", 0);
insert into Post_Include_P_Edit value (655, 2, 0, "She watch computer", "20150328150338", 21, 1, 5);
insert into P_Reply value (655, 10);
insert into P_Topic value (656, "Hu look donut", 0);
insert into Post_Include_P_Edit value (656, 2, 0, "He play market", "20150328150338", 43, 1, 1);
insert into P_Reply value (656, 77);
insert into P_Topic value (657, "He play cake", 0);
insert into Post_Include_P_Edit value (657, 2, 0, "He eat cake", "20150328150338", 52, 1, 0);
insert into P_Reply value (657, 123);
insert into P_Topic value (658, "It sleep in food", 0);
insert into Post_Include_P_Edit value (658, 2, 0, "Ran run with cake", "20150328150338", 64, 1, 0);
insert into P_Reply value (658, 19);
insert into P_Topic value (659, "Hu look food", 0);
insert into Post_Include_P_Edit value (659, 2, 0, "I play football", "20150328150338", 17, 1, 0);
insert into P_Reply value (659, 88);
insert into P_Topic value (660, "You look computer", 0);
insert into Post_Include_P_Edit value (660, 2, 0, "Aki read cup cake", "20150328150338", 52, 1, 5);
insert into P_Reply value (660, 16);
insert into P_Topic value (661, "Ran look market", 0);
insert into Post_Include_P_Edit value (661, 2, 0, "She watch library", "20150328150338", 16, 1, 2);
insert into P_Reply value (661, 115);
insert into P_Topic value (662, "Hu fight with donut", 0);
insert into Post_Include_P_Edit value (662, 2, 0, "You look football", "20150328150338", 68, 1, 4);
insert into P_Reply value (662, 43);
insert into P_Topic value (663, "Ran fight with library", 0);
insert into Post_Include_P_Edit value (663, 2, 0, "Aki sleep in market", "20150328150338", 8, 1, 0);
insert into P_Reply value (663, 19);
insert into P_Topic value (664, "Hu watch market", 0);
insert into Post_Include_P_Edit value (664, 2, 0, "He look football", "20150328150338", 82, 1, 5);
insert into P_Reply value (664, 106);
insert into P_Topic value (665, "He read cake", 0);
insert into Post_Include_P_Edit value (665, 2, 0, "He look donut", "20150328150338", 79, 1, 4);
insert into P_Reply value (665, 63);
insert into P_Topic value (666, "He look computer", 0);
insert into Post_Include_P_Edit value (666, 2, 0, "She read cake", "20150328150338", 27, 1, 1);
insert into P_Reply value (666, 124);
insert into P_Topic value (667, "Aki fight with library", 0);
insert into Post_Include_P_Edit value (667, 2, 0, "Aki run with food", "20150328150338", 31, 1, 3);
insert into P_Reply value (667, 115);
insert into P_Topic value (668, "I sleep in library", 0);
insert into Post_Include_P_Edit value (668, 2, 0, "He look library", "20150328150338", 10, 1, 4);
insert into P_Reply value (668, 91);
insert into P_Topic value (669, "It fight with market", 0);
insert into Post_Include_P_Edit value (669, 2, 0, "You read library", "20150328150338", 42, 1, 4);
insert into P_Reply value (669, 79);
insert into P_Topic value (670, "Hu play cake", 0);
insert into Post_Include_P_Edit value (670, 2, 0, "You play football", "20150328150338", 85, 1, 1);
insert into P_Reply value (670, 41);
insert into P_Topic value (671, "She eat food", 0);
insert into Post_Include_P_Edit value (671, 2, 0, "Aki eat market", "20150328150338", 0, 1, 2);
insert into P_Reply value (671, 72);
insert into P_Topic value (672, "I play donut", 0);
insert into Post_Include_P_Edit value (672, 2, 0, "Ran run with food", "20150328150338", 17, 1, 7);
insert into P_Reply value (672, 90);
insert into P_Topic value (673, "Ran read library", 0);
insert into Post_Include_P_Edit value (673, 2, 0, "You fight with food", "20150328150338", 19, 1, 6);
insert into P_Reply value (673, 59);
insert into P_Topic value (674, "You watch donut", 0);
insert into Post_Include_P_Edit value (674, 2, 0, "Aki sleep in computer", "20150328150338", 2, 1, 5);
insert into P_Reply value (674, 53);
insert into P_Topic value (675, "Aki look computer", 0);
insert into Post_Include_P_Edit value (675, 2, 0, "Ran look food", "20150328150338", 13, 1, 0);
insert into P_Reply value (675, 3);
insert into P_Topic value (676, "She watch football", 0);
insert into Post_Include_P_Edit value (676, 2, 0, "He run with cake", "20150328150338", 90, 1, 7);
insert into P_Reply value (676, 115);
insert into P_Topic value (677, "She read library", 0);
insert into Post_Include_P_Edit value (677, 2, 0, "You run with market", "20150328150338", 61, 1, 4);
insert into P_Reply value (677, 8);
insert into P_Topic value (678, "Hu eat computer", 0);
insert into Post_Include_P_Edit value (678, 2, 0, "Hu eat cup cake", "20150328150338", 3, 1, 3);
insert into P_Reply value (678, 59);
insert into P_Topic value (679, "He look cake", 0);
insert into Post_Include_P_Edit value (679, 2, 0, "She look market", "20150328150338", 58, 1, 7);
insert into P_Reply value (679, 21);
insert into P_Topic value (680, "You eat cake", 0);
insert into Post_Include_P_Edit value (680, 2, 0, "It run with football", "20150328150338", 32, 1, 5);
insert into P_Reply value (680, 7);
insert into P_Topic value (681, "Hu read library", 0);
insert into Post_Include_P_Edit value (681, 2, 0, "You fight with food", "20150328150338", 16, 1, 4);
insert into P_Reply value (681, 46);
insert into P_Topic value (682, "I sleep in donut", 0);
insert into Post_Include_P_Edit value (682, 2, 0, "You play donut", "20150328150338", 72, 1, 5);
insert into P_Reply value (682, 110);
insert into P_Topic value (683, "Hu run with food", 0);
insert into Post_Include_P_Edit value (683, 2, 0, "He read food", "20150328150338", 7, 1, 5);
insert into P_Reply value (683, 72);
insert into P_Topic value (684, "It eat library", 0);
insert into Post_Include_P_Edit value (684, 2, 0, "I eat football", "20150328150338", 61, 1, 3);
insert into P_Reply value (684, 97);
insert into P_Topic value (685, "It sleep in food", 0);
insert into Post_Include_P_Edit value (685, 2, 0, "He run with computer", "20150328150338", 66, 1, 4);
insert into P_Reply value (685, 118);
insert into P_Topic value (686, "You eat donut", 0);
insert into Post_Include_P_Edit value (686, 2, 0, "Hu fight with cup cake", "20150328150338", 67, 1, 1);
insert into P_Reply value (686, 38);
insert into P_Topic value (687, "Hu fight with food", 0);
insert into Post_Include_P_Edit value (687, 2, 0, "He play cake", "20150328150338", 60, 1, 1);
insert into P_Reply value (687, 1);
insert into P_Topic value (688, "Hu eat library", 0);
insert into Post_Include_P_Edit value (688, 2, 0, "She eat cup cake", "20150328150338", 45, 1, 7);
insert into P_Reply value (688, 8);
insert into P_Topic value (689, "Aki watch computer", 0);
insert into Post_Include_P_Edit value (689, 2, 0, "It fight with computer", "20150328150338", 29, 1, 0);
insert into P_Reply value (689, 57);
insert into P_Topic value (690, "Aki play food", 0);
insert into Post_Include_P_Edit value (690, 2, 0, "It play cup cake", "20150328150338", 6, 1, 4);
insert into P_Reply value (690, 125);
insert into P_Topic value (691, "It play library", 0);
insert into Post_Include_P_Edit value (691, 2, 0, "Hu fight with computer", "20150328150338", 19, 1, 3);
insert into P_Reply value (691, 57);
insert into P_Topic value (692, "It run with market", 0);
insert into Post_Include_P_Edit value (692, 2, 0, "It look cup cake", "20150328150338", 61, 1, 2);
insert into P_Reply value (692, 90);
insert into P_Topic value (693, "You sleep in football", 0);
insert into Post_Include_P_Edit value (693, 2, 0, "You sleep in market", "20150328150338", 57, 1, 5);
insert into P_Reply value (693, 96);
insert into P_Topic value (694, "Ran run with cake", 0);
insert into Post_Include_P_Edit value (694, 2, 0, "Hu fight with donut", "20150328150338", 70, 1, 5);
insert into P_Reply value (694, 127);
insert into P_Topic value (695, "She fight with football", 0);
insert into Post_Include_P_Edit value (695, 2, 0, "Aki look donut", "20150328150338", 40, 1, 6);
insert into P_Reply value (695, 129);
insert into P_Topic value (696, "She look cake", 0);
insert into Post_Include_P_Edit value (696, 2, 0, "It play computer", "20150328150338", 86, 1, 6);
insert into P_Reply value (696, 130);
insert into P_Topic value (697, "He eat market", 0);
insert into Post_Include_P_Edit value (697, 2, 0, "Hu eat football", "20150328150338", 91, 1, 4);
insert into P_Reply value (697, 17);
insert into P_Topic value (698, "Hu run with football", 0);
insert into Post_Include_P_Edit value (698, 2, 0, "I read cake", "20150328150338", 64, 1, 3);
insert into P_Reply value (698, 32);
insert into P_Topic value (699, "Ran look cup cake", 0);
insert into Post_Include_P_Edit value (699, 2, 0, "You run with library", "20150328150338", 32, 1, 3);
insert into P_Reply value (699, 105);
insert into P_Topic value (700, "He play computer", 0);
insert into Post_Include_P_Edit value (700, 2, 0, "Hu run with football", "20150328150338", 95, 1, 2);
insert into P_Reply value (700, 90);
insert into P_Topic value (701, "She fight with cup cake", 0);
insert into Post_Include_P_Edit value (701, 2, 0, "Aki read market", "20150328150338", 41, 1, 4);
insert into P_Reply value (701, 130);
insert into P_Topic value (702, "Aki watch football", 0);
insert into Post_Include_P_Edit value (702, 2, 0, "I play market", "20150328150338", 20, 1, 2);
insert into P_Reply value (702, 27);
insert into P_Topic value (703, "She play computer", 0);
insert into Post_Include_P_Edit value (703, 2, 0, "I watch food", "20150328150338", 8, 1, 7);
insert into P_Reply value (703, 15);
insert into P_Topic value (704, "I read cup cake", 0);
insert into Post_Include_P_Edit value (704, 2, 0, "I eat football", "20150328150338", 81, 1, 1);
insert into P_Reply value (704, 123);
insert into P_Topic value (705, "Hu sleep in donut", 0);
insert into Post_Include_P_Edit value (705, 2, 0, "You run with market", "20150328150338", 72, 1, 1);
insert into P_Reply value (705, 60);
insert into P_Topic value (706, "Ran run with football", 0);
insert into Post_Include_P_Edit value (706, 2, 0, "You watch cake", "20150328150338", 40, 1, 6);
insert into P_Reply value (706, 40);
insert into P_Topic value (707, "I play cake", 0);
insert into Post_Include_P_Edit value (707, 2, 0, "He run with donut", "20150328150338", 2, 1, 2);
insert into P_Reply value (707, 128);
insert into P_Topic value (708, "I run with library", 0);
insert into Post_Include_P_Edit value (708, 2, 0, "Aki sleep in library", "20150328150338", 88, 1, 5);
insert into P_Reply value (708, 47);
insert into P_Topic value (709, "He watch computer", 0);
insert into Post_Include_P_Edit value (709, 2, 0, "Ran play computer", "20150328150338", 66, 1, 6);
insert into P_Reply value (709, 94);
insert into P_Topic value (710, "I run with cup cake", 0);
insert into Post_Include_P_Edit value (710, 2, 0, "Aki run with library", "20150328150338", 42, 1, 3);
insert into P_Reply value (710, 10);
insert into P_Topic value (711, "It sleep in market", 0);
insert into Post_Include_P_Edit value (711, 2, 0, "Aki watch cake", "20150328150338", 89, 1, 7);
insert into P_Reply value (711, 83);
insert into P_Topic value (712, "It eat library", 0);
insert into Post_Include_P_Edit value (712, 2, 0, "I fight with computer", "20150328150338", 33, 1, 1);
insert into P_Reply value (712, 18);
insert into P_Topic value (713, "You watch library", 0);
insert into Post_Include_P_Edit value (713, 2, 0, "Hu sleep in donut", "20150328150338", 49, 1, 1);
insert into P_Reply value (713, 2);
insert into P_Topic value (714, "You play donut", 0);
insert into Post_Include_P_Edit value (714, 2, 0, "It watch computer", "20150328150338", 95, 1, 0);
insert into P_Reply value (714, 120);
insert into P_Topic value (715, "Hu fight with library", 0);
insert into Post_Include_P_Edit value (715, 2, 0, "I eat computer", "20150328150338", 18, 1, 0);
insert into P_Reply value (715, 55);
insert into P_Topic value (716, "Ran play market", 0);
insert into Post_Include_P_Edit value (716, 2, 0, "She fight with food", "20150328150338", 61, 1, 5);
insert into P_Reply value (716, 89);
insert into P_Topic value (717, "He run with computer", 0);
insert into Post_Include_P_Edit value (717, 2, 0, "She run with market", "20150328150338", 1, 1, 3);
insert into P_Reply value (717, 110);
insert into P_Topic value (718, "Aki look food", 0);
insert into Post_Include_P_Edit value (718, 2, 0, "I watch library", "20150328150338", 43, 1, 3);
insert into P_Reply value (718, 100);
insert into P_Topic value (719, "Ran watch cup cake", 0);
insert into Post_Include_P_Edit value (719, 2, 0, "Aki look library", "20150328150338", 78, 1, 1);
insert into P_Reply value (719, 29);
insert into P_Topic value (720, "I eat market", 0);
insert into Post_Include_P_Edit value (720, 2, 0, "She play market", "20150328150338", 30, 1, 3);
insert into P_Reply value (720, 6);
insert into P_Topic value (721, "Hu read donut", 0);
insert into Post_Include_P_Edit value (721, 2, 0, "He read library", "20150328150338", 46, 1, 4);
insert into P_Reply value (721, 68);
insert into P_Topic value (722, "Aki eat computer", 0);
insert into Post_Include_P_Edit value (722, 2, 0, "I sleep in donut", "20150328150338", 0, 1, 6);
insert into P_Reply value (722, 33);
insert into P_Topic value (723, "It run with cup cake", 0);
insert into Post_Include_P_Edit value (723, 2, 0, "Aki sleep in food", "20150328150338", 37, 1, 3);
insert into P_Reply value (723, 76);
insert into P_Topic value (724, "I play library", 0);
insert into Post_Include_P_Edit value (724, 2, 0, "Ran sleep in computer", "20150328150338", 18, 1, 1);
insert into P_Reply value (724, 48);
insert into P_Topic value (725, "Ran look donut", 0);
insert into Post_Include_P_Edit value (725, 2, 0, "He sleep in cup cake", "20150328150338", 15, 1, 1);
insert into P_Reply value (725, 94);
insert into P_Topic value (726, "You fight with cake", 0);
insert into Post_Include_P_Edit value (726, 2, 0, "I play market", "20150328150338", 47, 1, 3);
insert into P_Reply value (726, 61);
insert into P_Topic value (727, "It sleep in library", 0);
insert into Post_Include_P_Edit value (727, 2, 0, "She watch library", "20150328150338", 62, 1, 2);
insert into P_Reply value (727, 94);
insert into P_Topic value (728, "Hu sleep in cake", 0);
insert into Post_Include_P_Edit value (728, 2, 0, "Hu run with football", "20150328150338", 13, 1, 4);
insert into P_Reply value (728, 33);
insert into P_Topic value (729, "I read cup cake", 0);
insert into Post_Include_P_Edit value (729, 2, 0, "Aki read football", "20150328150338", 35, 1, 7);
insert into P_Reply value (729, 42);
insert into P_Topic value (730, "Hu run with library", 0);
insert into Post_Include_P_Edit value (730, 2, 0, "He eat cup cake", "20150328150338", 92, 1, 4);
insert into P_Reply value (730, 24);
insert into P_Topic value (731, "He sleep in food", 0);
insert into Post_Include_P_Edit value (731, 2, 0, "It fight with computer", "20150328150338", 11, 1, 0);
insert into P_Reply value (731, 112);
insert into P_Topic value (732, "Ran read computer", 0);
insert into Post_Include_P_Edit value (732, 2, 0, "Hu look cup cake", "20150328150338", 78, 1, 1);
insert into P_Reply value (732, 104);
insert into P_Topic value (733, "Ran watch donut", 0);
insert into Post_Include_P_Edit value (733, 2, 0, "Aki fight with library", "20150328150338", 64, 1, 0);
insert into P_Reply value (733, 81);
insert into P_Topic value (734, "Hu sleep in football", 0);
insert into Post_Include_P_Edit value (734, 2, 0, "He fight with cup cake", "20150328150338", 56, 1, 0);
insert into P_Reply value (734, 49);
insert into P_Topic value (735, "He watch library", 0);
insert into Post_Include_P_Edit value (735, 2, 0, "He play market", "20150328150338", 23, 1, 0);
insert into P_Reply value (735, 102);
insert into P_Topic value (736, "Hu sleep in market", 0);
insert into Post_Include_P_Edit value (736, 2, 0, "It sleep in cake", "20150328150338", 71, 1, 4);
insert into P_Reply value (736, 96);
insert into P_Topic value (737, "Aki eat library", 0);
insert into Post_Include_P_Edit value (737, 2, 0, "It play market", "20150328150338", 4, 1, 1);
insert into P_Reply value (737, 99);
insert into P_Topic value (738, "I eat market", 0);
insert into Post_Include_P_Edit value (738, 2, 0, "Ran sleep in cup cake", "20150328150338", 74, 1, 4);
insert into P_Reply value (738, 47);
insert into P_Topic value (739, "She play food", 0);
insert into Post_Include_P_Edit value (739, 2, 0, "Hu play donut", "20150328150338", 61, 1, 1);
insert into P_Reply value (739, 63);
insert into P_Topic value (740, "Ran sleep in cup cake", 0);
insert into Post_Include_P_Edit value (740, 2, 0, "It read computer", "20150328150338", 8, 1, 5);
insert into P_Reply value (740, 38);
insert into P_Topic value (741, "I fight with market", 0);
insert into Post_Include_P_Edit value (741, 2, 0, "It fight with food", "20150328150338", 5, 1, 4);
insert into P_Reply value (741, 123);
insert into P_Topic value (742, "He watch donut", 0);
insert into Post_Include_P_Edit value (742, 2, 0, "I read library", "20150328150338", 75, 1, 0);
insert into P_Reply value (742, 33);
insert into P_Topic value (743, "I watch cake", 0);
insert into Post_Include_P_Edit value (743, 2, 0, "I read market", "20150328150338", 30, 1, 6);
insert into P_Reply value (743, 81);
insert into P_Topic value (744, "It fight with football", 0);
insert into Post_Include_P_Edit value (744, 2, 0, "Aki look computer", "20150328150338", 35, 1, 1);
insert into P_Reply value (744, 60);
insert into P_Topic value (745, "Hu sleep in computer", 0);
insert into Post_Include_P_Edit value (745, 2, 0, "Hu watch cup cake", "20150328150338", 52, 1, 7);
insert into P_Reply value (745, 44);
insert into P_Topic value (746, "You read cup cake", 0);
insert into Post_Include_P_Edit value (746, 2, 0, "I watch football", "20150328150338", 76, 1, 0);
insert into P_Reply value (746, 50);
insert into P_Topic value (747, "She run with library", 0);
insert into Post_Include_P_Edit value (747, 2, 0, "Hu run with donut", "20150328150338", 46, 1, 2);
insert into P_Reply value (747, 125);
insert into P_Topic value (748, "I fight with computer", 0);
insert into Post_Include_P_Edit value (748, 2, 0, "Aki look football", "20150328150338", 29, 1, 7);
insert into P_Reply value (748, 108);
insert into P_Topic value (749, "He run with library", 0);
insert into Post_Include_P_Edit value (749, 2, 0, "He play library", "20150328150338", 52, 1, 0);
insert into P_Reply value (749, 17);
insert into P_Topic value (750, "She look computer", 0);
insert into Post_Include_P_Edit value (750, 2, 0, "It fight with computer", "20150328150338", 85, 1, 2);
insert into P_Reply value (750, 44);
insert into P_Topic value (751, "You read food", 0);
insert into Post_Include_P_Edit value (751, 2, 0, "Hu play library", "20150328150338", 64, 1, 2);
insert into P_Reply value (751, 75);
insert into P_Topic value (752, "You read library", 0);
insert into Post_Include_P_Edit value (752, 2, 0, "It eat football", "20150328150338", 79, 1, 3);
insert into P_Reply value (752, 114);
insert into P_Topic value (753, "He read food", 0);
insert into Post_Include_P_Edit value (753, 2, 0, "Aki read cup cake", "20150328150338", 5, 1, 1);
insert into P_Reply value (753, 76);
insert into P_Topic value (754, "Aki watch donut", 0);
insert into Post_Include_P_Edit value (754, 2, 0, "She eat donut", "20150328150338", 7, 1, 1);
insert into P_Reply value (754, 74);
insert into P_Topic value (755, "Ran watch cake", 0);
insert into Post_Include_P_Edit value (755, 2, 0, "Hu run with market", "20150328150338", 55, 1, 2);
insert into P_Reply value (755, 37);
insert into P_Topic value (756, "Aki watch football", 0);
insert into Post_Include_P_Edit value (756, 2, 0, "He look cake", "20150328150338", 21, 1, 6);
insert into P_Reply value (756, 103);
insert into P_Topic value (757, "Ran eat donut", 0);
insert into Post_Include_P_Edit value (757, 2, 0, "He watch market", "20150328150338", 31, 1, 5);
insert into P_Reply value (757, 129);
insert into P_Topic value (758, "He read donut", 0);
insert into Post_Include_P_Edit value (758, 2, 0, "You run with computer", "20150328150338", 36, 1, 0);
insert into P_Reply value (758, 83);
insert into P_Topic value (759, "It read football", 0);
insert into Post_Include_P_Edit value (759, 2, 0, "I read market", "20150328150338", 95, 1, 2);
insert into P_Reply value (759, 115);
insert into P_Topic value (760, "I look library", 0);
insert into Post_Include_P_Edit value (760, 2, 0, "I watch computer", "20150328150338", 75, 1, 5);
insert into P_Reply value (760, 117);
insert into P_Topic value (761, "It watch cake", 0);
insert into Post_Include_P_Edit value (761, 2, 0, "It watch cake", "20150328150338", 70, 1, 0);
insert into P_Reply value (761, 38);
insert into P_Topic value (762, "It play football", 0);
insert into Post_Include_P_Edit value (762, 2, 0, "It look cake", "20150328150338", 86, 1, 1);
insert into P_Reply value (762, 121);
insert into P_Topic value (763, "He read donut", 0);
insert into Post_Include_P_Edit value (763, 2, 0, "She play market", "20150328150338", 56, 1, 0);
insert into P_Reply value (763, 124);
insert into P_Topic value (764, "Hu watch cup cake", 0);
insert into Post_Include_P_Edit value (764, 2, 0, "Hu fight with library", "20150328150338", 10, 1, 2);
insert into P_Reply value (764, 14);
insert into P_Topic value (765, "Hu look cake", 0);
insert into Post_Include_P_Edit value (765, 2, 0, "I eat cake", "20150328150338", 49, 1, 6);
insert into P_Reply value (765, 35);
insert into P_Topic value (766, "She fight with donut", 0);
insert into Post_Include_P_Edit value (766, 2, 0, "Hu watch food", "20150328150338", 43, 1, 0);
insert into P_Reply value (766, 48);
insert into P_Topic value (767, "It look cup cake", 0);
insert into Post_Include_P_Edit value (767, 2, 0, "You look cake", "20150328150338", 93, 1, 2);
insert into P_Reply value (767, 75);
insert into P_Topic value (768, "I sleep in cake", 0);
insert into Post_Include_P_Edit value (768, 2, 0, "Aki read computer", "20150328150338", 1, 1, 7);
insert into P_Reply value (768, 30);
insert into P_Topic value (769, "I look library", 0);
insert into Post_Include_P_Edit value (769, 2, 0, "Ran eat football", "20150328150338", 21, 1, 4);
insert into P_Reply value (769, 129);
insert into P_Topic value (770, "You fight with cake", 0);
insert into Post_Include_P_Edit value (770, 2, 0, "I watch library", "20150328150338", 79, 1, 4);
insert into P_Reply value (770, 37);
insert into P_Topic value (771, "Ran play cup cake", 0);
insert into Post_Include_P_Edit value (771, 2, 0, "I play library", "20150328150338", 87, 1, 1);
insert into P_Reply value (771, 96);
insert into P_Topic value (772, "She watch market", 0);
insert into Post_Include_P_Edit value (772, 2, 0, "It fight with market", "20150328150338", 54, 1, 7);
insert into P_Reply value (772, 113);
insert into P_Topic value (773, "Aki sleep in market", 0);
insert into Post_Include_P_Edit value (773, 2, 0, "You read market", "20150328150338", 15, 1, 1);
insert into P_Reply value (773, 129);
insert into P_Topic value (774, "He play food", 0);
insert into Post_Include_P_Edit value (774, 2, 0, "Ran sleep in football", "20150328150338", 51, 1, 6);
insert into P_Reply value (774, 68);
insert into P_Topic value (775, "It watch cup cake", 0);
insert into Post_Include_P_Edit value (775, 2, 0, "Ran read cake", "20150328150338", 6, 1, 4);
insert into P_Reply value (775, 98);
insert into P_Topic value (776, "He sleep in computer", 0);
insert into Post_Include_P_Edit value (776, 2, 0, "I watch market", "20150328150338", 36, 1, 4);
insert into P_Reply value (776, 124);
insert into P_Topic value (777, "You play library", 0);
insert into Post_Include_P_Edit value (777, 2, 0, "She look market", "20150328150338", 75, 1, 5);
insert into P_Reply value (777, 99);
insert into P_Topic value (778, "I watch football", 0);
insert into Post_Include_P_Edit value (778, 2, 0, "He run with computer", "20150328150338", 85, 1, 0);
insert into P_Reply value (778, 71);
insert into P_Topic value (779, "Hu run with donut", 0);
insert into Post_Include_P_Edit value (779, 2, 0, "It run with market", "20150328150338", 61, 1, 4);
insert into P_Reply value (779, 8);
insert into P_Topic value (780, "Ran play cake", 0);
insert into Post_Include_P_Edit value (780, 2, 0, "Hu play cup cake", "20150328150338", 88, 1, 6);
insert into P_Reply value (780, 79);
insert into P_Topic value (781, "Aki play computer", 0);
insert into Post_Include_P_Edit value (781, 2, 0, "She run with donut", "20150328150338", 43, 1, 2);
insert into P_Reply value (781, 94);
insert into P_Topic value (782, "Ran play cake", 0);
insert into Post_Include_P_Edit value (782, 2, 0, "It eat football", "20150328150338", 77, 1, 0);
insert into P_Reply value (782, 53);
insert into P_Topic value (783, "He read football", 0);
insert into Post_Include_P_Edit value (783, 2, 0, "Hu run with football", "20150328150338", 54, 1, 0);
insert into P_Reply value (783, 16);
insert into P_Topic value (784, "Ran read cake", 0);
insert into Post_Include_P_Edit value (784, 2, 0, "She fight with cake", "20150328150338", 6, 1, 0);
insert into P_Reply value (784, 69);
insert into P_Topic value (785, "You run with food", 0);
insert into Post_Include_P_Edit value (785, 2, 0, "He fight with food", "20150328150338", 53, 1, 2);
insert into P_Reply value (785, 91);
insert into P_Topic value (786, "It read computer", 0);
insert into Post_Include_P_Edit value (786, 2, 0, "You play computer", "20150328150338", 73, 1, 6);
insert into P_Reply value (786, 115);
insert into P_Topic value (787, "It read football", 0);
insert into Post_Include_P_Edit value (787, 2, 0, "You run with football", "20150328150338", 68, 1, 2);
insert into P_Reply value (787, 70);
insert into P_Topic value (788, "Aki eat computer", 0);
insert into Post_Include_P_Edit value (788, 2, 0, "It sleep in food", "20150328150338", 9, 1, 7);
insert into P_Reply value (788, 125);
insert into P_Topic value (789, "You play computer", 0);
insert into Post_Include_P_Edit value (789, 2, 0, "Ran eat computer", "20150328150338", 28, 1, 2);
insert into P_Reply value (789, 122);
insert into P_Topic value (790, "Aki look donut", 0);
insert into Post_Include_P_Edit value (790, 2, 0, "It look market", "20150328150338", 9, 1, 5);
insert into P_Reply value (790, 12);
insert into P_Topic value (791, "You watch donut", 0);
insert into Post_Include_P_Edit value (791, 2, 0, "It eat market", "20150328150338", 26, 1, 5);
insert into P_Reply value (791, 76);
insert into P_Topic value (792, "You run with cup cake", 0);
insert into Post_Include_P_Edit value (792, 2, 0, "It look cup cake", "20150328150338", 63, 1, 6);
insert into P_Reply value (792, 41);
insert into P_Topic value (793, "She sleep in football", 0);
insert into Post_Include_P_Edit value (793, 2, 0, "She run with donut", "20150328150338", 36, 1, 1);
insert into P_Reply value (793, 124);
insert into P_Topic value (794, "I sleep in computer", 0);
insert into Post_Include_P_Edit value (794, 2, 0, "I look football", "20150328150338", 11, 1, 2);
insert into P_Reply value (794, 116);
insert into P_Topic value (795, "Hu watch computer", 0);
insert into Post_Include_P_Edit value (795, 2, 0, "Aki run with cup cake", "20150328150338", 16, 1, 2);
insert into P_Reply value (795, 47);
insert into P_Topic value (796, "She watch cake", 0);
insert into Post_Include_P_Edit value (796, 2, 0, "Ran fight with football", "20150328150338", 20, 1, 3);
insert into P_Reply value (796, 83);
insert into P_Topic value (797, "He run with football", 0);
insert into Post_Include_P_Edit value (797, 2, 0, "It fight with library", "20150328150338", 61, 1, 1);
insert into P_Reply value (797, 64);
insert into P_Topic value (798, "Ran play food", 0);
insert into Post_Include_P_Edit value (798, 2, 0, "Aki sleep in market", "20150328150338", 23, 1, 4);
insert into P_Reply value (798, 47);
insert into P_Topic value (799, "I look library", 0);
insert into Post_Include_P_Edit value (799, 2, 0, "She eat football", "20150328150338", 23, 1, 3);
insert into P_Reply value (799, 18);
insert into P_Topic value (800, "He watch library", 0);
insert into Post_Include_P_Edit value (800, 2, 0, "Ran read food", "20150328150338", 59, 1, 2);
insert into P_Reply value (800, 120);
insert into P_Topic value (801, "Aki fight with cake", 0);
insert into Post_Include_P_Edit value (801, 2, 0, "He look market", "20150328150338", 51, 1, 2);
insert into P_Reply value (801, 0);
insert into P_Topic value (802, "Hu fight with computer", 0);
insert into Post_Include_P_Edit value (802, 2, 0, "You play football", "20150328150338", 77, 1, 3);
insert into P_Reply value (802, 102);
insert into P_Topic value (803, "Aki look market", 0);
insert into Post_Include_P_Edit value (803, 2, 0, "Hu eat donut", "20150328150338", 8, 1, 6);
insert into P_Reply value (803, 129);
insert into P_Topic value (804, "It watch market", 0);
insert into Post_Include_P_Edit value (804, 2, 0, "She eat donut", "20150328150338", 52, 1, 0);
insert into P_Reply value (804, 30);
insert into P_Topic value (805, "It run with football", 0);
insert into Post_Include_P_Edit value (805, 2, 0, "He read donut", "20150328150338", 14, 1, 1);
insert into P_Reply value (805, 56);
insert into P_Topic value (806, "It fight with cake", 0);
insert into Post_Include_P_Edit value (806, 2, 0, "She sleep in market", "20150328150338", 3, 1, 7);
insert into P_Reply value (806, 25);
insert into P_Topic value (807, "Hu watch food", 0);
insert into Post_Include_P_Edit value (807, 2, 0, "Aki eat computer", "20150328150338", 0, 1, 5);
insert into P_Reply value (807, 35);
insert into P_Topic value (808, "Aki run with cup cake", 0);
insert into Post_Include_P_Edit value (808, 2, 0, "It read library", "20150328150338", 3, 1, 4);
insert into P_Reply value (808, 52);
insert into P_Topic value (809, "She run with computer", 0);
insert into Post_Include_P_Edit value (809, 2, 0, "It fight with food", "20150328150338", 29, 1, 4);
insert into P_Reply value (809, 63);
insert into P_Topic value (810, "Ran watch cup cake", 0);
insert into Post_Include_P_Edit value (810, 2, 0, "You read football", "20150328150338", 13, 1, 6);
insert into P_Reply value (810, 88);
insert into P_Topic value (811, "She watch cup cake", 0);
insert into Post_Include_P_Edit value (811, 2, 0, "She look donut", "20150328150338", 45, 1, 2);
insert into P_Reply value (811, 81);
insert into P_Topic value (812, "I run with market", 0);
insert into Post_Include_P_Edit value (812, 2, 0, "I read food", "20150328150338", 10, 1, 3);
insert into P_Reply value (812, 11);
insert into P_Topic value (813, "Aki fight with cup cake", 0);
insert into Post_Include_P_Edit value (813, 2, 0, "I fight with computer", "20150328150338", 87, 1, 7);
insert into P_Reply value (813, 57);
insert into P_Topic value (814, "Hu play football", 0);
insert into Post_Include_P_Edit value (814, 2, 0, "Ran play donut", "20150328150338", 21, 1, 2);
insert into P_Reply value (814, 88);
insert into P_Topic value (815, "He sleep in cup cake", 0);
insert into Post_Include_P_Edit value (815, 2, 0, "She read market", "20150328150338", 73, 1, 6);
insert into P_Reply value (815, 122);
insert into P_Topic value (816, "Hu eat food", 0);
insert into Post_Include_P_Edit value (816, 2, 0, "You run with cup cake", "20150328150338", 74, 1, 2);
insert into P_Reply value (816, 131);
insert into P_Topic value (817, "You read donut", 0);
insert into Post_Include_P_Edit value (817, 2, 0, "He run with cake", "20150328150338", 74, 1, 5);
insert into P_Reply value (817, 73);
insert into P_Topic value (818, "Aki play donut", 0);
insert into Post_Include_P_Edit value (818, 2, 0, "It look cake", "20150328150338", 63, 1, 3);
insert into P_Reply value (818, 78);
insert into P_Topic value (819, "You run with cup cake", 0);
insert into Post_Include_P_Edit value (819, 2, 0, "You sleep in library", "20150328150338", 5, 1, 1);
insert into P_Reply value (819, 1);
insert into P_Topic value (820, "Hu read donut", 0);
insert into Post_Include_P_Edit value (820, 2, 0, "You sleep in market", "20150328150338", 0, 1, 0);
insert into P_Reply value (820, 3);
insert into P_Topic value (821, "He play library", 0);
insert into Post_Include_P_Edit value (821, 2, 0, "She eat football", "20150328150338", 51, 1, 5);
insert into P_Reply value (821, 51);
insert into P_Topic value (822, "She look computer", 0);
insert into Post_Include_P_Edit value (822, 2, 0, "He read library", "20150328150338", 29, 1, 0);
insert into P_Reply value (822, 90);
insert into P_Topic value (823, "Ran look cup cake", 0);
insert into Post_Include_P_Edit value (823, 2, 0, "She watch football", "20150328150338", 93, 1, 1);
insert into P_Reply value (823, 53);
insert into P_Topic value (824, "She watch football", 0);
insert into Post_Include_P_Edit value (824, 2, 0, "You watch football", "20150328150338", 44, 1, 3);
insert into P_Reply value (824, 21);
insert into P_Topic value (825, "You fight with donut", 0);
insert into Post_Include_P_Edit value (825, 2, 0, "You play market", "20150328150338", 56, 1, 5);
insert into P_Reply value (825, 83);
insert into P_Topic value (826, "She read library", 0);
insert into Post_Include_P_Edit value (826, 2, 0, "I sleep in computer", "20150328150338", 46, 1, 3);
insert into P_Reply value (826, 82);
insert into P_Topic value (827, "She play cake", 0);
insert into Post_Include_P_Edit value (827, 2, 0, "He eat food", "20150328150338", 37, 1, 6);
insert into P_Reply value (827, 106);
insert into P_Topic value (828, "You play library", 0);
insert into Post_Include_P_Edit value (828, 2, 0, "It sleep in library", "20150328150338", 17, 1, 7);
insert into P_Reply value (828, 34);
insert into P_Topic value (829, "He watch cup cake", 0);
insert into Post_Include_P_Edit value (829, 2, 0, "Aki fight with computer", "20150328150338", 45, 1, 1);
insert into P_Reply value (829, 27);
insert into P_Topic value (830, "Hu eat cake", 0);
insert into Post_Include_P_Edit value (830, 2, 0, "You eat computer", "20150328150338", 56, 1, 2);
insert into P_Reply value (830, 8);
insert into P_Topic value (831, "Hu play cup cake", 0);
insert into Post_Include_P_Edit value (831, 2, 0, "She run with cake", "20150328150338", 41, 1, 5);
insert into P_Reply value (831, 73);
insert into P_Topic value (832, "Ran read food", 0);
insert into Post_Include_P_Edit value (832, 2, 0, "He watch food", "20150328150338", 68, 1, 6);
insert into P_Reply value (832, 93);
insert into P_Topic value (833, "Ran sleep in market", 0);
insert into Post_Include_P_Edit value (833, 2, 0, "Hu watch football", "20150328150338", 19, 1, 0);
insert into P_Reply value (833, 70);
insert into P_Topic value (834, "You watch market", 0);
insert into Post_Include_P_Edit value (834, 2, 0, "Ran run with library", "20150328150338", 93, 1, 2);
insert into P_Reply value (834, 107);
insert into P_Topic value (835, "Aki watch market", 0);
insert into Post_Include_P_Edit value (835, 2, 0, "Hu look football", "20150328150338", 42, 1, 6);
insert into P_Reply value (835, 66);
insert into P_Topic value (836, "She look cup cake", 0);
insert into Post_Include_P_Edit value (836, 2, 0, "Hu play cake", "20150328150338", 72, 1, 5);
insert into P_Reply value (836, 22);
insert into P_Topic value (837, "You fight with market", 0);
insert into Post_Include_P_Edit value (837, 2, 0, "I eat football", "20150328150338", 74, 1, 4);
insert into P_Reply value (837, 52);
insert into P_Topic value (838, "Ran watch cup cake", 0);
insert into Post_Include_P_Edit value (838, 2, 0, "I play library", "20150328150338", 22, 1, 6);
insert into P_Reply value (838, 107);
insert into P_Topic value (839, "You read cup cake", 0);
insert into Post_Include_P_Edit value (839, 2, 0, "Ran play football", "20150328150338", 23, 1, 3);
insert into P_Reply value (839, 114);
insert into P_Topic value (840, "He fight with computer", 0);
insert into Post_Include_P_Edit value (840, 2, 0, "I watch library", "20150328150338", 38, 1, 6);
insert into P_Reply value (840, 12);
insert into P_Topic value (841, "She fight with computer", 0);
insert into Post_Include_P_Edit value (841, 2, 0, "Hu sleep in computer", "20150328150338", 12, 1, 4);
insert into P_Reply value (841, 30);
insert into P_Topic value (842, "I read computer", 0);
insert into Post_Include_P_Edit value (842, 2, 0, "It play donut", "20150328150338", 81, 1, 3);
insert into P_Reply value (842, 18);
insert into P_Topic value (843, "It sleep in football", 0);
insert into Post_Include_P_Edit value (843, 2, 0, "I read library", "20150328150338", 1, 1, 7);
insert into P_Reply value (843, 13);
insert into P_Topic value (844, "He sleep in market", 0);
insert into Post_Include_P_Edit value (844, 2, 0, "She sleep in food", "20150328150338", 56, 1, 6);
insert into P_Reply value (844, 2);
insert into P_Topic value (845, "She fight with computer", 0);
insert into Post_Include_P_Edit value (845, 2, 0, "Aki fight with donut", "20150328150338", 65, 1, 2);
insert into P_Reply value (845, 82);
insert into P_Topic value (846, "Ran play cake", 0);
insert into Post_Include_P_Edit value (846, 2, 0, "You run with donut", "20150328150338", 25, 1, 3);
insert into P_Reply value (846, 78);
insert into P_Topic value (847, "Ran eat donut", 0);
insert into Post_Include_P_Edit value (847, 2, 0, "Aki eat cup cake", "20150328150338", 48, 1, 4);
insert into P_Reply value (847, 116);
insert into P_Topic value (848, "She read cake", 0);
insert into Post_Include_P_Edit value (848, 2, 0, "It run with donut", "20150328150338", 33, 1, 1);
insert into P_Reply value (848, 40);
insert into P_Topic value (849, "You watch cup cake", 0);
insert into Post_Include_P_Edit value (849, 2, 0, "You run with football", "20150328150338", 88, 1, 2);
insert into P_Reply value (849, 17);
insert into P_Topic value (850, "Ran fight with food", 0);
insert into Post_Include_P_Edit value (850, 2, 0, "He watch cup cake", "20150328150338", 84, 1, 1);
insert into P_Reply value (850, 104);
insert into P_Topic value (851, "It sleep in food", 0);
insert into Post_Include_P_Edit value (851, 2, 0, "I read food", "20150328150338", 3, 1, 4);
insert into P_Reply value (851, 14);
insert into P_Topic value (852, "Aki fight with food", 0);
insert into Post_Include_P_Edit value (852, 2, 0, "Aki run with market", "20150328150338", 41, 1, 7);
insert into P_Reply value (852, 35);
insert into P_Topic value (853, "Ran play food", 0);
insert into Post_Include_P_Edit value (853, 2, 0, "Aki look donut", "20150328150338", 61, 1, 0);
insert into P_Reply value (853, 61);
insert into P_Topic value (854, "He look cup cake", 0);
insert into Post_Include_P_Edit value (854, 2, 0, "She look computer", "20150328150338", 23, 1, 6);
insert into P_Reply value (854, 123);
insert into P_Topic value (855, "Aki read food", 0);
insert into Post_Include_P_Edit value (855, 2, 0, "She sleep in market", "20150328150338", 38, 1, 4);
insert into P_Reply value (855, 125);
insert into P_Topic value (856, "You watch cup cake", 0);
insert into Post_Include_P_Edit value (856, 2, 0, "I play food", "20150328150338", 33, 1, 3);
insert into P_Reply value (856, 31);
insert into P_Topic value (857, "You fight with market", 0);
insert into Post_Include_P_Edit value (857, 2, 0, "You look market", "20150328150338", 9, 1, 0);
insert into P_Reply value (857, 33);
insert into P_Topic value (858, "Aki fight with donut", 0);
insert into Post_Include_P_Edit value (858, 2, 0, "You fight with cake", "20150328150338", 87, 1, 2);
insert into P_Reply value (858, 40);
insert into P_Topic value (859, "Aki sleep in donut", 0);
insert into Post_Include_P_Edit value (859, 2, 0, "I play football", "20150328150338", 89, 1, 2);
insert into P_Reply value (859, 47);
insert into P_Topic value (860, "I fight with donut", 0);
insert into Post_Include_P_Edit value (860, 2, 0, "Aki run with football", "20150328150338", 1, 1, 0);
insert into P_Reply value (860, 10);
insert into P_Topic value (861, "I read market", 0);
insert into Post_Include_P_Edit value (861, 2, 0, "She eat library", "20150328150338", 49, 1, 5);
insert into P_Reply value (861, 12);
insert into P_Topic value (862, "I eat football", 0);
insert into Post_Include_P_Edit value (862, 2, 0, "I eat cup cake", "20150328150338", 53, 1, 6);
insert into P_Reply value (862, 12);
insert into P_Topic value (863, "You run with computer", 0);
insert into Post_Include_P_Edit value (863, 2, 0, "She sleep in market", "20150328150338", 86, 1, 0);
insert into P_Reply value (863, 104);
insert into P_Topic value (864, "She sleep in donut", 0);
insert into Post_Include_P_Edit value (864, 2, 0, "She sleep in cup cake", "20150328150338", 56, 1, 3);
insert into P_Reply value (864, 63);
insert into P_Topic value (865, "She eat cup cake", 0);
insert into Post_Include_P_Edit value (865, 2, 0, "I play market", "20150328150338", 42, 1, 0);
insert into P_Reply value (865, 7);
insert into P_Topic value (866, "Aki eat computer", 0);
insert into Post_Include_P_Edit value (866, 2, 0, "He look market", "20150328150338", 27, 1, 7);
insert into P_Reply value (866, 87);
insert into P_Topic value (867, "Hu read donut", 0);
insert into Post_Include_P_Edit value (867, 2, 0, "You run with library", "20150328150338", 21, 1, 1);
insert into P_Reply value (867, 2);
insert into P_Topic value (868, "Hu look donut", 0);
insert into Post_Include_P_Edit value (868, 2, 0, "Aki sleep in cake", "20150328150338", 44, 1, 3);
insert into P_Reply value (868, 72);
insert into P_Topic value (869, "She sleep in food", 0);
insert into Post_Include_P_Edit value (869, 2, 0, "Ran run with donut", "20150328150338", 65, 1, 4);
insert into P_Reply value (869, 0);
insert into P_Topic value (870, "You play computer", 0);
insert into Post_Include_P_Edit value (870, 2, 0, "She look donut", "20150328150338", 19, 1, 1);
insert into P_Reply value (870, 20);
insert into P_Topic value (871, "He watch market", 0);
insert into Post_Include_P_Edit value (871, 2, 0, "It sleep in cake", "20150328150338", 79, 1, 4);
insert into P_Reply value (871, 114);
insert into P_Topic value (872, "You watch cup cake", 0);
insert into Post_Include_P_Edit value (872, 2, 0, "It look library", "20150328150338", 22, 1, 2);
insert into P_Reply value (872, 129);
insert into P_Topic value (873, "He fight with computer", 0);
insert into Post_Include_P_Edit value (873, 2, 0, "He read football", "20150328150338", 2, 1, 6);
insert into P_Reply value (873, 123);
insert into P_Topic value (874, "Aki run with cup cake", 0);
insert into Post_Include_P_Edit value (874, 2, 0, "Hu watch donut", "20150328150338", 1, 1, 5);
insert into P_Reply value (874, 114);
insert into P_Topic value (875, "She look food", 0);
insert into Post_Include_P_Edit value (875, 2, 0, "You play market", "20150328150338", 8, 1, 1);
insert into P_Reply value (875, 28);
insert into P_Topic value (876, "It eat football", 0);
insert into Post_Include_P_Edit value (876, 2, 0, "He eat library", "20150328150338", 8, 1, 7);
insert into P_Reply value (876, 61);
insert into P_Topic value (877, "Ran watch football", 0);
insert into Post_Include_P_Edit value (877, 2, 0, "Aki play football", "20150328150338", 29, 1, 3);
insert into P_Reply value (877, 62);
insert into P_Topic value (878, "Ran play cup cake", 0);
insert into Post_Include_P_Edit value (878, 2, 0, "Aki watch computer", "20150328150338", 13, 1, 6);
insert into P_Reply value (878, 43);
insert into P_Topic value (879, "She look football", 0);
insert into Post_Include_P_Edit value (879, 2, 0, "You watch donut", "20150328150338", 58, 1, 1);
insert into P_Reply value (879, 24);
insert into P_Topic value (880, "Hu play library", 0);
insert into Post_Include_P_Edit value (880, 2, 0, "You run with cake", "20150328150338", 27, 1, 7);
insert into P_Reply value (880, 106);
insert into P_Topic value (881, "Ran look food", 0);
insert into Post_Include_P_Edit value (881, 2, 0, "Hu sleep in donut", "20150328150338", 38, 1, 2);
insert into P_Reply value (881, 79);
insert into P_Topic value (882, "He sleep in cake", 0);
insert into Post_Include_P_Edit value (882, 2, 0, "I play food", "20150328150338", 34, 1, 2);
insert into P_Reply value (882, 65);
insert into P_Topic value (883, "I play market", 0);
insert into Post_Include_P_Edit value (883, 2, 0, "She run with computer", "20150328150338", 77, 1, 3);
insert into P_Reply value (883, 90);
insert into P_Topic value (884, "Ran look computer", 0);
insert into Post_Include_P_Edit value (884, 2, 0, "He look cake", "20150328150338", 32, 1, 7);
insert into P_Reply value (884, 42);
insert into P_Topic value (885, "You play football", 0);
insert into Post_Include_P_Edit value (885, 2, 0, "It sleep in food", "20150328150338", 42, 1, 7);
insert into P_Reply value (885, 56);
insert into P_Topic value (886, "Aki fight with cake", 0);
insert into Post_Include_P_Edit value (886, 2, 0, "It eat cup cake", "20150328150338", 82, 1, 6);
insert into P_Reply value (886, 74);
insert into P_Topic value (887, "Aki run with library", 0);
insert into Post_Include_P_Edit value (887, 2, 0, "You read market", "20150328150338", 91, 1, 5);
insert into P_Reply value (887, 51);
insert into P_Topic value (888, "She fight with market", 0);
insert into Post_Include_P_Edit value (888, 2, 0, "Ran sleep in donut", "20150328150338", 49, 1, 2);
insert into P_Reply value (888, 117);
insert into P_Topic value (889, "I read cake", 0);
insert into Post_Include_P_Edit value (889, 2, 0, "Ran play food", "20150328150338", 36, 1, 6);
insert into P_Reply value (889, 120);
insert into P_Topic value (890, "Aki run with library", 0);
insert into Post_Include_P_Edit value (890, 2, 0, "Hu fight with library", "20150328150338", 85, 1, 3);
insert into P_Reply value (890, 14);
insert into P_Topic value (891, "I watch cup cake", 0);
insert into Post_Include_P_Edit value (891, 2, 0, "Aki fight with market", "20150328150338", 59, 1, 3);
insert into P_Reply value (891, 88);
insert into P_Topic value (892, "Hu watch food", 0);
insert into Post_Include_P_Edit value (892, 2, 0, "Hu fight with library", "20150328150338", 64, 1, 4);
insert into P_Reply value (892, 64);
insert into P_Topic value (893, "Aki fight with market", 0);
insert into Post_Include_P_Edit value (893, 2, 0, "Aki watch food", "20150328150338", 4, 1, 7);
insert into P_Reply value (893, 61);
insert into P_Topic value (894, "It play food", 0);
insert into Post_Include_P_Edit value (894, 2, 0, "Ran play market", "20150328150338", 5, 1, 0);
insert into P_Reply value (894, 12);
insert into P_Topic value (895, "She sleep in cake", 0);
insert into Post_Include_P_Edit value (895, 2, 0, "She eat computer", "20150328150338", 42, 1, 4);
insert into P_Reply value (895, 18);
insert into P_Topic value (896, "You sleep in food", 0);
insert into Post_Include_P_Edit value (896, 2, 0, "Aki play market", "20150328150338", 40, 1, 5);
insert into P_Reply value (896, 47);
insert into P_Topic value (897, "Hu watch cup cake", 0);
insert into Post_Include_P_Edit value (897, 2, 0, "It eat cup cake", "20150328150338", 37, 1, 4);
insert into P_Reply value (897, 80);
insert into P_Topic value (898, "Hu look cake", 0);
insert into Post_Include_P_Edit value (898, 2, 0, "Ran eat food", "20150328150338", 69, 1, 1);
insert into P_Reply value (898, 80);
insert into P_Topic value (899, "It watch cup cake", 0);
insert into Post_Include_P_Edit value (899, 2, 0, "You sleep in market", "20150328150338", 81, 1, 6);
insert into P_Reply value (899, 74);
insert into P_Topic value (900, "Hu fight with cake", 0);
insert into Post_Include_P_Edit value (900, 2, 0, "She read cup cake", "20150328150338", 88, 1, 2);
insert into P_Reply value (900, 73);
insert into P_Topic value (901, "Hu look cake", 0);
insert into Post_Include_P_Edit value (901, 2, 0, "It fight with cup cake", "20150328150338", 29, 1, 5);
insert into P_Reply value (901, 41);
insert into P_Topic value (902, "He play donut", 0);
insert into Post_Include_P_Edit value (902, 2, 0, "It run with football", "20150328150338", 48, 1, 1);
insert into P_Reply value (902, 16);
insert into P_Topic value (903, "Ran watch computer", 0);
insert into Post_Include_P_Edit value (903, 2, 0, "Ran look football", "20150328150338", 63, 1, 4);
insert into P_Reply value (903, 114);
insert into P_Topic value (904, "She fight with food", 0);
insert into Post_Include_P_Edit value (904, 2, 0, "It read football", "20150328150338", 93, 1, 0);
insert into P_Reply value (904, 87);
insert into P_Topic value (905, "Ran look computer", 0);
insert into Post_Include_P_Edit value (905, 2, 0, "Aki eat library", "20150328150338", 90, 1, 1);
insert into P_Reply value (905, 4);
insert into P_Topic value (906, "She look library", 0);
insert into Post_Include_P_Edit value (906, 2, 0, "Hu run with football", "20150328150338", 56, 1, 2);
insert into P_Reply value (906, 24);
insert into P_Topic value (907, "It read library", 0);
insert into Post_Include_P_Edit value (907, 2, 0, "I read cake", "20150328150338", 3, 1, 6);
insert into P_Reply value (907, 31);
insert into P_Topic value (908, "She eat computer", 0);
insert into Post_Include_P_Edit value (908, 2, 0, "I watch donut", "20150328150338", 72, 1, 2);
insert into P_Reply value (908, 64);
insert into P_Topic value (909, "Aki sleep in cup cake", 0);
insert into Post_Include_P_Edit value (909, 2, 0, "You watch market", "20150328150338", 61, 1, 2);
insert into P_Reply value (909, 17);
insert into P_Topic value (910, "He sleep in market", 0);
insert into Post_Include_P_Edit value (910, 2, 0, "I sleep in donut", "20150328150338", 5, 1, 0);
insert into P_Reply value (910, 6);
insert into P_Topic value (911, "I play cake", 0);
insert into Post_Include_P_Edit value (911, 2, 0, "He eat library", "20150328150338", 37, 1, 0);
insert into P_Reply value (911, 99);
insert into P_Topic value (912, "Hu read food", 0);
insert into Post_Include_P_Edit value (912, 2, 0, "He eat donut", "20150328150338", 41, 1, 0);
insert into P_Reply value (912, 18);
insert into P_Topic value (913, "Hu look cup cake", 0);
insert into Post_Include_P_Edit value (913, 2, 0, "Ran read library", "20150328150338", 56, 1, 2);
insert into P_Reply value (913, 9);
insert into P_Topic value (914, "He run with computer", 0);
insert into Post_Include_P_Edit value (914, 2, 0, "Ran read cup cake", "20150328150338", 6, 1, 6);
insert into P_Reply value (914, 36);
insert into P_Topic value (915, "You play cake", 0);
insert into Post_Include_P_Edit value (915, 2, 0, "I play cake", "20150328150338", 29, 1, 4);
insert into P_Reply value (915, 64);
insert into P_Topic value (916, "It read football", 0);
insert into Post_Include_P_Edit value (916, 2, 0, "Ran look football", "20150328150338", 55, 1, 4);
insert into P_Reply value (916, 54);
insert into P_Topic value (917, "Aki fight with library", 0);
insert into Post_Include_P_Edit value (917, 2, 0, "I play food", "20150328150338", 79, 1, 7);
insert into P_Reply value (917, 105);
insert into P_Topic value (918, "Hu run with market", 0);
insert into Post_Include_P_Edit value (918, 2, 0, "She eat market", "20150328150338", 49, 1, 4);
insert into P_Reply value (918, 50);
insert into P_Topic value (919, "Hu eat cup cake", 0);
insert into Post_Include_P_Edit value (919, 2, 0, "Aki watch market", "20150328150338", 15, 1, 6);
insert into P_Reply value (919, 27);
insert into P_Topic value (920, "He sleep in computer", 0);
insert into Post_Include_P_Edit value (920, 2, 0, "Hu watch computer", "20150328150338", 20, 1, 2);
insert into P_Reply value (920, 97);
insert into P_Topic value (921, "You run with library", 0);
insert into Post_Include_P_Edit value (921, 2, 0, "Hu watch food", "20150328150338", 57, 1, 6);
insert into P_Reply value (921, 60);
insert into P_Topic value (922, "You read library", 0);
insert into Post_Include_P_Edit value (922, 2, 0, "Hu look donut", "20150328150338", 35, 1, 7);
insert into P_Reply value (922, 105);
insert into P_Topic value (923, "Aki watch football", 0);
insert into Post_Include_P_Edit value (923, 2, 0, "She read computer", "20150328150338", 71, 1, 2);
insert into P_Reply value (923, 44);
insert into P_Topic value (924, "I look library", 0);
insert into Post_Include_P_Edit value (924, 2, 0, "I eat library", "20150328150338", 28, 1, 5);
insert into P_Reply value (924, 113);
insert into P_Topic value (925, "Hu eat football", 0);
insert into Post_Include_P_Edit value (925, 2, 0, "He read cup cake", "20150328150338", 90, 1, 2);
insert into P_Reply value (925, 9);
insert into P_Topic value (926, "He run with library", 0);
insert into Post_Include_P_Edit value (926, 2, 0, "I sleep in cup cake", "20150328150338", 69, 1, 6);
insert into P_Reply value (926, 40);
insert into P_Topic value (927, "I look cup cake", 0);
insert into Post_Include_P_Edit value (927, 2, 0, "It sleep in computer", "20150328150338", 33, 1, 1);
insert into P_Reply value (927, 58);
insert into P_Topic value (928, "Ran look football", 0);
insert into Post_Include_P_Edit value (928, 2, 0, "She read football", "20150328150338", 67, 1, 4);
insert into P_Reply value (928, 22);
insert into P_Topic value (929, "Aki eat food", 0);
insert into Post_Include_P_Edit value (929, 2, 0, "Hu read market", "20150328150338", 45, 1, 2);
insert into P_Reply value (929, 117);
