SET FOREIGN_KEY_CHECKS=0;
drop table Admin;
drop table User;
drop table Section;
drop table Post_Include_P_Edit;
drop table P_Topic;
drop table P_Reply;
drop table Attachment;
drop table Draft;
drop table Point_Purchase;
drop table Make_Friends;
drop table Download;
drop table Submit;
SET FOREIGN_KEY_CHECKS=1;

CREATE TABLE Admin(AdminID INTEGER,Password VARCHAR(64),Email VARCHAR(64),Icon VARCHAR(64),Admin_Name VARCHAR(64),PRIMARY KEY (AdminID));
CREATE TABLE User(UID INTEGER,U_AccessLevel INTEGER,Password VARCHAR(64),Email VARCHAR(64),Icon VARCHAR(64),U_Name VARCHAR(64),U_Address VARCHAR(64),PostalCode VARCHAR(32),Points INTEGER CHECK (Points > 0),AdminID INTEGER,PRIMARY KEY (UID),FOREIGN KEY (AdminID) REFERENCES Admin(AdminID));
CREATE TABLE Section(SID INTEGER,S_Name VARCHAR(64),AdminID INTEGER,PRIMARY KEY (SID),FOREIGN KEY (AdminID) REFERENCES Admin(AdminID));
CREATE TABLE Post_Include_P_Edit(PID INTEGER,Type INTEGER,Like_Amount INTEGER,P_Content VARCHAR(512),P_Date TIMESTAMP,UID INTEGER,AdminID INTEGER,SID INTEGER,PRIMARY KEY (PID),FOREIGN KEY (UID) REFERENCES User(UID),FOREIGN KEY (AdminID) REFERENCES Admin(AdminID),FOREIGN KEY (SID) REFERENCES Section(SID) ON DELETE CASCADE ON UPDATE CASCADE);
CREATE TABLE P_Topic(T_PID INTEGER,T_Title VARCHAR(64),View_Amount INTEGER,PRIMARY KEY (T_PID));
CREATE TABLE P_Reply(PID INTEGER,T_PID INTEGER,PRIMARY KEY (PID, T_PID),FOREIGN KEY (T_PID) REFERENCES P_Topic(T_PID) ON DELETE CASCADE ON UPDATE CASCADE);
CREATE TABLE Attachment(AID INTEGER,A_Name VARCHAR(64),A_Size INTEGER,A_Price INTEGER,Download_Amount INTEGER,T_PID INTEGER,PRIMARY KEY (AID, T_PID),FOREIGN KEY (T_PID) REFERENCES P_Topic(T_PID) ON DELETE CASCADE ON UPDATE CASCADE);
CREATE TABLE Draft(DID INTEGER,D_Title VARCHAR(64),D_Content VARCHAR(512),UID INTEGER,PRIMARY KEY (DID, UID),FOREIGN KEY (UID) REFERENCES User(UID) ON DELETE CASCADE ON UPDATE CASCADE);
CREATE TABLE Point_Purchase(PPID INTEGER,PP_Amount INTEGER,PP_Date TIMESTAMP,UID INTEGER,PRIMARY KEY (PPID, UID),FOREIGN KEY (UID) REFERENCES User(UID) ON DELETE CASCADE ON UPDATE CASCADE);
CREATE TABLE Make_Friends(User_UID INTEGER,Friend_UID INTEGER,PRIMARY KEY (User_UID, Friend_UID),FOREIGN KEY (User_UID) REFERENCES User(UID),FOREIGN KEY (Friend_UID) REFERENCES User(UID));
CREATE TABLE Download(UID INTEGER,AID INTEGER,D_Date TIMESTAMP,PRIMARY KEY (UID, AID),FOREIGN KEY (UID) REFERENCES User(UID),FOREIGN KEY (AID) REFERENCES Attachment(AID));
CREATE TABLE Submit(DID INTEGER,PID INTEGER,PRIMARY KEY (DID),FOREIGN KEY (DID) REFERENCES Draft(DID),FOREIGN KEY (PID) REFERENCES Post_Include_P_Edit(PID));

INSERT INTO Admin VALUE(1, "admin123", "mmxinran@gmail.com", "", "Xinran Ma");

INSERT INTO User VALUE(0, 0, "user1314", "0@gmail.com", "pic/default.png", "Fan Bill Jack", "", "", 10, 1);
INSERT INTO User VALUE(1, 0, "user1314", "1@gmail.com", "pic/default.png", "Hu Mora Lyn", "", "", 10, 1);
INSERT INTO User VALUE(2, 0, "user1314", "2@gmail.com", "pic/default.png", "Aki John Lyn", "", "", 10, 1);
INSERT INTO User VALUE(3, 0, "user1314", "3@gmail.com", "pic/default.png", "Aki Mora Mike", "", "", 10, 1);
INSERT INTO User VALUE(4, 0, "user1314", "4@gmail.com", "pic/default.png", "Hu Bill Mike", "", "", 10, 1);
INSERT INTO User VALUE(5, 0, "user1314", "5@gmail.com", "pic/default.png", "Aki Gil James", "", "", 10, 1);
INSERT INTO User VALUE(6, 0, "user1314", "6@gmail.com", "pic/default.png", "Bing John Tom", "", "", 10, 1);
INSERT INTO User VALUE(7, 0, "user1314", "7@gmail.com", "pic/default.png", "Aki Gil James", "", "", 10, 1);
INSERT INTO User VALUE(8, 0, "user1314", "8@gmail.com", "pic/default.png", "Aki Gil Lyn", "", "", 10, 1);
INSERT INTO User VALUE(9, 0, "user1314", "9@gmail.com", "pic/default.png", "Aki Mora Mike", "", "", 10, 1);
INSERT INTO User VALUE(10, 0, "user1314", "10@gmail.com", "pic/default.png", "Aki Gil Mike", "", "", 10, 1);
INSERT INTO User VALUE(11, 0, "user1314", "11@gmail.com", "pic/default.png", "Ran Gil James", "", "", 10, 1);
INSERT INTO User VALUE(12, 0, "user1314", "12@gmail.com", "pic/default.png", "Aki Bill James", "", "", 10, 1);
INSERT INTO User VALUE(13, 0, "user1314", "13@gmail.com", "pic/default.png", "Bing Jim Tom", "", "", 10, 1);
INSERT INTO User VALUE(14, 0, "user1314", "14@gmail.com", "pic/default.png", "Ran John Tom", "", "", 10, 1);
INSERT INTO User VALUE(15, 0, "user1314", "15@gmail.com", "pic/default.png", "Hu Jim Jack", "", "", 10, 1);
INSERT INTO User VALUE(16, 0, "user1314", "16@gmail.com", "pic/default.png", "Aki John James", "", "", 10, 1);
INSERT INTO User VALUE(17, 0, "user1314", "17@gmail.com", "pic/default.png", "Ran Mora James", "", "", 10, 1);
INSERT INTO User VALUE(18, 0, "user1314", "18@gmail.com", "pic/default.png", "Hu John James", "", "", 10, 1);
INSERT INTO User VALUE(19, 0, "user1314", "19@gmail.com", "pic/default.png", "Aki Gil Jack", "", "", 10, 1);
INSERT INTO User VALUE(20, 0, "user1314", "20@gmail.com", "pic/default.png", "Ran Gil Jack", "", "", 10, 1);
INSERT INTO User VALUE(21, 0, "user1314", "21@gmail.com", "pic/default.png", "Hu Gil Jack", "", "", 10, 1);
INSERT INTO User VALUE(22, 0, "user1314", "22@gmail.com", "pic/default.png", "Ran John James", "", "", 10, 1);
INSERT INTO User VALUE(23, 0, "user1314", "23@gmail.com", "pic/default.png", "Hu Jim Lyn", "", "", 10, 1);
INSERT INTO User VALUE(24, 0, "user1314", "24@gmail.com", "pic/default.png", "Bing John Lyn", "", "", 10, 1);
INSERT INTO User VALUE(25, 0, "user1314", "25@gmail.com", "pic/default.png", "Hu Jim Mike", "", "", 10, 1);
INSERT INTO User VALUE(26, 0, "user1314", "26@gmail.com", "pic/default.png", "Ran Mora Jack", "", "", 10, 1);
INSERT INTO User VALUE(27, 0, "user1314", "27@gmail.com", "pic/default.png", "Fan Bill Tom", "", "", 10, 1);
INSERT INTO User VALUE(28, 0, "user1314", "28@gmail.com", "pic/default.png", "Fan Mora Tom", "", "", 10, 1);
INSERT INTO User VALUE(29, 0, "user1314", "29@gmail.com", "pic/default.png", "Ran John Lyn", "", "", 10, 1);
INSERT INTO User VALUE(30, 0, "user1314", "30@gmail.com", "pic/default.png", "Aki Gil Tom", "", "", 10, 1);
INSERT INTO User VALUE(31, 0, "user1314", "31@gmail.com", "pic/default.png", "Fan Gil Jack", "", "", 10, 1);
INSERT INTO User VALUE(32, 0, "user1314", "32@gmail.com", "pic/default.png", "Aki Gil James", "", "", 10, 1);
INSERT INTO User VALUE(33, 0, "user1314", "33@gmail.com", "pic/default.png", "Fan Jim James", "", "", 10, 1);
INSERT INTO User VALUE(34, 0, "user1314", "34@gmail.com", "pic/default.png", "Bing Mora Tom", "", "", 10, 1);
INSERT INTO User VALUE(35, 0, "user1314", "35@gmail.com", "pic/default.png", "Aki Mora Mike", "", "", 10, 1);
INSERT INTO User VALUE(36, 0, "user1314", "36@gmail.com", "pic/default.png", "Fan Mora Jack", "", "", 10, 1);
INSERT INTO User VALUE(37, 0, "user1314", "37@gmail.com", "pic/default.png", "Fan Mora Tom", "", "", 10, 1);
INSERT INTO User VALUE(38, 0, "user1314", "38@gmail.com", "pic/default.png", "Hu Bill Jack", "", "", 10, 1);
INSERT INTO User VALUE(39, 0, "user1314", "39@gmail.com", "pic/default.png", "Aki Gil Jack", "", "", 10, 1);
INSERT INTO User VALUE(40, 0, "user1314", "40@gmail.com", "pic/default.png", "Hu Jim Lyn", "", "", 10, 1);
INSERT INTO User VALUE(41, 0, "user1314", "41@gmail.com", "pic/default.png", "Ran Jim James", "", "", 10, 1);
INSERT INTO User VALUE(42, 0, "user1314", "42@gmail.com", "pic/default.png", "Fan Mora James", "", "", 10, 1);
INSERT INTO User VALUE(43, 0, "user1314", "43@gmail.com", "pic/default.png", "Aki Mora Mike", "", "", 10, 1);
INSERT INTO User VALUE(44, 0, "user1314", "44@gmail.com", "pic/default.png", "Aki Jim Jack", "", "", 10, 1);
INSERT INTO User VALUE(45, 0, "user1314", "45@gmail.com", "pic/default.png", "Fan Gil Mike", "", "", 10, 1);
INSERT INTO User VALUE(46, 0, "user1314", "46@gmail.com", "pic/default.png", "Ran Gil Tom", "", "", 10, 1);
INSERT INTO User VALUE(47, 0, "user1314", "47@gmail.com", "pic/default.png", "Aki Gil Tom", "", "", 10, 1);
INSERT INTO User VALUE(48, 0, "user1314", "48@gmail.com", "pic/default.png", "Ran Gil James", "", "", 10, 1);
INSERT INTO User VALUE(49, 0, "user1314", "49@gmail.com", "pic/default.png", "Aki John James", "", "", 10, 1);
INSERT INTO User VALUE(50, 0, "user1314", "50@gmail.com", "pic/default.png", "Aki Mora Tom", "", "", 10, 1);
INSERT INTO User VALUE(51, 0, "user1314", "51@gmail.com", "pic/default.png", "Ran John Tom", "", "", 10, 1);
INSERT INTO User VALUE(52, 0, "user1314", "52@gmail.com", "pic/default.png", "Fan John Lyn", "", "", 10, 1);
INSERT INTO User VALUE(53, 0, "user1314", "53@gmail.com", "pic/default.png", "Bing Jim Mike", "", "", 10, 1);
INSERT INTO User VALUE(54, 0, "user1314", "54@gmail.com", "pic/default.png", "Fan Mora James", "", "", 10, 1);
INSERT INTO User VALUE(55, 0, "user1314", "55@gmail.com", "pic/default.png", "Fan Mora Mike", "", "", 10, 1);
INSERT INTO User VALUE(56, 0, "user1314", "56@gmail.com", "pic/default.png", "Bing John Mike", "", "", 10, 1);
INSERT INTO User VALUE(57, 0, "user1314", "57@gmail.com", "pic/default.png", "Fan Bill Jack", "", "", 10, 1);
INSERT INTO User VALUE(58, 0, "user1314", "58@gmail.com", "pic/default.png", "Fan Bill Tom", "", "", 10, 1);
INSERT INTO User VALUE(59, 0, "user1314", "59@gmail.com", "pic/default.png", "Hu Bill Tom", "", "", 10, 1);
INSERT INTO User VALUE(60, 0, "user1314", "60@gmail.com", "pic/default.png", "Fan John Jack", "", "", 10, 1);
INSERT INTO User VALUE(61, 0, "user1314", "61@gmail.com", "pic/default.png", "Fan Mora Tom", "", "", 10, 1);
INSERT INTO User VALUE(62, 0, "user1314", "62@gmail.com", "pic/default.png", "Bing John Tom", "", "", 10, 1);
INSERT INTO User VALUE(63, 0, "user1314", "63@gmail.com", "pic/default.png", "Fan Gil Lyn", "", "", 10, 1);
INSERT INTO User VALUE(64, 0, "user1314", "64@gmail.com", "pic/default.png", "Bing Bill James", "", "", 10, 1);
INSERT INTO User VALUE(65, 0, "user1314", "65@gmail.com", "pic/default.png", "Ran John Tom", "", "", 10, 1);
INSERT INTO User VALUE(66, 0, "user1314", "66@gmail.com", "pic/default.png", "Hu John James", "", "", 10, 1);
INSERT INTO User VALUE(67, 0, "user1314", "67@gmail.com", "pic/default.png", "Ran Gil Mike", "", "", 10, 1);
INSERT INTO User VALUE(68, 0, "user1314", "68@gmail.com", "pic/default.png", "Hu John Jack", "", "", 10, 1);
INSERT INTO User VALUE(69, 0, "user1314", "69@gmail.com", "pic/default.png", "Bing John Jack", "", "", 10, 1);
INSERT INTO User VALUE(70, 0, "user1314", "70@gmail.com", "pic/default.png", "Bing Gil James", "", "", 10, 1);
INSERT INTO User VALUE(71, 0, "user1314", "71@gmail.com", "pic/default.png", "Fan Bill Tom", "", "", 10, 1);
INSERT INTO User VALUE(72, 0, "user1314", "72@gmail.com", "pic/default.png", "Fan Mora Tom", "", "", 10, 1);
INSERT INTO User VALUE(73, 0, "user1314", "73@gmail.com", "pic/default.png", "Aki Gil Tom", "", "", 10, 1);
INSERT INTO User VALUE(74, 0, "user1314", "74@gmail.com", "pic/default.png", "Bing Jim Jack", "", "", 10, 1);
INSERT INTO User VALUE(75, 0, "user1314", "75@gmail.com", "pic/default.png", "Ran Gil Mike", "", "", 10, 1);
INSERT INTO User VALUE(76, 0, "user1314", "76@gmail.com", "pic/default.png", "Bing Mora Mike", "", "", 10, 1);
INSERT INTO User VALUE(77, 0, "user1314", "77@gmail.com", "pic/default.png", "Ran Bill Mike", "", "", 10, 1);
INSERT INTO User VALUE(78, 0, "user1314", "78@gmail.com", "pic/default.png", "Aki Jim Lyn", "", "", 10, 1);
INSERT INTO User VALUE(79, 0, "user1314", "79@gmail.com", "pic/default.png", "Bing Mora Tom", "", "", 10, 1);
INSERT INTO User VALUE(80, 0, "user1314", "80@gmail.com", "pic/default.png", "Hu Bill James", "", "", 10, 1);
INSERT INTO User VALUE(81, 0, "user1314", "81@gmail.com", "pic/default.png", "Fan Jim Lyn", "", "", 10, 1);
INSERT INTO User VALUE(82, 0, "user1314", "82@gmail.com", "pic/default.png", "Bing Jim Jack", "", "", 10, 1);
INSERT INTO User VALUE(83, 0, "user1314", "83@gmail.com", "pic/default.png", "Bing Bill James", "", "", 10, 1);
INSERT INTO User VALUE(84, 0, "user1314", "84@gmail.com", "pic/default.png", "Fan Mora Jack", "", "", 10, 1);
INSERT INTO User VALUE(85, 0, "user1314", "85@gmail.com", "pic/default.png", "Hu Bill Lyn", "", "", 10, 1);
INSERT INTO User VALUE(86, 0, "user1314", "86@gmail.com", "pic/default.png", "Bing Bill Jack", "", "", 10, 1);
INSERT INTO User VALUE(87, 0, "user1314", "87@gmail.com", "pic/default.png", "Aki John James", "", "", 10, 1);
INSERT INTO User VALUE(88, 0, "user1314", "88@gmail.com", "pic/default.png", "Fan Bill Mike", "", "", 10, 1);
INSERT INTO User VALUE(89, 0, "user1314", "89@gmail.com", "pic/default.png", "Ran Bill Mike", "", "", 10, 1);
INSERT INTO User VALUE(90, 0, "user1314", "90@gmail.com", "pic/default.png", "Fan John Jack", "", "", 10, 1);
INSERT INTO User VALUE(91, 0, "user1314", "91@gmail.com", "pic/default.png", "Hu Jim Mike", "", "", 10, 1);
INSERT INTO User VALUE(92, 0, "user1314", "92@gmail.com", "pic/default.png", "Hu Gil James", "", "", 10, 1);
INSERT INTO User VALUE(93, 0, "user1314", "93@gmail.com", "pic/default.png", "Bing Jim Jack", "", "", 10, 1);
INSERT INTO User VALUE(94, 0, "user1314", "94@gmail.com", "pic/default.png", "Ran John Mike", "", "", 10, 1);
INSERT INTO User VALUE(95, 0, "user1314", "95@gmail.com", "pic/default.png", "Ran John James", "", "", 10, 1);
INSERT INTO User VALUE(96, 0, "user1314", "96@gmail.com", "pic/default.png", "Ran John Tom", "", "", 10, 1);

insert into Make_Friends value (0, 26);
insert into Make_Friends value (0, 59);
insert into Make_Friends value (0, 75);
insert into Make_Friends value (1, 13);
insert into Make_Friends value (1, 42);
insert into Make_Friends value (3, 92);
insert into Make_Friends value (3, 1);
insert into Make_Friends value (3, 86);
insert into Make_Friends value (3, 89);
insert into Make_Friends value (3, 39);
insert into Make_Friends value (4, 83);
insert into Make_Friends value (4, 63);
insert into Make_Friends value (4, 87);
insert into Make_Friends value (4, 96);
insert into Make_Friends value (4, 75);
insert into Make_Friends value (5, 87);
insert into Make_Friends value (5, 90);
insert into Make_Friends value (6, 62);
insert into Make_Friends value (6, 28);
insert into Make_Friends value (6, 52);
insert into Make_Friends value (6, 43);
insert into Make_Friends value (6, 33);
insert into Make_Friends value (8, 32);
insert into Make_Friends value (9, 41);
insert into Make_Friends value (9, 55);
insert into Make_Friends value (9, 47);
insert into Make_Friends value (10, 36);
insert into Make_Friends value (10, 2);
insert into Make_Friends value (11, 48);
insert into Make_Friends value (11, 47);
insert into Make_Friends value (11, 70);
insert into Make_Friends value (11, 9);
insert into Make_Friends value (12, 45);
insert into Make_Friends value (12, 60);
insert into Make_Friends value (12, 33);
insert into Make_Friends value (13, 19);
insert into Make_Friends value (13, 74);
insert into Make_Friends value (13, 54);
insert into Make_Friends value (13, 3);
insert into Make_Friends value (14, 67);
insert into Make_Friends value (14, 27);
insert into Make_Friends value (14, 57);
insert into Make_Friends value (14, 2);
insert into Make_Friends value (14, 32);
insert into Make_Friends value (15, 77);
insert into Make_Friends value (15, 26);
insert into Make_Friends value (15, 16);
insert into Make_Friends value (15, 68);
insert into Make_Friends value (15, 20);
insert into Make_Friends value (16, 93);
insert into Make_Friends value (16, 1);
insert into Make_Friends value (16, 75);
insert into Make_Friends value (16, 80);
insert into Make_Friends value (17, 33);
insert into Make_Friends value (17, 3);
insert into Make_Friends value (17, 56);
insert into Make_Friends value (17, 13);
insert into Make_Friends value (19, 81);
insert into Make_Friends value (19, 52);
insert into Make_Friends value (20, 44);
insert into Make_Friends value (20, 2);
insert into Make_Friends value (20, 52);
insert into Make_Friends value (21, 93);
insert into Make_Friends value (21, 7);
insert into Make_Friends value (21, 56);
insert into Make_Friends value (21, 91);
insert into Make_Friends value (22, 53);
insert into Make_Friends value (22, 20);
insert into Make_Friends value (22, 59);
insert into Make_Friends value (23, 91);
insert into Make_Friends value (23, 34);
insert into Make_Friends value (23, 43);
insert into Make_Friends value (23, 12);
insert into Make_Friends value (24, 45);
insert into Make_Friends value (24, 97);
insert into Make_Friends value (24, 85);
insert into Make_Friends value (25, 36);
insert into Make_Friends value (25, 76);
insert into Make_Friends value (25, 17);
insert into Make_Friends value (25, 2);
insert into Make_Friends value (27, 10);
insert into Make_Friends value (27, 38);
insert into Make_Friends value (27, 81);
insert into Make_Friends value (27, 93);
insert into Make_Friends value (29, 96);
insert into Make_Friends value (29, 72);
insert into Make_Friends value (29, 80);
insert into Make_Friends value (29, 22);
insert into Make_Friends value (29, 48);
insert into Make_Friends value (30, 85);
insert into Make_Friends value (30, 65);
insert into Make_Friends value (30, 57);
insert into Make_Friends value (30, 83);
insert into Make_Friends value (30, 29);
insert into Make_Friends value (32, 34);
insert into Make_Friends value (32, 38);
insert into Make_Friends value (33, 11);
insert into Make_Friends value (33, 54);
insert into Make_Friends value (33, 61);
insert into Make_Friends value (33, 68);
insert into Make_Friends value (34, 51);
insert into Make_Friends value (34, 86);
insert into Make_Friends value (34, 87);
insert into Make_Friends value (35, 11);
insert into Make_Friends value (35, 70);
insert into Make_Friends value (35, 91);
insert into Make_Friends value (36, 53);
insert into Make_Friends value (36, 7);
insert into Make_Friends value (38, 4);
insert into Make_Friends value (38, 85);
insert into Make_Friends value (38, 57);
insert into Make_Friends value (38, 76);
insert into Make_Friends value (39, 73);
insert into Make_Friends value (40, 70);
insert into Make_Friends value (40, 21);
insert into Make_Friends value (41, 16);
insert into Make_Friends value (41, 43);
insert into Make_Friends value (41, 58);
insert into Make_Friends value (41, 87);
insert into Make_Friends value (42, 7);
insert into Make_Friends value (42, 80);
insert into Make_Friends value (42, 71);
insert into Make_Friends value (42, 78);
insert into Make_Friends value (42, 16);
insert into Make_Friends value (43, 25);
insert into Make_Friends value (43, 34);
insert into Make_Friends value (43, 35);
insert into Make_Friends value (43, 24);
insert into Make_Friends value (43, 36);
insert into Make_Friends value (44, 3);
insert into Make_Friends value (44, 17);
insert into Make_Friends value (44, 4);
insert into Make_Friends value (45, 38);
insert into Make_Friends value (45, 63);
insert into Make_Friends value (45, 21);
insert into Make_Friends value (46, 72);
insert into Make_Friends value (46, 24);
insert into Make_Friends value (47, 54);
insert into Make_Friends value (47, 78);
insert into Make_Friends value (47, 94);
insert into Make_Friends value (47, 7);
insert into Make_Friends value (48, 76);
insert into Make_Friends value (50, 35);
insert into Make_Friends value (50, 13);
insert into Make_Friends value (51, 7);
insert into Make_Friends value (51, 73);
insert into Make_Friends value (51, 34);
insert into Make_Friends value (51, 85);
insert into Make_Friends value (51, 28);
insert into Make_Friends value (52, 49);
insert into Make_Friends value (53, 27);
insert into Make_Friends value (53, 1);
insert into Make_Friends value (53, 4);
insert into Make_Friends value (53, 50);
insert into Make_Friends value (54, 87);
insert into Make_Friends value (56, 11);
insert into Make_Friends value (56, 28);
insert into Make_Friends value (56, 36);
insert into Make_Friends value (58, 68);
insert into Make_Friends value (58, 74);
insert into Make_Friends value (58, 30);
insert into Make_Friends value (58, 15);
insert into Make_Friends value (59, 6);
insert into Make_Friends value (59, 64);
insert into Make_Friends value (60, 94);
insert into Make_Friends value (62, 37);
insert into Make_Friends value (62, 80);
insert into Make_Friends value (62, 83);
insert into Make_Friends value (62, 94);
insert into Make_Friends value (63, 18);
insert into Make_Friends value (63, 73);
insert into Make_Friends value (65, 60);
insert into Make_Friends value (65, 43);
insert into Make_Friends value (66, 9);
insert into Make_Friends value (66, 23);
insert into Make_Friends value (66, 26);
insert into Make_Friends value (66, 13);
insert into Make_Friends value (67, 49);
insert into Make_Friends value (67, 57);
insert into Make_Friends value (68, 37);
insert into Make_Friends value (68, 80);
insert into Make_Friends value (68, 13);
insert into Make_Friends value (68, 95);
insert into Make_Friends value (68, 7);
insert into Make_Friends value (69, 23);
insert into Make_Friends value (70, 65);
insert into Make_Friends value (73, 3);
insert into Make_Friends value (73, 68);
insert into Make_Friends value (73, 26);
insert into Make_Friends value (73, 53);
insert into Make_Friends value (74, 85);
insert into Make_Friends value (74, 59);
insert into Make_Friends value (75, 9);
insert into Make_Friends value (75, 66);
insert into Make_Friends value (76, 69);
insert into Make_Friends value (76, 71);
insert into Make_Friends value (76, 3);
insert into Make_Friends value (77, 1);
insert into Make_Friends value (77, 1);
insert into Make_Friends value (78, 76);
insert into Make_Friends value (78, 62);
insert into Make_Friends value (79, 64);
insert into Make_Friends value (79, 77);
insert into Make_Friends value (79, 23);
insert into Make_Friends value (79, 90);
insert into Make_Friends value (79, 55);
insert into Make_Friends value (80, 76);
insert into Make_Friends value (80, 89);
insert into Make_Friends value (80, 61);
insert into Make_Friends value (82, 61);
insert into Make_Friends value (83, 61);
insert into Make_Friends value (83, 13);
insert into Make_Friends value (83, 79);
insert into Make_Friends value (83, 36);
insert into Make_Friends value (84, 7);
insert into Make_Friends value (85, 1);
insert into Make_Friends value (85, 50);
insert into Make_Friends value (86, 78);
insert into Make_Friends value (86, 68);
insert into Make_Friends value (86, 54);
insert into Make_Friends value (86, 45);
insert into Make_Friends value (86, 65);
insert into Make_Friends value (87, 19);
insert into Make_Friends value (87, 25);
insert into Make_Friends value (87, 20);
insert into Make_Friends value (87, 36);
insert into Make_Friends value (88, 49);
insert into Make_Friends value (88, 94);
insert into Make_Friends value (88, 4);
insert into Make_Friends value (89, 28);
insert into Make_Friends value (90, 68);
insert into Make_Friends value (90, 63);
insert into Make_Friends value (91, 15);
insert into Make_Friends value (91, 28);
insert into Make_Friends value (91, 94);
insert into Make_Friends value (91, 67);
insert into Make_Friends value (92, 41);
insert into Make_Friends value (92, 97);
insert into Make_Friends value (92, 46);
insert into Make_Friends value (92, 78);
insert into Make_Friends value (93, 78);
insert into Make_Friends value (93, 22);
insert into Make_Friends value (93, 82);
insert into Make_Friends value (93, 67);
insert into Make_Friends value (94, 84);
insert into Make_Friends value (94, 87);
insert into Make_Friends value (94, 67);
insert into Make_Friends value (94, 70);
insert into Make_Friends value (95, 7);
insert into Make_Friends value (95, 73);
insert into Make_Friends value (95, 86);
insert into Make_Friends value (95, 85);
insert into Make_Friends value (95, 75);
insert into Make_Friends value (96, 54);
insert into Make_Friends value (96, 53);
insert into Make_Friends value (96, 70);
insert into Make_Friends value (96, 17);

insert into Section value(0, "sport", 1);
insert into Section value(1, "news", 1);
insert into Section value(2, "music", 1);
insert into Section value(3, "movie", 1);
insert into Section value(4, "star", 1);
insert into Section value(5, "creative", 1);
insert into Section value(6, "food", 1);
insert into Section value(7, "other", 1);

insert into P_Topic value (0, "It read library", 0);
insert into Post_Include_P_Edit value (0, 1, 0, "Ran eat computer", "20150310030312", 46, 1, 1);
insert into P_Topic value (1, "Hu sleep in library", 0);
insert into Post_Include_P_Edit value (1, 1, 0, "I fight with market", "20150318050352", 40, 1, 5);
insert into P_Topic value (2, "Ran read donut", 0);
insert into Post_Include_P_Edit value (2, 1, 0, "It fight with library", "20150318050352", 0, 1, 3);
insert into P_Topic value (3, "She run with football", 0);
insert into Post_Include_P_Edit value (3, 1, 0, "Aki play cup cake", "20150310030312", 45, 1, 3);
insert into P_Topic value (4, "Aki watch donut", 0);
insert into Post_Include_P_Edit value (4, 1, 0, "He run with donut", "20150320130312", 4, 1, 2);
insert into P_Topic value (5, "He eat computer", 0);
insert into Post_Include_P_Edit value (5, 1, 0, "She eat cup cake", "20150311060352", 87, 1, 0);
insert into P_Topic value (6, "You sleep in football", 0);
insert into Post_Include_P_Edit value (6, 1, 0, "It run with cake", "20150315220332", 12, 1, 0);
insert into P_Topic value (7, "You fight with cup cake", 0);
insert into Post_Include_P_Edit value (7, 1, 0, "He watch football", "20150320130312", 61, 1, 4);
insert into P_Topic value (8, "You sleep in food", 0);
insert into Post_Include_P_Edit value (8, 1, 0, "He read donut", "20150308230332", 92, 1, 5);
insert into P_Topic value (9, "He read donut", 0);
insert into Post_Include_P_Edit value (9, 1, 0, "He look market", "20150318050352", 11, 1, 4);
insert into P_Topic value (10, "Hu play donut", 0);
insert into Post_Include_P_Edit value (10, 1, 0, "You read library", "20150318050352", 51, 1, 2);
insert into P_Topic value (11, "Hu fight with football", 0);
insert into Post_Include_P_Edit value (11, 1, 0, "Aki look cake", "20150313140312", 8, 1, 1);
insert into P_Topic value (12, "Ran sleep in football", 0);
insert into Post_Include_P_Edit value (12, 1, 0, "She read market", "20150311060352", 60, 1, 1);
insert into P_Topic value (13, "She look cup cake", 0);
insert into Post_Include_P_Edit value (13, 1, 0, "It play football", "20150319090332", 88, 1, 6);
insert into P_Topic value (14, "I eat market", 0);
insert into Post_Include_P_Edit value (14, 1, 0, "It sleep in cup cake", "20150315220332", 85, 1, 1);
insert into P_Topic value (15, "Aki run with library", 0);
insert into Post_Include_P_Edit value (15, 1, 0, "Aki read computer", "20150320130312", 27, 1, 5);
insert into P_Topic value (16, "Aki eat football", 0);
insert into Post_Include_P_Edit value (16, 1, 0, "He watch library", "20150310030312", 15, 1, 2);
insert into P_Topic value (17, "It run with football", 0);
insert into Post_Include_P_Edit value (17, 1, 0, "It run with donut", "20150317010312", 23, 1, 0);
insert into P_Topic value (18, "Ran fight with cup cake", 0);
insert into Post_Include_P_Edit value (18, 1, 0, "He read cake", "20150318050352", 23, 1, 7);
insert into P_Topic value (19, "It sleep in donut", 0);
insert into Post_Include_P_Edit value (19, 1, 0, "Aki eat library", "20150319090332", 39, 1, 0);
insert into P_Topic value (20, "You sleep in cup cake", 0);
insert into Post_Include_P_Edit value (20, 1, 0, "He look market", "20150318050352", 48, 1, 4);
insert into P_Topic value (21, "Ran fight with library", 0);
insert into Post_Include_P_Edit value (21, 1, 0, "Hu run with food", "20150308230332", 95, 1, 3);
insert into P_Topic value (22, "She run with donut", 0);
insert into Post_Include_P_Edit value (22, 1, 0, "I sleep in cake", "20150312100332", 30, 1, 1);
insert into P_Topic value (23, "Aki read food", 0);
insert into Post_Include_P_Edit value (23, 1, 0, "She look cake", "20150317010312", 23, 1, 5);
insert into P_Topic value (24, "It read cake", 0);
insert into Post_Include_P_Edit value (24, 1, 0, "Hu look market", "20150314180352", 34, 1, 1);
insert into P_Topic value (25, "Ran eat donut", 0);
insert into Post_Include_P_Edit value (25, 1, 0, "He watch food", "20150318050352", 35, 1, 1);
insert into P_Topic value (26, "You play cake", 0);
insert into Post_Include_P_Edit value (26, 1, 0, "Hu eat cake", "20150312100332", 32, 1, 3);
insert into P_Topic value (27, "She play cup cake", 0);
insert into Post_Include_P_Edit value (27, 1, 0, "Ran look cake", "20150308230332", 55, 1, 4);
insert into P_Topic value (28, "I fight with cake", 0);
insert into Post_Include_P_Edit value (28, 1, 0, "She play library", "20150315220332", 73, 1, 6);
insert into P_Topic value (29, "She fight with food", 0);
insert into Post_Include_P_Edit value (29, 1, 0, "He fight with market", "20150312100332", 33, 1, 7);
insert into P_Topic value (30, "He watch food", 0);
insert into Post_Include_P_Edit value (30, 1, 0, "I look market", "20150317010312", 90, 1, 5);
insert into P_Topic value (31, "You sleep in food", 0);
insert into Post_Include_P_Edit value (31, 1, 0, "He eat food", "20150314180352", 69, 1, 3);
insert into P_Topic value (32, "You run with food", 0);
insert into Post_Include_P_Edit value (32, 1, 0, "Aki eat library", "20150314180352", 95, 1, 3);
insert into P_Topic value (33, "I eat football", 0);
insert into Post_Include_P_Edit value (33, 1, 0, "I play computer", "20150317010312", 82, 1, 7);
insert into P_Topic value (34, "Aki fight with food", 0);
insert into Post_Include_P_Edit value (34, 1, 0, "Ran watch computer", "20150308230332", 56, 1, 6);
insert into P_Topic value (35, "I run with market", 0);
insert into Post_Include_P_Edit value (35, 1, 0, "Hu eat donut", "20150312100332", 88, 1, 6);
insert into P_Topic value (36, "He fight with football", 0);
insert into Post_Include_P_Edit value (36, 1, 0, "You read library", "20150319090332", 48, 1, 6);
insert into P_Topic value (37, "She run with cup cake", 0);
insert into Post_Include_P_Edit value (37, 1, 0, "She read cake", "20150320130312", 4, 1, 6);
insert into P_Topic value (38, "He fight with football", 0);
insert into Post_Include_P_Edit value (38, 1, 0, "He watch cake", "20150311060352", 86, 1, 6);
insert into P_Topic value (39, "Aki sleep in cake", 0);
insert into Post_Include_P_Edit value (39, 1, 0, "It watch cake", "20150311060352", 92, 1, 3);
insert into P_Topic value (40, "She look computer", 0);
insert into Post_Include_P_Edit value (40, 1, 0, "Hu watch football", "20150314180352", 81, 1, 5);
insert into P_Topic value (41, "Aki eat donut", 0);
insert into Post_Include_P_Edit value (41, 1, 0, "You read food", "20150320130312", 3, 1, 7);
insert into P_Topic value (42, "Aki eat football", 0);
insert into Post_Include_P_Edit value (42, 1, 0, "He read library", "20150310030312", 51, 1, 2);
insert into P_Topic value (43, "I run with market", 0);
insert into Post_Include_P_Edit value (43, 1, 0, "He eat football", "20150311060352", 32, 1, 4);
insert into P_Topic value (44, "I run with market", 0);
insert into Post_Include_P_Edit value (44, 1, 0, "You watch cup cake", "20150317010312", 19, 1, 3);
insert into P_Topic value (45, "She eat cup cake", 0);
insert into Post_Include_P_Edit value (45, 1, 0, "Aki sleep in donut", "20150319090332", 63, 1, 2);
insert into P_Topic value (46, "It eat donut", 0);
insert into Post_Include_P_Edit value (46, 1, 0, "He sleep in football", "20150315220332", 96, 1, 1);
insert into P_Topic value (47, "She look donut", 0);
insert into Post_Include_P_Edit value (47, 1, 0, "I look food", "20150320130312", 66, 1, 5);
insert into P_Topic value (48, "She sleep in computer", 0);
insert into Post_Include_P_Edit value (48, 1, 0, "It run with market", "20150315220332", 19, 1, 0);
insert into P_Topic value (49, "You look donut", 0);
insert into Post_Include_P_Edit value (49, 1, 0, "I watch food", "20150319090332", 8, 1, 1);
insert into P_Topic value (50, "She fight with cake", 0);
insert into Post_Include_P_Edit value (50, 1, 0, "Hu play market", "20150310030312", 10, 1, 7);
insert into P_Topic value (51, "I watch library", 0);
insert into Post_Include_P_Edit value (51, 1, 0, "I look market", "20150310030312", 82, 1, 7);
insert into P_Topic value (52, "It fight with food", 0);
insert into Post_Include_P_Edit value (52, 1, 0, "Hu watch library", "20150311060352", 35, 1, 0);
insert into P_Topic value (53, "Hu read food", 0);
insert into Post_Include_P_Edit value (53, 1, 0, "I watch cup cake", "20150308230332", 40, 1, 0);
insert into P_Topic value (54, "I eat market", 0);
insert into Post_Include_P_Edit value (54, 1, 0, "It look cup cake", "20150310030312", 41, 1, 5);
insert into P_Topic value (55, "Hu sleep in football", 0);
insert into Post_Include_P_Edit value (55, 1, 0, "She run with cup cake", "20150318050352", 41, 1, 0);
insert into P_Topic value (56, "Hu run with football", 0);
insert into Post_Include_P_Edit value (56, 1, 0, "She fight with cake", "20150320130312", 38, 1, 3);
insert into P_Topic value (57, "You fight with cake", 0);
insert into Post_Include_P_Edit value (57, 1, 0, "It look computer", "20150313140312", 29, 1, 3);
insert into P_Topic value (58, "Ran eat library", 0);
insert into Post_Include_P_Edit value (58, 1, 0, "You look cup cake", "20150315220332", 72, 1, 0);
insert into P_Topic value (59, "It read computer", 0);
insert into Post_Include_P_Edit value (59, 1, 0, "You fight with football", "20150313140312", 48, 1, 1);
insert into P_Topic value (60, "She eat computer", 0);
insert into Post_Include_P_Edit value (60, 1, 0, "She play football", "20150308230332", 95, 1, 3);
insert into P_Topic value (61, "She play market", 0);
insert into Post_Include_P_Edit value (61, 1, 0, "Hu run with football", "20150318050352", 50, 1, 6);
insert into P_Topic value (62, "She sleep in food", 0);
insert into Post_Include_P_Edit value (62, 1, 0, "I eat food", "20150310030312", 56, 1, 6);
insert into P_Topic value (63, "Ran sleep in cup cake", 0);
insert into Post_Include_P_Edit value (63, 1, 0, "It play football", "20150317010312", 4, 1, 7);
insert into P_Topic value (64, "Ran watch library", 0);
insert into Post_Include_P_Edit value (64, 1, 0, "It play library", "20150317010312", 4, 1, 4);
insert into P_Topic value (65, "Ran watch computer", 0);
insert into Post_Include_P_Edit value (65, 1, 0, "I sleep in food", "20150320130312", 89, 1, 4);
insert into P_Topic value (66, "I watch donut", 0);
insert into Post_Include_P_Edit value (66, 1, 0, "You sleep in computer", "20150319090332", 38, 1, 1);
insert into P_Topic value (67, "You fight with market", 0);
insert into Post_Include_P_Edit value (67, 1, 0, "It read cake", "20150313140312", 27, 1, 2);
insert into P_Topic value (68, "It look donut", 0);
insert into Post_Include_P_Edit value (68, 1, 0, "Hu run with donut", "20150312100332", 5, 1, 0);
insert into P_Topic value (69, "Ran fight with cup cake", 0);
insert into Post_Include_P_Edit value (69, 1, 0, "She look donut", "20150319090332", 89, 1, 3);
insert into P_Topic value (70, "Ran read cup cake", 0);
insert into Post_Include_P_Edit value (70, 1, 0, "Ran run with computer", "20150320130312", 80, 1, 0);
insert into P_Topic value (71, "She fight with donut", 0);
insert into Post_Include_P_Edit value (71, 1, 0, "It fight with cup cake", "20150318050352", 71, 1, 5);
insert into P_Topic value (72, "He watch computer", 0);
insert into Post_Include_P_Edit value (72, 1, 0, "It watch cup cake", "20150318050352", 77, 1, 5);
insert into P_Topic value (73, "You play library", 0);
insert into Post_Include_P_Edit value (73, 1, 0, "He play cake", "20150311060352", 30, 1, 3);
insert into P_Topic value (74, "You look cake", 0);
insert into Post_Include_P_Edit value (74, 1, 0, "He play donut", "20150313140312", 33, 1, 0);
insert into P_Topic value (75, "Aki fight with library", 0);
insert into Post_Include_P_Edit value (75, 1, 0, "Ran play food", "20150313140312", 48, 1, 7);
insert into P_Topic value (76, "He watch football", 0);
insert into Post_Include_P_Edit value (76, 1, 0, "It run with cup cake", "20150312100332", 75, 1, 4);
insert into P_Topic value (77, "She read football", 0);
insert into Post_Include_P_Edit value (77, 1, 0, "She fight with library", "20150315220332", 39, 1, 6);
insert into P_Topic value (78, "Ran fight with food", 0);
insert into Post_Include_P_Edit value (78, 1, 0, "Aki sleep in library", "20150318050352", 39, 1, 5);
insert into P_Topic value (79, "I play food", 0);
insert into Post_Include_P_Edit value (79, 1, 0, "It read food", "20150320130312", 9, 1, 7);
insert into P_Topic value (80, "I look market", 0);
insert into Post_Include_P_Edit value (80, 1, 0, "It read library", "20150318050352", 34, 1, 3);
insert into P_Topic value (81, "Ran run with cup cake", 0);
insert into Post_Include_P_Edit value (81, 1, 0, "It run with donut", "20150314180352", 7, 1, 6);
insert into P_Topic value (82, "Aki sleep in food", 0);
insert into Post_Include_P_Edit value (82, 1, 0, "It watch food", "20150310030312", 65, 1, 2);
insert into P_Topic value (83, "You read donut", 0);
insert into Post_Include_P_Edit value (83, 1, 0, "Aki play food", "20150310030312", 38, 1, 1);
insert into P_Topic value (84, "I look market", 0);
insert into Post_Include_P_Edit value (84, 1, 0, "It run with computer", "20150310030312", 9, 1, 3);
insert into P_Topic value (85, "She sleep in market", 0);
insert into Post_Include_P_Edit value (85, 1, 0, "He sleep in cup cake", "20150312100332", 95, 1, 7);
insert into P_Topic value (86, "You sleep in market", 0);
insert into Post_Include_P_Edit value (86, 1, 0, "She fight with cake", "20150312100332", 58, 1, 2);
insert into P_Topic value (87, "He sleep in football", 0);
insert into Post_Include_P_Edit value (87, 1, 0, "Aki play cake", "20150315220332", 38, 1, 7);
insert into P_Topic value (88, "I fight with library", 0);
insert into Post_Include_P_Edit value (88, 1, 0, "She eat cup cake", "20150308230332", 14, 1, 4);
insert into P_Topic value (89, "Hu play cake", 0);
insert into Post_Include_P_Edit value (89, 1, 0, "It eat cup cake", "20150314180352", 86, 1, 3);
insert into P_Topic value (90, "He fight with donut", 0);
insert into Post_Include_P_Edit value (90, 1, 0, "Ran look computer", "20150319090332", 48, 1, 0);
insert into P_Topic value (91, "Hu play market", 0);
insert into Post_Include_P_Edit value (91, 1, 0, "Aki sleep in cake", "20150312100332", 68, 1, 0);
insert into P_Topic value (92, "Hu run with football", 0);
insert into Post_Include_P_Edit value (92, 1, 0, "Ran sleep in market", "20150318050352", 94, 1, 7);
insert into P_Topic value (93, "Aki read computer", 0);
insert into Post_Include_P_Edit value (93, 1, 0, "I play computer", "20150317010312", 48, 1, 1);
insert into P_Topic value (94, "Hu run with food", 0);
insert into Post_Include_P_Edit value (94, 1, 0, "You eat computer", "20150313140312", 88, 1, 3);
insert into P_Topic value (95, "Ran watch computer", 0);
insert into Post_Include_P_Edit value (95, 1, 0, "I look football", "20150315220332", 29, 1, 5);
insert into P_Topic value (96, "She eat cake", 0);
insert into Post_Include_P_Edit value (96, 1, 0, "He fight with food", "20150320130312", 10, 1, 2);
insert into P_Topic value (97, "He sleep in computer", 0);
insert into Post_Include_P_Edit value (97, 1, 0, "He run with food", "20150310030312", 85, 1, 3);
insert into P_Topic value (98, "Ran run with football", 0);
insert into Post_Include_P_Edit value (98, 1, 0, "She sleep in football", "20150320130312", 10, 1, 2);
insert into P_Topic value (99, "I play library", 0);
insert into Post_Include_P_Edit value (99, 1, 0, "He watch computer", "20150315220332", 80, 1, 7);
insert into P_Topic value (100, "I look food", 0);
insert into Post_Include_P_Edit value (100, 1, 0, "You fight with computer", "20150320130312", 79, 1, 6);
insert into P_Topic value (101, "She play food", 0);
insert into Post_Include_P_Edit value (101, 1, 0, "It play cup cake", "20150319090332", 64, 1, 2);
insert into P_Topic value (102, "She run with donut", 0);
insert into Post_Include_P_Edit value (102, 1, 0, "Aki run with library", "20150317010312", 52, 1, 2);
insert into P_Topic value (103, "She watch donut", 0);
insert into Post_Include_P_Edit value (103, 1, 0, "Ran sleep in football", "20150311060352", 43, 1, 0);
insert into P_Topic value (104, "He eat computer", 0);
insert into Post_Include_P_Edit value (104, 1, 0, "You watch food", "20150310030312", 64, 1, 0);
insert into P_Topic value (105, "She run with football", 0);
insert into Post_Include_P_Edit value (105, 1, 0, "You sleep in library", "20150313140312", 70, 1, 5);
insert into P_Topic value (106, "Ran fight with food", 0);
insert into Post_Include_P_Edit value (106, 1, 0, "Hu play computer", "20150308230332", 49, 1, 4);
insert into P_Topic value (107, "I fight with library", 0);
insert into Post_Include_P_Edit value (107, 1, 0, "Aki sleep in donut", "20150317010312", 85, 1, 2);
insert into P_Topic value (108, "Ran play market", 0);
insert into Post_Include_P_Edit value (108, 1, 0, "I fight with market", "20150318050352", 96, 1, 3);
insert into P_Topic value (109, "She play market", 0);
insert into Post_Include_P_Edit value (109, 1, 0, "It sleep in cake", "20150312100332", 92, 1, 4);
insert into P_Topic value (110, "It fight with cup cake", 0);
insert into Post_Include_P_Edit value (110, 1, 0, "It eat donut", "20150318050352", 91, 1, 2);
insert into P_Topic value (111, "Ran eat cake", 0);
insert into Post_Include_P_Edit value (111, 1, 0, "He sleep in cake", "20150313140312", 53, 1, 7);
insert into P_Topic value (112, "Ran run with library", 0);
insert into Post_Include_P_Edit value (112, 1, 0, "Ran run with computer", "20150315220332", 64, 1, 7);
insert into P_Topic value (113, "Hu sleep in donut", 0);
insert into Post_Include_P_Edit value (113, 1, 0, "She look computer", "20150319090332", 60, 1, 4);
insert into P_Topic value (114, "I eat library", 0);
insert into Post_Include_P_Edit value (114, 1, 0, "It eat donut", "20150312100332", 52, 1, 4);
insert into P_Topic value (115, "I play market", 0);
insert into Post_Include_P_Edit value (115, 1, 0, "He look library", "20150317010312", 91, 1, 3);
insert into P_Topic value (116, "Hu watch market", 0);
insert into Post_Include_P_Edit value (116, 1, 0, "It eat cup cake", "20150312100332", 96, 1, 6);
insert into P_Topic value (117, "He eat cup cake", 0);
insert into Post_Include_P_Edit value (117, 1, 0, "You run with donut", "20150313140312", 19, 1, 6);
insert into P_Topic value (118, "I eat cup cake", 0);
insert into Post_Include_P_Edit value (118, 1, 0, "She play donut", "20150317010312", 35, 1, 0);
insert into P_Topic value (119, "I read football", 0);
insert into Post_Include_P_Edit value (119, 1, 0, "Ran sleep in football", "20150319090332", 76, 1, 5);
insert into P_Topic value (120, "Hu watch cake", 0);
insert into Post_Include_P_Edit value (120, 1, 0, "He play football", "20150318050352", 53, 1, 3);
insert into P_Topic value (121, "Ran run with football", 0);
insert into Post_Include_P_Edit value (121, 1, 0, "You sleep in cup cake", "20150313140312", 57, 1, 6);
insert into P_Topic value (122, "It look computer", 0);
insert into Post_Include_P_Edit value (122, 1, 0, "I sleep in market", "20150314180352", 74, 1, 6);
insert into P_Topic value (123, "It read computer", 0);
insert into Post_Include_P_Edit value (123, 1, 0, "I read cup cake", "20150313140312", 19, 1, 0);
insert into P_Topic value (124, "I play football", 0);
insert into Post_Include_P_Edit value (124, 1, 0, "Aki sleep in football", "20150315220332", 66, 1, 4);
insert into P_Topic value (125, "He fight with library", 0);
insert into Post_Include_P_Edit value (125, 1, 0, "You eat cake", "20150314180352", 67, 1, 3);
insert into P_Topic value (126, "You fight with donut", 0);
insert into Post_Include_P_Edit value (126, 1, 0, "Hu watch cake", "20150311060352", 13, 1, 6);
insert into P_Topic value (127, "Ran look computer", 0);
insert into Post_Include_P_Edit value (127, 1, 0, "Aki play donut", "20150312100332", 39, 1, 3);
insert into P_Topic value (128, "Aki watch market", 0);
insert into Post_Include_P_Edit value (128, 1, 0, "You sleep in computer", "20150310030312", 25, 1, 0);
insert into P_Topic value (129, "You read food", 0);
insert into Post_Include_P_Edit value (129, 1, 0, "It sleep in cup cake", "20150319090332", 24, 1, 3);
insert into P_Topic value (130, "Aki sleep in cake", 0);
insert into Post_Include_P_Edit value (130, 1, 0, "Aki sleep in cup cake", "20150320130312", 25, 1, 2);
insert into P_Topic value (131, "Hu watch food", 0);
insert into Post_Include_P_Edit value (131, 1, 0, "It play market", "20150315220332", 74, 1, 1);

insert into P_Topic value (132, "It sleep in football", 0);
insert into Post_Include_P_Edit value (132, 2, 0, "You watch computer", "20150325040352", 31, 1, 5);
insert into P_Reply value (132, 126);
insert into P_Topic value (133, "Hu run with market", 0);
insert into Post_Include_P_Edit value (133, 2, 0, "It read computer", "20150321160352", 25, 1, 6);
insert into P_Reply value (133, 43);
insert into P_Topic value (134, "Hu read market", 0);
insert into Post_Include_P_Edit value (134, 2, 0, "It sleep in football", "20150320130312", 86, 1, 1);
insert into P_Reply value (134, 105);
insert into P_Topic value (135, "Aki sleep in food", 0);
insert into Post_Include_P_Edit value (135, 2, 0, "He watch cake", "20150325040352", 2, 1, 7);
insert into P_Reply value (135, 87);
insert into P_Topic value (136, "You play football", 0);
insert into Post_Include_P_Edit value (136, 2, 0, "Hu fight with cup cake", "20150321160352", 73, 1, 1);
insert into P_Reply value (136, 59);
insert into P_Topic value (137, "It sleep in cake", 0);
insert into Post_Include_P_Edit value (137, 2, 0, "He fight with football", "20150330230312", 68, 1, 6);
insert into P_Reply value (137, 96);
insert into P_Topic value (138, "Ran fight with computer", 0);
insert into Post_Include_P_Edit value (138, 2, 0, "It read football", "20150327110312", 52, 1, 1);
insert into P_Reply value (138, 108);
insert into P_Topic value (139, "It read football", 0);
insert into Post_Include_P_Edit value (139, 2, 0, "Aki watch market", "20150328150352", 82, 1, 3);
insert into P_Reply value (139, 106);
insert into P_Topic value (140, "I play computer", 0);
insert into Post_Include_P_Edit value (140, 2, 0, "You play football", "20150329190332", 34, 1, 7);
insert into P_Reply value (140, 48);
insert into P_Topic value (141, "Ran read library", 0);
insert into Post_Include_P_Edit value (141, 2, 0, "I run with cup cake", "20150321160352", 69, 1, 6);
insert into P_Reply value (141, 53);
insert into P_Topic value (142, "Ran run with library", 0);
insert into Post_Include_P_Edit value (142, 2, 0, "Hu look football", "20150326080332", 16, 1, 5);
insert into P_Reply value (142, 78);
insert into P_Topic value (143, "Aki fight with library", 0);
insert into Post_Include_P_Edit value (143, 2, 0, "Aki eat cup cake", "20150330230312", 57, 1, 0);
insert into P_Reply value (143, 82);
insert into P_Topic value (144, "Hu eat donut", 0);
insert into Post_Include_P_Edit value (144, 2, 0, "Ran fight with food", "20150327110312", 56, 1, 6);
insert into P_Reply value (144, 126);
insert into P_Topic value (145, "It read library", 0);
insert into Post_Include_P_Edit value (145, 2, 0, "You play donut", "20150325040352", 1, 1, 4);
insert into P_Reply value (145, 71);
insert into P_Topic value (146, "She fight with cup cake", 0);
insert into Post_Include_P_Edit value (146, 2, 0, "It sleep in market", "20150327110312", 52, 1, 5);
insert into P_Reply value (146, 90);
insert into P_Topic value (147, "I look cake", 0);
insert into Post_Include_P_Edit value (147, 2, 0, "Hu run with computer", "20150401020452", 25, 1, 6);
insert into P_Reply value (147, 6);
insert into P_Topic value (148, "Aki look computer", 0);
insert into Post_Include_P_Edit value (148, 2, 0, "I eat food", "20150327110312", 85, 1, 6);
insert into P_Reply value (148, 101);
insert into P_Topic value (149, "He eat cup cake", 0);
insert into Post_Include_P_Edit value (149, 2, 0, "She eat food", "20150324000312", 3, 1, 4);
insert into P_Reply value (149, 109);
insert into P_Topic value (150, "He eat computer", 0);
insert into Post_Include_P_Edit value (150, 2, 0, "Ran fight with football", "20150328150352", 71, 1, 1);
insert into P_Reply value (150, 24);
insert into P_Topic value (151, "You sleep in computer", 0);
insert into Post_Include_P_Edit value (151, 2, 0, "Ran play cake", "20150326080332", 68, 1, 3);
insert into P_Reply value (151, 69);
insert into P_Topic value (152, "Ran sleep in cup cake", 0);
insert into Post_Include_P_Edit value (152, 2, 0, "Ran sleep in market", "20150328150352", 60, 1, 5);
insert into P_Reply value (152, 58);
insert into P_Topic value (153, "She run with football", 0);
insert into Post_Include_P_Edit value (153, 2, 0, "Aki eat food", "20150322200332", 83, 1, 3);
insert into P_Reply value (153, 40);
insert into P_Topic value (154, "Hu play football", 0);
insert into Post_Include_P_Edit value (154, 2, 0, "She watch donut", "20150320130312", 67, 1, 4);
insert into P_Reply value (154, 128);
insert into P_Topic value (155, "Aki read computer", 0);
insert into Post_Include_P_Edit value (155, 2, 0, "It watch library", "20150330230312", 95, 1, 7);
insert into P_Reply value (155, 117);
insert into P_Topic value (156, "Aki sleep in computer", 0);
insert into Post_Include_P_Edit value (156, 2, 0, "Ran read cake", "20150324000312", 43, 1, 3);
insert into P_Reply value (156, 12);
insert into P_Topic value (157, "He play market", 0);
insert into Post_Include_P_Edit value (157, 2, 0, "It run with library", "20150329190332", 13, 1, 4);
insert into P_Reply value (157, 74);
insert into P_Topic value (158, "Hu fight with food", 0);
insert into Post_Include_P_Edit value (158, 2, 0, "She eat cup cake", "20150329190332", 27, 1, 7);
insert into P_Reply value (158, 43);
insert into P_Topic value (159, "It eat computer", 0);
insert into Post_Include_P_Edit value (159, 2, 0, "He read football", "20150401020452", 38, 1, 1);
insert into P_Reply value (159, 119);
insert into P_Topic value (160, "He run with cup cake", 0);
insert into Post_Include_P_Edit value (160, 2, 0, "Hu play cake", "20150326080332", 79, 1, 1);
insert into P_Reply value (160, 61);
insert into P_Topic value (161, "Ran eat food", 0);
insert into Post_Include_P_Edit value (161, 2, 0, "Ran watch library", "20150330230312", 67, 1, 6);
insert into P_Reply value (161, 4);
insert into P_Topic value (162, "It sleep in food", 0);
insert into Post_Include_P_Edit value (162, 2, 0, "I eat computer", "20150320130312", 47, 1, 6);
insert into P_Reply value (162, 83);
insert into P_Topic value (163, "He sleep in donut", 0);
insert into Post_Include_P_Edit value (163, 2, 0, "Ran eat market", "20150324000312", 55, 1, 4);
insert into P_Reply value (163, 3);
insert into P_Topic value (164, "He run with donut", 0);
insert into Post_Include_P_Edit value (164, 2, 0, "She play food", "20150326080332", 1, 1, 1);
insert into P_Reply value (164, 6);
insert into P_Topic value (165, "Hu fight with football", 0);
insert into Post_Include_P_Edit value (165, 2, 0, "You sleep in library", "20150328150352", 41, 1, 7);
insert into P_Reply value (165, 41);
insert into P_Topic value (166, "He fight with cup cake", 0);
insert into Post_Include_P_Edit value (166, 2, 0, "It fight with cake", "20150326080332", 22, 1, 2);
insert into P_Reply value (166, 6);
insert into P_Topic value (167, "She play computer", 0);
insert into Post_Include_P_Edit value (167, 2, 0, "I fight with donut", "20150321160352", 85, 1, 5);
insert into P_Reply value (167, 37);
insert into P_Topic value (168, "It run with market", 0);
insert into Post_Include_P_Edit value (168, 2, 0, "I read library", "20150327110312", 23, 1, 1);
insert into P_Reply value (168, 6);
insert into P_Topic value (169, "It read donut", 0);
insert into Post_Include_P_Edit value (169, 2, 0, "Aki eat computer", "20150401020452", 25, 1, 3);
insert into P_Reply value (169, 98);
insert into P_Topic value (170, "Hu run with cake", 0);
insert into Post_Include_P_Edit value (170, 2, 0, "It eat library", "20150322200332", 73, 1, 5);
insert into P_Reply value (170, 7);
insert into P_Topic value (171, "It read football", 0);
insert into Post_Include_P_Edit value (171, 2, 0, "Hu run with library", "20150327110312", 52, 1, 6);
insert into P_Reply value (171, 76);
insert into P_Topic value (172, "She look cup cake", 0);
insert into Post_Include_P_Edit value (172, 2, 0, "He sleep in football", "20150324000312", 4, 1, 1);
insert into P_Reply value (172, 60);
insert into P_Topic value (173, "You eat library", 0);
insert into Post_Include_P_Edit value (173, 2, 0, "It run with cake", "20150328150352", 39, 1, 0);
insert into P_Reply value (173, 130);
insert into P_Topic value (174, "It play library", 0);
insert into Post_Include_P_Edit value (174, 2, 0, "Ran run with cake", "20150320130312", 92, 1, 1);
insert into P_Reply value (174, 91);
insert into P_Topic value (175, "It eat market", 0);
insert into Post_Include_P_Edit value (175, 2, 0, "I run with computer", "20150330230312", 73, 1, 7);
insert into P_Reply value (175, 17);
insert into P_Topic value (176, "He look computer", 0);
insert into Post_Include_P_Edit value (176, 2, 0, "Hu fight with donut", "20150329190332", 33, 1, 7);
insert into P_Reply value (176, 81);
insert into P_Topic value (177, "Aki read market", 0);
insert into Post_Include_P_Edit value (177, 2, 0, "She play food", "20150326080332", 13, 1, 7);
insert into P_Reply value (177, 1);
insert into P_Topic value (178, "It read computer", 0);
insert into Post_Include_P_Edit value (178, 2, 0, "He fight with market", "20150322200332", 62, 1, 0);
insert into P_Reply value (178, 80);
insert into P_Topic value (179, "Aki fight with cake", 0);
insert into Post_Include_P_Edit value (179, 2, 0, "She look market", "20150327110312", 76, 1, 3);
insert into P_Reply value (179, 32);
insert into P_Topic value (180, "Hu play library", 0);
insert into Post_Include_P_Edit value (180, 2, 0, "I read donut", "20150321160352", 8, 1, 5);
insert into P_Reply value (180, 1);
insert into P_Topic value (181, "Hu watch cup cake", 0);
insert into Post_Include_P_Edit value (181, 2, 0, "Ran fight with cup cake", "20150327110312", 49, 1, 3);
insert into P_Reply value (181, 19);
insert into P_Topic value (182, "Aki fight with cake", 0);
insert into Post_Include_P_Edit value (182, 2, 0, "I play donut", "20150321160352", 47, 1, 5);
insert into P_Reply value (182, 42);
insert into P_Topic value (183, "Aki play market", 0);
insert into Post_Include_P_Edit value (183, 2, 0, "You watch football", "20150327110312", 82, 1, 6);
insert into P_Reply value (183, 110);
insert into P_Topic value (184, "She run with donut", 0);
insert into Post_Include_P_Edit value (184, 2, 0, "Ran play football", "20150328150352", 88, 1, 7);
insert into P_Reply value (184, 25);
insert into P_Topic value (185, "She fight with computer", 0);
insert into Post_Include_P_Edit value (185, 2, 0, "It eat donut", "20150330230312", 21, 1, 2);
insert into P_Reply value (185, 11);
insert into P_Topic value (186, "Ran watch library", 0);
insert into Post_Include_P_Edit value (186, 2, 0, "You eat football", "20150321160352", 1, 1, 4);
insert into P_Reply value (186, 64);
insert into P_Topic value (187, "I watch market", 0);
insert into Post_Include_P_Edit value (187, 2, 0, "It read food", "20150326080332", 21, 1, 1);
insert into P_Reply value (187, 64);
insert into P_Topic value (188, "It read library", 0);
insert into Post_Include_P_Edit value (188, 2, 0, "It run with cup cake", "20150321160352", 51, 1, 4);
insert into P_Reply value (188, 23);
insert into P_Topic value (189, "Hu sleep in cake", 0);
insert into Post_Include_P_Edit value (189, 2, 0, "You sleep in computer", "20150322200332", 80, 1, 6);
insert into P_Reply value (189, 128);
insert into P_Topic value (190, "Aki watch library", 0);
insert into Post_Include_P_Edit value (190, 2, 0, "Hu watch football", "20150322200332", 44, 1, 6);
insert into P_Reply value (190, 41);
insert into P_Topic value (191, "Aki eat library", 0);
insert into Post_Include_P_Edit value (191, 2, 0, "Aki sleep in football", "20150324000312", 73, 1, 7);
insert into P_Reply value (191, 34);
insert into P_Topic value (192, "I read cake", 0);
insert into Post_Include_P_Edit value (192, 2, 0, "Aki look donut", "20150328150352", 48, 1, 6);
insert into P_Reply value (192, 35);
insert into P_Topic value (193, "You sleep in library", 0);
insert into Post_Include_P_Edit value (193, 2, 0, "Aki read computer", "20150321160352", 15, 1, 7);
insert into P_Reply value (193, 74);
insert into P_Topic value (194, "Ran read donut", 0);
insert into Post_Include_P_Edit value (194, 2, 0, "She eat library", "20150329190332", 40, 1, 4);
insert into P_Reply value (194, 31);
insert into P_Topic value (195, "She run with computer", 0);
insert into Post_Include_P_Edit value (195, 2, 0, "Aki sleep in library", "20150325040352", 32, 1, 4);
insert into P_Reply value (195, 107);
insert into P_Topic value (196, "I eat cup cake", 0);
insert into Post_Include_P_Edit value (196, 2, 0, "I sleep in library", "20150321160352", 60, 1, 5);
insert into P_Reply value (196, 29);
insert into P_Topic value (197, "She look cup cake", 0);
insert into Post_Include_P_Edit value (197, 2, 0, "It eat computer", "20150325040352", 58, 1, 6);
insert into P_Reply value (197, 69);
insert into P_Topic value (198, "It fight with computer", 0);
insert into Post_Include_P_Edit value (198, 2, 0, "She run with cake", "20150330230312", 52, 1, 4);
insert into P_Reply value (198, 122);
insert into P_Topic value (199, "You play food", 0);
insert into Post_Include_P_Edit value (199, 2, 0, "Ran fight with computer", "20150325040352", 25, 1, 1);
insert into P_Reply value (199, 131);
insert into P_Topic value (200, "Aki run with library", 0);
insert into Post_Include_P_Edit value (200, 2, 0, "He look library", "20150401020452", 78, 1, 5);
insert into P_Reply value (200, 60);
insert into P_Topic value (201, "It play cake", 0);
insert into Post_Include_P_Edit value (201, 2, 0, "She look computer", "20150330230312", 61, 1, 1);
insert into P_Reply value (201, 106);
insert into P_Topic value (202, "Aki read food", 0);
insert into Post_Include_P_Edit value (202, 2, 0, "It run with donut", "20150329190332", 50, 1, 2);
insert into P_Reply value (202, 22);
insert into P_Topic value (203, "Ran read market", 0);
insert into Post_Include_P_Edit value (203, 2, 0, "Ran watch cup cake", "20150330230312", 15, 1, 7);
insert into P_Reply value (203, 117);
insert into P_Topic value (204, "You sleep in football", 0);
insert into Post_Include_P_Edit value (204, 2, 0, "It run with donut", "20150321160352", 0, 1, 4);
insert into P_Reply value (204, 100);
insert into P_Topic value (205, "Ran watch market", 0);
insert into Post_Include_P_Edit value (205, 2, 0, "Hu sleep in library", "20150401020452", 48, 1, 5);
insert into P_Reply value (205, 127);
insert into P_Topic value (206, "Hu run with market", 0);
insert into Post_Include_P_Edit value (206, 2, 0, "You run with cup cake", "20150320130312", 69, 1, 4);
insert into P_Reply value (206, 27);
insert into P_Topic value (207, "Hu sleep in football", 0);
insert into Post_Include_P_Edit value (207, 2, 0, "He look library", "20150322200332", 51, 1, 1);
insert into P_Reply value (207, 125);
insert into P_Topic value (208, "He eat food", 0);
insert into Post_Include_P_Edit value (208, 2, 0, "You fight with market", "20150321160352", 96, 1, 6);
insert into P_Reply value (208, 92);
insert into P_Topic value (209, "You sleep in library", 0);
insert into Post_Include_P_Edit value (209, 2, 0, "You play cup cake", "20150401020452", 13, 1, 0);
insert into P_Reply value (209, 110);
insert into P_Topic value (210, "You eat cup cake", 0);
insert into Post_Include_P_Edit value (210, 2, 0, "It eat cake", "20150327110312", 46, 1, 5);
insert into P_Reply value (210, 90);
insert into P_Topic value (211, "I read donut", 0);
insert into Post_Include_P_Edit value (211, 2, 0, "You eat cake", "20150321160352", 42, 1, 4);
insert into P_Reply value (211, 128);
insert into P_Topic value (212, "Aki eat computer", 0);
insert into Post_Include_P_Edit value (212, 2, 0, "She sleep in cup cake", "20150320130312", 90, 1, 3);
insert into P_Reply value (212, 27);
insert into P_Topic value (213, "Aki read cup cake", 0);
insert into Post_Include_P_Edit value (213, 2, 0, "Aki fight with cake", "20150328150352", 50, 1, 4);
insert into P_Reply value (213, 128);
insert into P_Topic value (214, "Hu run with computer", 0);
insert into Post_Include_P_Edit value (214, 2, 0, "Aki read football", "20150328150352", 38, 1, 7);
insert into P_Reply value (214, 30);
insert into P_Topic value (215, "Ran read computer", 0);
insert into Post_Include_P_Edit value (215, 2, 0, "She watch food", "20150329190332", 14, 1, 7);
insert into P_Reply value (215, 89);
insert into P_Topic value (216, "She look library", 0);
insert into Post_Include_P_Edit value (216, 2, 0, "It fight with food", "20150401020452", 67, 1, 1);
insert into P_Reply value (216, 87);
insert into P_Topic value (217, "Ran eat food", 0);
insert into Post_Include_P_Edit value (217, 2, 0, "Hu read cup cake", "20150322200332", 28, 1, 4);
insert into P_Reply value (217, 115);
insert into P_Topic value (218, "Hu watch food", 0);
insert into Post_Include_P_Edit value (218, 2, 0, "He sleep in library", "20150330230312", 92, 1, 4);
insert into P_Reply value (218, 12);
insert into P_Topic value (219, "Ran play library", 0);
insert into Post_Include_P_Edit value (219, 2, 0, "I look cup cake", "20150327110312", 20, 1, 7);
insert into P_Reply value (219, 69);
insert into P_Topic value (220, "I sleep in market", 0);
insert into Post_Include_P_Edit value (220, 2, 0, "Ran play computer", "20150324000312", 5, 1, 1);
insert into P_Reply value (220, 25);
insert into P_Topic value (221, "Aki watch market", 0);
insert into Post_Include_P_Edit value (221, 2, 0, "You eat market", "20150322200332", 6, 1, 4);
insert into P_Reply value (221, 97);
insert into P_Topic value (222, "Hu play donut", 0);
insert into Post_Include_P_Edit value (222, 2, 0, "He play football", "20150322200332", 0, 1, 2);
insert into P_Reply value (222, 32);
insert into P_Topic value (223, "Aki sleep in football", 0);
insert into Post_Include_P_Edit value (223, 2, 0, "Aki look food", "20150329190332", 15, 1, 1);
insert into P_Reply value (223, 46);
insert into P_Topic value (224, "Hu play donut", 0);
insert into Post_Include_P_Edit value (224, 2, 0, "I sleep in computer", "20150328150352", 53, 1, 0);
insert into P_Reply value (224, 28);
insert into P_Topic value (225, "I fight with football", 0);
insert into Post_Include_P_Edit value (225, 2, 0, "You fight with cup cake", "20150320130312", 15, 1, 7);
insert into P_Reply value (225, 110);
insert into P_Topic value (226, "She sleep in computer", 0);
insert into Post_Include_P_Edit value (226, 2, 0, "You read library", "20150326080332", 80, 1, 5);
insert into P_Reply value (226, 85);
insert into P_Topic value (227, "He run with football", 0);
insert into Post_Include_P_Edit value (227, 2, 0, "Aki run with library", "20150325040352", 53, 1, 5);
insert into P_Reply value (227, 82);
insert into P_Topic value (228, "Ran watch football", 0);
insert into Post_Include_P_Edit value (228, 2, 0, "He look football", "20150330230312", 84, 1, 4);
insert into P_Reply value (228, 54);
insert into P_Topic value (229, "Hu read football", 0);
insert into Post_Include_P_Edit value (229, 2, 0, "I play cake", "20150329190332", 2, 1, 0);
insert into P_Reply value (229, 83);
insert into P_Topic value (230, "You play cup cake", 0);
insert into Post_Include_P_Edit value (230, 2, 0, "You read market", "20150320130312", 68, 1, 2);
insert into P_Reply value (230, 93);
insert into P_Topic value (231, "I eat cake", 0);
insert into Post_Include_P_Edit value (231, 2, 0, "It read donut", "20150326080332", 28, 1, 6);
insert into P_Reply value (231, 121);
insert into P_Topic value (232, "Hu read donut", 0);
insert into Post_Include_P_Edit value (232, 2, 0, "You eat food", "20150401020452", 35, 1, 1);
insert into P_Reply value (232, 96);
insert into P_Topic value (233, "He look football", 0);
insert into Post_Include_P_Edit value (233, 2, 0, "She play food", "20150325040352", 13, 1, 7);
insert into P_Reply value (233, 128);
insert into P_Topic value (234, "She run with football", 0);
insert into Post_Include_P_Edit value (234, 2, 0, "Ran eat donut", "20150322200332", 14, 1, 6);
insert into P_Reply value (234, 76);
insert into P_Topic value (235, "Ran sleep in market", 0);
insert into Post_Include_P_Edit value (235, 2, 0, "Hu sleep in cup cake", "20150322200332", 18, 1, 6);
insert into P_Reply value (235, 69);
insert into P_Topic value (236, "You run with food", 0);
insert into Post_Include_P_Edit value (236, 2, 0, "He run with donut", "20150320130312", 54, 1, 1);
insert into P_Reply value (236, 95);
insert into P_Topic value (237, "She fight with football", 0);
insert into Post_Include_P_Edit value (237, 2, 0, "It sleep in football", "20150321160352", 74, 1, 5);
insert into P_Reply value (237, 90);
insert into P_Topic value (238, "Ran play donut", 0);
insert into Post_Include_P_Edit value (238, 2, 0, "It run with football", "20150329190332", 81, 1, 7);
insert into P_Reply value (238, 28);
insert into P_Topic value (239, "It watch cake", 0);
insert into Post_Include_P_Edit value (239, 2, 0, "She watch food", "20150328150352", 61, 1, 0);
insert into P_Reply value (239, 33);
insert into P_Topic value (240, "Aki play football", 0);
insert into Post_Include_P_Edit value (240, 2, 0, "He watch food", "20150327110312", 92, 1, 6);
insert into P_Reply value (240, 123);
insert into P_Topic value (241, "It watch cake", 0);
insert into Post_Include_P_Edit value (241, 2, 0, "Aki watch cake", "20150327110312", 85, 1, 2);
insert into P_Reply value (241, 64);
insert into P_Topic value (242, "I look cake", 0);
insert into Post_Include_P_Edit value (242, 2, 0, "You run with market", "20150401020452", 3, 1, 6);
insert into P_Reply value (242, 90);
insert into P_Topic value (243, "He eat library", 0);
insert into Post_Include_P_Edit value (243, 2, 0, "She eat market", "20150325040352", 54, 1, 3);
insert into P_Reply value (243, 90);
insert into P_Topic value (244, "You look cup cake", 0);
insert into Post_Include_P_Edit value (244, 2, 0, "He watch market", "20150321160352", 70, 1, 6);
insert into P_Reply value (244, 16);
insert into P_Topic value (245, "Hu look donut", 0);
insert into Post_Include_P_Edit value (245, 2, 0, "Aki read cake", "20150401020452", 3, 1, 0);
insert into P_Reply value (245, 80);
insert into P_Topic value (246, "You fight with cup cake", 0);
insert into Post_Include_P_Edit value (246, 2, 0, "Ran look library", "20150325040352", 21, 1, 7);
insert into P_Reply value (246, 33);
insert into P_Topic value (247, "Hu fight with football", 0);
insert into Post_Include_P_Edit value (247, 2, 0, "It run with library", "20150321160352", 24, 1, 2);
insert into P_Reply value (247, 77);
insert into P_Topic value (248, "She watch library", 0);
insert into Post_Include_P_Edit value (248, 2, 0, "You eat cup cake", "20150401020452", 19, 1, 7);
insert into P_Reply value (248, 28);
insert into P_Topic value (249, "She eat market", 0);
insert into Post_Include_P_Edit value (249, 2, 0, "Aki run with cup cake", "20150401020452", 65, 1, 6);
insert into P_Reply value (249, 89);
insert into P_Topic value (250, "I run with football", 0);
insert into Post_Include_P_Edit value (250, 2, 0, "It eat market", "20150326080332", 50, 1, 4);
insert into P_Reply value (250, 113);
insert into P_Topic value (251, "Aki fight with football", 0);
insert into Post_Include_P_Edit value (251, 2, 0, "I look cup cake", "20150401020452", 65, 1, 6);
insert into P_Reply value (251, 52);
insert into P_Topic value (252, "You watch cake", 0);
insert into Post_Include_P_Edit value (252, 2, 0, "Aki fight with donut", "20150329190332", 30, 1, 5);
insert into P_Reply value (252, 31);
insert into P_Topic value (253, "It look library", 0);
insert into Post_Include_P_Edit value (253, 2, 0, "Ran read food", "20150330230312", 68, 1, 2);
insert into P_Reply value (253, 12);
insert into P_Topic value (254, "Hu run with donut", 0);
insert into Post_Include_P_Edit value (254, 2, 0, "You read cup cake", "20150324000312", 75, 1, 6);
insert into P_Reply value (254, 7);
insert into P_Topic value (255, "He look cup cake", 0);
insert into Post_Include_P_Edit value (255, 2, 0, "She fight with library", "20150321160352", 87, 1, 0);
insert into P_Reply value (255, 12);
insert into P_Topic value (256, "I read food", 0);
insert into Post_Include_P_Edit value (256, 2, 0, "I watch cup cake", "20150327110312", 71, 1, 0);
insert into P_Reply value (256, 59);
insert into P_Topic value (257, "Ran fight with library", 0);
insert into Post_Include_P_Edit value (257, 2, 0, "I play computer", "20150327110312", 45, 1, 6);
insert into P_Reply value (257, 42);
insert into P_Topic value (258, "I run with cake", 0);
insert into Post_Include_P_Edit value (258, 2, 0, "Hu eat food", "20150322200332", 58, 1, 6);
insert into P_Reply value (258, 39);
insert into P_Topic value (259, "Aki fight with football", 0);
insert into Post_Include_P_Edit value (259, 2, 0, "You read donut", "20150320130312", 7, 1, 4);
insert into P_Reply value (259, 7);
insert into P_Topic value (260, "You look cake", 0);
insert into Post_Include_P_Edit value (260, 2, 0, "Aki look donut", "20150325040352", 68, 1, 6);
insert into P_Reply value (260, 120);
insert into P_Topic value (261, "Hu read donut", 0);
insert into Post_Include_P_Edit value (261, 2, 0, "You fight with donut", "20150322200332", 26, 1, 7);
insert into P_Reply value (261, 103);
insert into P_Topic value (262, "It sleep in cake", 0);
insert into Post_Include_P_Edit value (262, 2, 0, "I run with cake", "20150401020452", 71, 1, 6);
insert into P_Reply value (262, 88);
insert into P_Topic value (263, "Hu eat library", 0);
insert into Post_Include_P_Edit value (263, 2, 0, "Ran watch computer", "20150320130312", 84, 1, 0);
insert into P_Reply value (263, 23);
insert into P_Topic value (264, "He play cake", 0);
insert into Post_Include_P_Edit value (264, 2, 0, "He run with computer", "20150322200332", 2, 1, 2);
insert into P_Reply value (264, 65);
insert into P_Topic value (265, "Hu run with cake", 0);
insert into Post_Include_P_Edit value (265, 2, 0, "Aki eat food", "20150327110312", 13, 1, 4);
insert into P_Reply value (265, 50);
insert into P_Topic value (266, "Ran run with cake", 0);
insert into Post_Include_P_Edit value (266, 2, 0, "I sleep in market", "20150321160352", 26, 1, 5);
insert into P_Reply value (266, 0);
insert into P_Topic value (267, "He play market", 0);
insert into Post_Include_P_Edit value (267, 2, 0, "Hu read cake", "20150328150352", 22, 1, 3);
insert into P_Reply value (267, 41);
insert into P_Topic value (268, "Aki play food", 0);
insert into Post_Include_P_Edit value (268, 2, 0, "Ran play football", "20150324000312", 24, 1, 5);
insert into P_Reply value (268, 5);
insert into P_Topic value (269, "She eat cake", 0);
insert into Post_Include_P_Edit value (269, 2, 0, "She play food", "20150329190332", 91, 1, 4);
insert into P_Reply value (269, 102);
insert into P_Topic value (270, "You read computer", 0);
insert into Post_Include_P_Edit value (270, 2, 0, "She run with computer", "20150330230312", 81, 1, 2);
insert into P_Reply value (270, 42);
insert into P_Topic value (271, "You sleep in computer", 0);
insert into Post_Include_P_Edit value (271, 2, 0, "Ran run with donut", "20150327110312", 61, 1, 2);
insert into P_Reply value (271, 13);
insert into P_Topic value (272, "You play food", 0);
insert into Post_Include_P_Edit value (272, 2, 0, "She run with cake", "20150326080332", 22, 1, 5);
insert into P_Reply value (272, 91);
insert into P_Topic value (273, "Ran watch library", 0);
insert into Post_Include_P_Edit value (273, 2, 0, "She run with food", "20150329190332", 25, 1, 4);
insert into P_Reply value (273, 29);
insert into P_Topic value (274, "It look computer", 0);
insert into Post_Include_P_Edit value (274, 2, 0, "She eat computer", "20150321160352", 73, 1, 2);
insert into P_Reply value (274, 88);
insert into P_Topic value (275, "She look cake", 0);
insert into Post_Include_P_Edit value (275, 2, 0, "I eat cup cake", "20150329190332", 24, 1, 0);
insert into P_Reply value (275, 94);
insert into P_Topic value (276, "I sleep in football", 0);
insert into Post_Include_P_Edit value (276, 2, 0, "I play football", "20150322200332", 88, 1, 6);
insert into P_Reply value (276, 102);
insert into P_Topic value (277, "It run with food", 0);
insert into Post_Include_P_Edit value (277, 2, 0, "Aki fight with cake", "20150324000312", 19, 1, 7);
insert into P_Reply value (277, 98);
insert into P_Topic value (278, "You sleep in food", 0);
insert into Post_Include_P_Edit value (278, 2, 0, "Ran eat donut", "20150328150352", 75, 1, 1);
insert into P_Reply value (278, 22);
insert into P_Topic value (279, "I run with library", 0);
insert into Post_Include_P_Edit value (279, 2, 0, "You look food", "20150328150352", 2, 1, 7);
insert into P_Reply value (279, 128);
insert into P_Topic value (280, "She play computer", 0);
insert into Post_Include_P_Edit value (280, 2, 0, "Ran eat cup cake", "20150325040352", 66, 1, 3);
insert into P_Reply value (280, 60);
insert into P_Topic value (281, "She sleep in library", 0);
insert into Post_Include_P_Edit value (281, 2, 0, "Hu run with computer", "20150320130312", 11, 1, 7);
insert into P_Reply value (281, 82);
insert into P_Topic value (282, "Hu watch football", 0);
insert into Post_Include_P_Edit value (282, 2, 0, "Ran sleep in library", "20150320130312", 26, 1, 3);
insert into P_Reply value (282, 83);
insert into P_Topic value (283, "Aki look computer", 0);
insert into Post_Include_P_Edit value (283, 2, 0, "Aki look football", "20150328150352", 54, 1, 0);
insert into P_Reply value (283, 131);
insert into P_Topic value (284, "Hu sleep in football", 0);
insert into Post_Include_P_Edit value (284, 2, 0, "Hu run with cup cake", "20150325040352", 54, 1, 5);
insert into P_Reply value (284, 17);
insert into P_Topic value (285, "It play library", 0);
insert into Post_Include_P_Edit value (285, 2, 0, "Aki watch football", "20150326080332", 49, 1, 6);
insert into P_Reply value (285, 122);
insert into P_Topic value (286, "He look cake", 0);
insert into Post_Include_P_Edit value (286, 2, 0, "Ran run with donut", "20150322200332", 61, 1, 4);
insert into P_Reply value (286, 74);
insert into P_Topic value (287, "Aki sleep in food", 0);
insert into Post_Include_P_Edit value (287, 2, 0, "You fight with football", "20150330230312", 25, 1, 3);
insert into P_Reply value (287, 49);
insert into P_Topic value (288, "It read library", 0);
insert into Post_Include_P_Edit value (288, 2, 0, "Hu run with cup cake", "20150321160352", 55, 1, 6);
insert into P_Reply value (288, 30);
insert into P_Topic value (289, "Aki watch donut", 0);
insert into Post_Include_P_Edit value (289, 2, 0, "He look library", "20150322200332", 74, 1, 0);
insert into P_Reply value (289, 109);
insert into P_Topic value (290, "Aki fight with market", 0);
insert into Post_Include_P_Edit value (290, 2, 0, "It sleep in market", "20150330230312", 10, 1, 0);
insert into P_Reply value (290, 81);
insert into P_Topic value (291, "I read computer", 0);
insert into Post_Include_P_Edit value (291, 2, 0, "Ran eat computer", "20150325040352", 45, 1, 1);
insert into P_Reply value (291, 6);
insert into P_Topic value (292, "She sleep in computer", 0);
insert into Post_Include_P_Edit value (292, 2, 0, "Aki play cake", "20150321160352", 73, 1, 2);
insert into P_Reply value (292, 71);
insert into P_Topic value (293, "Ran fight with library", 0);
insert into Post_Include_P_Edit value (293, 2, 0, "I sleep in library", "20150330230312", 62, 1, 2);
insert into P_Reply value (293, 15);
insert into P_Topic value (294, "You look cup cake", 0);
insert into Post_Include_P_Edit value (294, 2, 0, "You watch donut", "20150329190332", 81, 1, 4);
insert into P_Reply value (294, 74);
insert into P_Topic value (295, "You eat donut", 0);
insert into Post_Include_P_Edit value (295, 2, 0, "He look football", "20150401020452", 34, 1, 7);
insert into P_Reply value (295, 10);
insert into P_Topic value (296, "He play computer", 0);
insert into Post_Include_P_Edit value (296, 2, 0, "Aki fight with library", "20150322200332", 29, 1, 5);
insert into P_Reply value (296, 4);
insert into P_Topic value (297, "It sleep in market", 0);
insert into Post_Include_P_Edit value (297, 2, 0, "You run with food", "20150326080332", 54, 1, 7);
insert into P_Reply value (297, 59);
insert into P_Topic value (298, "Hu play food", 0);
insert into Post_Include_P_Edit value (298, 2, 0, "Hu eat market", "20150401020452", 81, 1, 0);
insert into P_Reply value (298, 103);
insert into P_Topic value (299, "I sleep in donut", 0);
insert into Post_Include_P_Edit value (299, 2, 0, "It look cup cake", "20150326080332", 84, 1, 7);
insert into P_Reply value (299, 52);
insert into P_Topic value (300, "Aki play cup cake", 0);
insert into Post_Include_P_Edit value (300, 2, 0, "Aki eat cake", "20150324000312", 61, 1, 3);
insert into P_Reply value (300, 58);
insert into P_Topic value (301, "It fight with market", 0);
insert into Post_Include_P_Edit value (301, 2, 0, "Ran run with cup cake", "20150326080332", 49, 1, 6);
insert into P_Reply value (301, 11);
insert into P_Topic value (302, "Ran watch donut", 0);
insert into Post_Include_P_Edit value (302, 2, 0, "Aki look food", "20150330230312", 33, 1, 0);
insert into P_Reply value (302, 46);
insert into P_Topic value (303, "Ran run with cake", 0);
insert into Post_Include_P_Edit value (303, 2, 0, "She run with library", "20150324000312", 95, 1, 5);
insert into P_Reply value (303, 66);
insert into P_Topic value (304, "I eat cake", 0);
insert into Post_Include_P_Edit value (304, 2, 0, "Ran fight with market", "20150321160352", 29, 1, 2);
insert into P_Reply value (304, 20);
insert into P_Topic value (305, "I read food", 0);
insert into Post_Include_P_Edit value (305, 2, 0, "He watch market", "20150401020452", 2, 1, 4);
insert into P_Reply value (305, 0);
insert into P_Topic value (306, "Hu look donut", 0);
insert into Post_Include_P_Edit value (306, 2, 0, "I play donut", "20150329190332", 74, 1, 7);
insert into P_Reply value (306, 15);
insert into P_Topic value (307, "She eat football", 0);
insert into Post_Include_P_Edit value (307, 2, 0, "You fight with football", "20150327110312", 59, 1, 2);
insert into P_Reply value (307, 50);
insert into P_Topic value (308, "Ran watch cup cake", 0);
insert into Post_Include_P_Edit value (308, 2, 0, "He read library", "20150325040352", 77, 1, 0);
insert into P_Reply value (308, 48);
insert into P_Topic value (309, "He read library", 0);
insert into Post_Include_P_Edit value (309, 2, 0, "Hu read donut", "20150401020452", 14, 1, 1);
insert into P_Reply value (309, 80);
insert into P_Topic value (310, "Ran run with market", 0);
insert into Post_Include_P_Edit value (310, 2, 0, "Aki eat donut", "20150328150352", 93, 1, 6);
insert into P_Reply value (310, 65);
insert into P_Topic value (311, "Hu watch donut", 0);
insert into Post_Include_P_Edit value (311, 2, 0, "She watch market", "20150327110312", 26, 1, 7);
insert into P_Reply value (311, 126);
insert into P_Topic value (312, "It eat market", 0);
insert into Post_Include_P_Edit value (312, 2, 0, "Ran sleep in computer", "20150327110312", 10, 1, 0);
insert into P_Reply value (312, 8);
insert into P_Topic value (313, "She run with cake", 0);
insert into Post_Include_P_Edit value (313, 2, 0, "I watch donut", "20150401020452", 83, 1, 2);
insert into P_Reply value (313, 92);
insert into P_Topic value (314, "You sleep in food", 0);
insert into Post_Include_P_Edit value (314, 2, 0, "Aki play food", "20150328150352", 53, 1, 1);
insert into P_Reply value (314, 102);
insert into P_Topic value (315, "You run with donut", 0);
insert into Post_Include_P_Edit value (315, 2, 0, "He sleep in cup cake", "20150325040352", 35, 1, 0);
insert into P_Reply value (315, 129);
insert into P_Topic value (316, "Ran look food", 0);
insert into Post_Include_P_Edit value (316, 2, 0, "Aki play cup cake", "20150328150352", 45, 1, 3);
insert into P_Reply value (316, 32);
insert into P_Topic value (317, "She sleep in food", 0);
insert into Post_Include_P_Edit value (317, 2, 0, "I run with donut", "20150322200332", 48, 1, 3);
insert into P_Reply value (317, 9);
insert into P_Topic value (318, "Aki run with computer", 0);
insert into Post_Include_P_Edit value (318, 2, 0, "I run with market", "20150321160352", 28, 1, 0);
insert into P_Reply value (318, 121);
insert into P_Topic value (319, "I read donut", 0);
insert into Post_Include_P_Edit value (319, 2, 0, "Hu watch library", "20150325040352", 52, 1, 5);
insert into P_Reply value (319, 86);
insert into P_Topic value (320, "Ran play donut", 0);
insert into Post_Include_P_Edit value (320, 2, 0, "Hu fight with library", "20150330230312", 20, 1, 7);
insert into P_Reply value (320, 106);
insert into P_Topic value (321, "You read computer", 0);
insert into Post_Include_P_Edit value (321, 2, 0, "You fight with computer", "20150320130312", 77, 1, 4);
insert into P_Reply value (321, 113);
insert into P_Topic value (322, "Hu sleep in cake", 0);
insert into Post_Include_P_Edit value (322, 2, 0, "He play food", "20150320130312", 11, 1, 3);
insert into P_Reply value (322, 101);
insert into P_Topic value (323, "She run with food", 0);
insert into Post_Include_P_Edit value (323, 2, 0, "Hu sleep in market", "20150401020452", 24, 1, 7);
insert into P_Reply value (323, 24);
insert into P_Topic value (324, "Aki watch cup cake", 0);
insert into Post_Include_P_Edit value (324, 2, 0, "You eat food", "20150327110312", 49, 1, 4);
insert into P_Reply value (324, 28);
insert into P_Topic value (325, "Ran watch cup cake", 0);
insert into Post_Include_P_Edit value (325, 2, 0, "It look computer", "20150330230312", 11, 1, 0);
insert into P_Reply value (325, 102);
insert into P_Topic value (326, "She sleep in cup cake", 0);
insert into Post_Include_P_Edit value (326, 2, 0, "He play football", "20150329190332", 35, 1, 7);
insert into P_Reply value (326, 102);
insert into P_Topic value (327, "He read donut", 0);
insert into Post_Include_P_Edit value (327, 2, 0, "He watch food", "20150321160352", 26, 1, 3);
insert into P_Reply value (327, 110);
insert into P_Topic value (328, "He look computer", 0);
insert into Post_Include_P_Edit value (328, 2, 0, "She read football", "20150328150352", 71, 1, 4);
insert into P_Reply value (328, 94);
insert into P_Topic value (329, "It run with food", 0);
insert into Post_Include_P_Edit value (329, 2, 0, "Ran sleep in library", "20150326080332", 53, 1, 0);
insert into P_Reply value (329, 15);
insert into P_Topic value (330, "Ran read football", 0);
insert into Post_Include_P_Edit value (330, 2, 0, "He read cup cake", "20150325040352", 61, 1, 0);
insert into P_Reply value (330, 127);
insert into P_Topic value (331, "You look cup cake", 0);
insert into Post_Include_P_Edit value (331, 2, 0, "You play cake", "20150401020452", 5, 1, 1);
insert into P_Reply value (331, 59);
insert into P_Topic value (332, "It read donut", 0);
insert into Post_Include_P_Edit value (332, 2, 0, "You read market", "20150328150352", 10, 1, 0);
insert into P_Reply value (332, 95);
insert into P_Topic value (333, "She play computer", 0);
insert into Post_Include_P_Edit value (333, 2, 0, "He run with cake", "20150327110312", 25, 1, 5);
insert into P_Reply value (333, 96);
insert into P_Topic value (334, "You fight with donut", 0);
insert into Post_Include_P_Edit value (334, 2, 0, "Aki fight with library", "20150321160352", 11, 1, 3);
insert into P_Reply value (334, 124);
insert into P_Topic value (335, "Ran play football", 0);
insert into Post_Include_P_Edit value (335, 2, 0, "Ran sleep in computer", "20150322200332", 73, 1, 3);
insert into P_Reply value (335, 103);
insert into P_Topic value (336, "It play market", 0);
insert into Post_Include_P_Edit value (336, 2, 0, "She read computer", "20150329190332", 42, 1, 2);
insert into P_Reply value (336, 71);
insert into P_Topic value (337, "I look cup cake", 0);
insert into Post_Include_P_Edit value (337, 2, 0, "Hu fight with football", "20150328150352", 69, 1, 6);
insert into P_Reply value (337, 70);
insert into P_Topic value (338, "It run with donut", 0);
insert into Post_Include_P_Edit value (338, 2, 0, "She watch donut", "20150330230312", 11, 1, 3);
insert into P_Reply value (338, 88);
insert into P_Topic value (339, "I read computer", 0);
insert into Post_Include_P_Edit value (339, 2, 0, "It watch cake", "20150325040352", 38, 1, 7);
insert into P_Reply value (339, 81);
insert into P_Topic value (340, "I fight with market", 0);
insert into Post_Include_P_Edit value (340, 2, 0, "It read library", "20150324000312", 85, 1, 5);
insert into P_Reply value (340, 67);
insert into P_Topic value (341, "You play market", 0);
insert into Post_Include_P_Edit value (341, 2, 0, "You fight with cake", "20150401020452", 68, 1, 4);
insert into P_Reply value (341, 7);
insert into P_Topic value (342, "Hu fight with cup cake", 0);
insert into Post_Include_P_Edit value (342, 2, 0, "He sleep in cake", "20150325040352", 25, 1, 0);
insert into P_Reply value (342, 31);
insert into P_Topic value (343, "I read football", 0);
insert into Post_Include_P_Edit value (343, 2, 0, "Ran watch food", "20150322200332", 31, 1, 2);
insert into P_Reply value (343, 80);
insert into P_Topic value (344, "It fight with donut", 0);
insert into Post_Include_P_Edit value (344, 2, 0, "You read food", "20150326080332", 72, 1, 1);
insert into P_Reply value (344, 27);
insert into P_Topic value (345, "I read football", 0);
insert into Post_Include_P_Edit value (345, 2, 0, "Ran look cup cake", "20150401020452", 20, 1, 3);
insert into P_Reply value (345, 114);
insert into P_Topic value (346, "You play food", 0);
insert into Post_Include_P_Edit value (346, 2, 0, "You fight with donut", "20150320130312", 85, 1, 2);
insert into P_Reply value (346, 115);
insert into P_Topic value (347, "Ran watch computer", 0);
insert into Post_Include_P_Edit value (347, 2, 0, "He eat donut", "20150324000312", 82, 1, 6);
insert into P_Reply value (347, 44);
insert into P_Topic value (348, "Hu eat cake", 0);
insert into Post_Include_P_Edit value (348, 2, 0, "She eat computer", "20150322200332", 8, 1, 7);
insert into P_Reply value (348, 130);
insert into P_Topic value (349, "Ran fight with computer", 0);
insert into Post_Include_P_Edit value (349, 2, 0, "I fight with cake", "20150321160352", 41, 1, 5);
insert into P_Reply value (349, 49);
insert into P_Topic value (350, "She watch football", 0);
insert into Post_Include_P_Edit value (350, 2, 0, "He fight with donut", "20150329190332", 13, 1, 5);
insert into P_Reply value (350, 69);
insert into P_Topic value (351, "She eat donut", 0);
insert into Post_Include_P_Edit value (351, 2, 0, "Ran look market", "20150330230312", 78, 1, 5);
insert into P_Reply value (351, 25);
insert into P_Topic value (352, "He read football", 0);
insert into Post_Include_P_Edit value (352, 2, 0, "Ran watch food", "20150321160352", 96, 1, 4);
insert into P_Reply value (352, 108);
insert into P_Topic value (353, "It run with cake", 0);
insert into Post_Include_P_Edit value (353, 2, 0, "She read cake", "20150327110312", 96, 1, 5);
insert into P_Reply value (353, 34);
insert into P_Topic value (354, "Ran fight with donut", 0);
insert into Post_Include_P_Edit value (354, 2, 0, "I eat market", "20150326080332", 64, 1, 7);
insert into P_Reply value (354, 111);
insert into P_Topic value (355, "I eat computer", 0);
insert into Post_Include_P_Edit value (355, 2, 0, "Ran sleep in market", "20150328150352", 25, 1, 5);
insert into P_Reply value (355, 24);
insert into P_Topic value (356, "Hu fight with donut", 0);
insert into Post_Include_P_Edit value (356, 2, 0, "Ran run with library", "20150324000312", 63, 1, 3);
insert into P_Reply value (356, 21);
insert into P_Topic value (357, "Aki play cup cake", 0);
insert into Post_Include_P_Edit value (357, 2, 0, "She fight with market", "20150329190332", 62, 1, 7);
insert into P_Reply value (357, 96);
insert into P_Topic value (358, "He eat football", 0);
insert into Post_Include_P_Edit value (358, 2, 0, "Ran fight with cup cake", "20150401020452", 70, 1, 6);
insert into P_Reply value (358, 116);
insert into P_Topic value (359, "I read computer", 0);
insert into Post_Include_P_Edit value (359, 2, 0, "She eat football", "20150328150352", 52, 1, 2);
insert into P_Reply value (359, 40);
insert into P_Topic value (360, "She play market", 0);
insert into Post_Include_P_Edit value (360, 2, 0, "I read computer", "20150326080332", 56, 1, 7);
insert into P_Reply value (360, 38);
insert into P_Topic value (361, "Ran look computer", 0);
insert into Post_Include_P_Edit value (361, 2, 0, "You eat football", "20150330230312", 90, 1, 5);
insert into P_Reply value (361, 120);
insert into P_Topic value (362, "I fight with computer", 0);
insert into Post_Include_P_Edit value (362, 2, 0, "You eat cup cake", "20150401020452", 8, 1, 2);
insert into P_Reply value (362, 122);
insert into P_Topic value (363, "Aki read cake", 0);
insert into Post_Include_P_Edit value (363, 2, 0, "Ran watch food", "20150321160352", 81, 1, 5);
insert into P_Reply value (363, 28);
insert into P_Topic value (364, "Hu play donut", 0);
insert into Post_Include_P_Edit value (364, 2, 0, "Ran look computer", "20150321160352", 26, 1, 6);
insert into P_Reply value (364, 74);
insert into P_Topic value (365, "Hu read cake", 0);
insert into Post_Include_P_Edit value (365, 2, 0, "I read library", "20150329190332", 84, 1, 3);
insert into P_Reply value (365, 100);
insert into P_Topic value (366, "Ran eat cake", 0);
insert into Post_Include_P_Edit value (366, 2, 0, "You read football", "20150322200332", 2, 1, 0);
insert into P_Reply value (366, 102);
insert into P_Topic value (367, "Aki sleep in cake", 0);
insert into Post_Include_P_Edit value (367, 2, 0, "He play computer", "20150328150352", 44, 1, 1);
insert into P_Reply value (367, 28);
insert into P_Topic value (368, "She eat market", 0);
insert into Post_Include_P_Edit value (368, 2, 0, "It read cup cake", "20150401020452", 80, 1, 1);
insert into P_Reply value (368, 97);
insert into P_Topic value (369, "Hu sleep in football", 0);
insert into Post_Include_P_Edit value (369, 2, 0, "He eat library", "20150322200332", 66, 1, 1);
insert into P_Reply value (369, 94);
insert into P_Topic value (370, "She read cup cake", 0);
insert into Post_Include_P_Edit value (370, 2, 0, "It run with market", "20150325040352", 62, 1, 4);
insert into P_Reply value (370, 19);
insert into P_Topic value (371, "I eat computer", 0);
insert into Post_Include_P_Edit value (371, 2, 0, "He sleep in donut", "20150321160352", 5, 1, 3);
insert into P_Reply value (371, 58);
insert into P_Topic value (372, "Hu eat cake", 0);
insert into Post_Include_P_Edit value (372, 2, 0, "She read library", "20150320130312", 93, 1, 0);
insert into P_Reply value (372, 47);
insert into P_Topic value (373, "You fight with food", 0);
insert into Post_Include_P_Edit value (373, 2, 0, "You eat cup cake", "20150327110312", 67, 1, 1);
insert into P_Reply value (373, 23);
insert into P_Topic value (374, "She eat cup cake", 0);
insert into Post_Include_P_Edit value (374, 2, 0, "You fight with food", "20150326080332", 75, 1, 1);
insert into P_Reply value (374, 45);
insert into P_Topic value (375, "She read donut", 0);
insert into Post_Include_P_Edit value (375, 2, 0, "You run with computer", "20150401020452", 95, 1, 0);
insert into P_Reply value (375, 15);
insert into P_Topic value (376, "Aki watch computer", 0);
insert into Post_Include_P_Edit value (376, 2, 0, "Aki play library", "20150330230312", 14, 1, 5);
insert into P_Reply value (376, 50);
insert into P_Topic value (377, "It sleep in market", 0);
insert into Post_Include_P_Edit value (377, 2, 0, "Aki sleep in donut", "20150321160352", 91, 1, 4);
insert into P_Reply value (377, 88);
insert into P_Topic value (378, "Aki sleep in cake", 0);
insert into Post_Include_P_Edit value (378, 2, 0, "Ran watch computer", "20150328150352", 21, 1, 3);
insert into P_Reply value (378, 71);
insert into P_Topic value (379, "Aki play library", 0);
insert into Post_Include_P_Edit value (379, 2, 0, "It look library", "20150321160352", 7, 1, 5);
insert into P_Reply value (379, 0);
insert into P_Topic value (380, "Hu watch food", 0);
insert into Post_Include_P_Edit value (380, 2, 0, "It run with library", "20150321160352", 35, 1, 6);
insert into P_Reply value (380, 40);
insert into P_Topic value (381, "Aki fight with donut", 0);
insert into Post_Include_P_Edit value (381, 2, 0, "Aki look computer", "20150325040352", 72, 1, 7);
insert into P_Reply value (381, 31);
insert into P_Topic value (382, "He eat market", 0);
insert into Post_Include_P_Edit value (382, 2, 0, "I watch library", "20150401020452", 42, 1, 5);
insert into P_Reply value (382, 5);
insert into P_Topic value (383, "I eat food", 0);
insert into Post_Include_P_Edit value (383, 2, 0, "It play library", "20150321160352", 87, 1, 5);
insert into P_Reply value (383, 76);
insert into P_Topic value (384, "Aki sleep in market", 0);
insert into Post_Include_P_Edit value (384, 2, 0, "Ran look donut", "20150328150352", 15, 1, 2);
insert into P_Reply value (384, 31);
insert into P_Topic value (385, "Aki run with computer", 0);
insert into Post_Include_P_Edit value (385, 2, 0, "You run with market", "20150320130312", 61, 1, 2);
insert into P_Reply value (385, 68);
insert into P_Topic value (386, "It run with football", 0);
insert into Post_Include_P_Edit value (386, 2, 0, "Aki read cup cake", "20150322200332", 79, 1, 0);
insert into P_Reply value (386, 39);
insert into P_Topic value (387, "I eat donut", 0);
insert into Post_Include_P_Edit value (387, 2, 0, "She sleep in market", "20150322200332", 62, 1, 1);
insert into P_Reply value (387, 117);
insert into P_Topic value (388, "She read market", 0);
insert into Post_Include_P_Edit value (388, 2, 0, "I eat library", "20150321160352", 23, 1, 3);
insert into P_Reply value (388, 116);
insert into P_Topic value (389, "Hu watch market", 0);
insert into Post_Include_P_Edit value (389, 2, 0, "Aki sleep in market", "20150325040352", 17, 1, 2);
insert into P_Reply value (389, 8);
insert into P_Topic value (390, "You read donut", 0);
insert into Post_Include_P_Edit value (390, 2, 0, "You fight with football", "20150324000312", 14, 1, 4);
insert into P_Reply value (390, 59);
insert into P_Topic value (391, "I play football", 0);
insert into Post_Include_P_Edit value (391, 2, 0, "I read food", "20150324000312", 81, 1, 5);
insert into P_Reply value (391, 36);
insert into P_Topic value (392, "He eat cup cake", 0);
insert into Post_Include_P_Edit value (392, 2, 0, "It run with market", "20150330230312", 81, 1, 1);
insert into P_Reply value (392, 118);
insert into P_Topic value (393, "Ran eat computer", 0);
insert into Post_Include_P_Edit value (393, 2, 0, "Aki play donut", "20150330230312", 27, 1, 3);
insert into P_Reply value (393, 33);
insert into P_Topic value (394, "Aki look cake", 0);
insert into Post_Include_P_Edit value (394, 2, 0, "Aki look library", "20150321160352", 33, 1, 1);
insert into P_Reply value (394, 78);
insert into P_Topic value (395, "Hu look computer", 0);
insert into Post_Include_P_Edit value (395, 2, 0, "Aki eat market", "20150326080332", 87, 1, 0);
insert into P_Reply value (395, 51);
insert into P_Topic value (396, "Hu look football", 0);
insert into Post_Include_P_Edit value (396, 2, 0, "It play cup cake", "20150327110312", 35, 1, 7);
insert into P_Reply value (396, 38);
insert into P_Topic value (397, "She sleep in cup cake", 0);
insert into Post_Include_P_Edit value (397, 2, 0, "Ran watch donut", "20150401020452", 37, 1, 3);
insert into P_Reply value (397, 0);
insert into P_Topic value (398, "He run with computer", 0);
insert into Post_Include_P_Edit value (398, 2, 0, "You watch donut", "20150330230312", 94, 1, 0);
insert into P_Reply value (398, 5);
insert into P_Topic value (399, "It read football", 0);
insert into Post_Include_P_Edit value (399, 2, 0, "It eat computer", "20150401020452", 18, 1, 7);
insert into P_Reply value (399, 104);
insert into P_Topic value (400, "I play cake", 0);
insert into Post_Include_P_Edit value (400, 2, 0, "Aki fight with football", "20150325040352", 32, 1, 7);
insert into P_Reply value (400, 83);
insert into P_Topic value (401, "Aki read football", 0);
insert into Post_Include_P_Edit value (401, 2, 0, "It look market", "20150322200332", 19, 1, 4);
insert into P_Reply value (401, 59);
insert into P_Topic value (402, "I run with food", 0);
insert into Post_Include_P_Edit value (402, 2, 0, "She look market", "20150328150352", 87, 1, 5);
insert into P_Reply value (402, 52);
insert into P_Topic value (403, "It run with football", 0);
insert into Post_Include_P_Edit value (403, 2, 0, "Aki run with donut", "20150330230312", 54, 1, 2);
insert into P_Reply value (403, 54);
insert into P_Topic value (404, "I read cake", 0);
insert into Post_Include_P_Edit value (404, 2, 0, "He sleep in market", "20150329190332", 55, 1, 6);
insert into P_Reply value (404, 62);
insert into P_Topic value (405, "You play market", 0);
insert into Post_Include_P_Edit value (405, 2, 0, "Ran look food", "20150401020452", 83, 1, 2);
insert into P_Reply value (405, 94);
insert into P_Topic value (406, "She eat food", 0);
insert into Post_Include_P_Edit value (406, 2, 0, "I look market", "20150320130312", 64, 1, 2);
insert into P_Reply value (406, 100);
insert into P_Topic value (407, "He look food", 0);
insert into Post_Include_P_Edit value (407, 2, 0, "Aki watch cake", "20150324000312", 46, 1, 0);
insert into P_Reply value (407, 28);
insert into P_Topic value (408, "You play computer", 0);
insert into Post_Include_P_Edit value (408, 2, 0, "I read football", "20150401020452", 34, 1, 5);
insert into P_Reply value (408, 94);
insert into P_Topic value (409, "You eat computer", 0);
insert into Post_Include_P_Edit value (409, 2, 0, "Hu play computer", "20150324000312", 38, 1, 2);
insert into P_Reply value (409, 7);
insert into P_Topic value (410, "Hu play cup cake", 0);
insert into Post_Include_P_Edit value (410, 2, 0, "I watch cake", "20150322200332", 51, 1, 1);
insert into P_Reply value (410, 101);
insert into P_Topic value (411, "Ran fight with food", 0);
insert into Post_Include_P_Edit value (411, 2, 0, "You fight with market", "20150321160352", 77, 1, 2);
insert into P_Reply value (411, 6);
insert into P_Topic value (412, "He read library", 0);
insert into Post_Include_P_Edit value (412, 2, 0, "Hu read cup cake", "20150320130312", 64, 1, 7);
insert into P_Reply value (412, 22);
insert into P_Topic value (413, "She read library", 0);
insert into Post_Include_P_Edit value (413, 2, 0, "Hu play donut", "20150320130312", 25, 1, 2);
insert into P_Reply value (413, 64);
insert into P_Topic value (414, "You sleep in donut", 0);
insert into Post_Include_P_Edit value (414, 2, 0, "You play library", "20150327110312", 64, 1, 3);
insert into P_Reply value (414, 68);
insert into P_Topic value (415, "I play food", 0);
insert into Post_Include_P_Edit value (415, 2, 0, "I fight with cake", "20150328150352", 45, 1, 0);
insert into P_Reply value (415, 0);
insert into P_Topic value (416, "Hu play football", 0);
insert into Post_Include_P_Edit value (416, 2, 0, "He eat food", "20150327110312", 6, 1, 1);
insert into P_Reply value (416, 57);
insert into P_Topic value (417, "Hu look cup cake", 0);
insert into Post_Include_P_Edit value (417, 2, 0, "Ran watch football", "20150401020452", 79, 1, 5);
insert into P_Reply value (417, 59);
insert into P_Topic value (418, "Ran eat football", 0);
insert into Post_Include_P_Edit value (418, 2, 0, "Hu watch football", "20150322200332", 8, 1, 2);
insert into P_Reply value (418, 40);
insert into P_Topic value (419, "He run with food", 0);
insert into Post_Include_P_Edit value (419, 2, 0, "You read football", "20150320130312", 67, 1, 7);
insert into P_Reply value (419, 59);
insert into P_Topic value (420, "Aki look cup cake", 0);
insert into Post_Include_P_Edit value (420, 2, 0, "Ran sleep in computer", "20150325040352", 93, 1, 3);
insert into P_Reply value (420, 89);
insert into P_Topic value (421, "Hu fight with computer", 0);
insert into Post_Include_P_Edit value (421, 2, 0, "Ran sleep in cake", "20150321160352", 17, 1, 0);
insert into P_Reply value (421, 14);
insert into P_Topic value (422, "I read football", 0);
insert into Post_Include_P_Edit value (422, 2, 0, "It eat football", "20150326080332", 51, 1, 0);
insert into P_Reply value (422, 11);
insert into P_Topic value (423, "Ran read football", 0);
insert into Post_Include_P_Edit value (423, 2, 0, "Ran eat cup cake", "20150325040352", 4, 1, 6);
insert into P_Reply value (423, 120);
insert into P_Topic value (424, "She run with computer", 0);
insert into Post_Include_P_Edit value (424, 2, 0, "She read food", "20150321160352", 67, 1, 4);
insert into P_Reply value (424, 121);
insert into P_Topic value (425, "You play computer", 0);
insert into Post_Include_P_Edit value (425, 2, 0, "It look computer", "20150321160352", 25, 1, 1);
insert into P_Reply value (425, 69);
insert into P_Topic value (426, "I fight with cup cake", 0);
insert into Post_Include_P_Edit value (426, 2, 0, "He eat library", "20150320130312", 36, 1, 3);
insert into P_Reply value (426, 119);
insert into P_Topic value (427, "He play computer", 0);
insert into Post_Include_P_Edit value (427, 2, 0, "She run with food", "20150322200332", 90, 1, 0);
insert into P_Reply value (427, 32);
insert into P_Topic value (428, "I read donut", 0);
insert into Post_Include_P_Edit value (428, 2, 0, "She play football", "20150324000312", 88, 1, 6);
insert into P_Reply value (428, 9);
insert into P_Topic value (429, "It eat library", 0);
insert into Post_Include_P_Edit value (429, 2, 0, "You eat computer", "20150329190332", 48, 1, 5);
insert into P_Reply value (429, 104);
insert into P_Topic value (430, "Aki fight with cake", 0);
insert into Post_Include_P_Edit value (430, 2, 0, "Ran sleep in football", "20150327110312", 52, 1, 3);
insert into P_Reply value (430, 74);
insert into P_Topic value (431, "Ran sleep in food", 0);
insert into Post_Include_P_Edit value (431, 2, 0, "I eat food", "20150326080332", 34, 1, 6);
insert into P_Reply value (431, 65);
insert into P_Topic value (432, "Hu run with library", 0);
insert into Post_Include_P_Edit value (432, 2, 0, "You run with computer", "20150320130312", 15, 1, 3);
insert into P_Reply value (432, 1);
insert into P_Topic value (433, "I read donut", 0);
insert into Post_Include_P_Edit value (433, 2, 0, "She run with computer", "20150401020452", 34, 1, 0);
insert into P_Reply value (433, 69);
insert into P_Topic value (434, "Aki watch food", 0);
insert into Post_Include_P_Edit value (434, 2, 0, "Hu watch donut", "20150401020452", 67, 1, 0);
insert into P_Reply value (434, 78);
insert into P_Topic value (435, "It watch market", 0);
insert into Post_Include_P_Edit value (435, 2, 0, "Ran eat cake", "20150326080332", 73, 1, 0);
insert into P_Reply value (435, 21);
insert into P_Topic value (436, "She play computer", 0);
insert into Post_Include_P_Edit value (436, 2, 0, "Ran sleep in food", "20150320130312", 54, 1, 2);
insert into P_Reply value (436, 81);
insert into P_Topic value (437, "It sleep in market", 0);
insert into Post_Include_P_Edit value (437, 2, 0, "You read cup cake", "20150327110312", 33, 1, 4);
insert into P_Reply value (437, 105);
insert into P_Topic value (438, "She look cup cake", 0);
insert into Post_Include_P_Edit value (438, 2, 0, "Aki run with cake", "20150330230312", 91, 1, 7);
insert into P_Reply value (438, 24);
insert into P_Topic value (439, "It fight with donut", 0);
insert into Post_Include_P_Edit value (439, 2, 0, "She play donut", "20150401020452", 96, 1, 7);
insert into P_Reply value (439, 7);
insert into P_Topic value (440, "You watch food", 0);
insert into Post_Include_P_Edit value (440, 2, 0, "I watch cup cake", "20150324000312", 37, 1, 7);
insert into P_Reply value (440, 1);
insert into P_Topic value (441, "Ran eat football", 0);
insert into Post_Include_P_Edit value (441, 2, 0, "Hu watch football", "20150324000312", 24, 1, 7);
insert into P_Reply value (441, 6);
insert into P_Topic value (442, "He watch food", 0);
insert into Post_Include_P_Edit value (442, 2, 0, "She look donut", "20150324000312", 95, 1, 5);
insert into P_Reply value (442, 113);
insert into P_Topic value (443, "Aki play library", 0);
insert into Post_Include_P_Edit value (443, 2, 0, "It fight with market", "20150327110312", 85, 1, 4);
insert into P_Reply value (443, 34);
insert into P_Topic value (444, "It eat cake", 0);
insert into Post_Include_P_Edit value (444, 2, 0, "Hu play donut", "20150325040352", 76, 1, 0);
insert into P_Reply value (444, 103);
insert into P_Topic value (445, "Hu eat computer", 0);
insert into Post_Include_P_Edit value (445, 2, 0, "Ran eat cake", "20150321160352", 30, 1, 6);
insert into P_Reply value (445, 96);
insert into P_Topic value (446, "I look football", 0);
insert into Post_Include_P_Edit value (446, 2, 0, "Hu watch football", "20150327110312", 88, 1, 7);
insert into P_Reply value (446, 127);
insert into P_Topic value (447, "Aki sleep in computer", 0);
insert into Post_Include_P_Edit value (447, 2, 0, "I run with football", "20150321160352", 91, 1, 7);
insert into P_Reply value (447, 40);
insert into P_Topic value (448, "Hu watch market", 0);
insert into Post_Include_P_Edit value (448, 2, 0, "I eat football", "20150327110312", 35, 1, 4);
insert into P_Reply value (448, 85);
insert into P_Topic value (449, "Hu watch food", 0);
insert into Post_Include_P_Edit value (449, 2, 0, "He eat food", "20150326080332", 10, 1, 3);
insert into P_Reply value (449, 115);
insert into P_Topic value (450, "Ran run with food", 0);
insert into Post_Include_P_Edit value (450, 2, 0, "Hu sleep in market", "20150325040352", 62, 1, 3);
insert into P_Reply value (450, 10);
insert into P_Topic value (451, "Ran play computer", 0);
insert into Post_Include_P_Edit value (451, 2, 0, "It run with cake", "20150320130312", 72, 1, 7);
insert into P_Reply value (451, 88);
insert into P_Topic value (452, "Aki fight with football", 0);
insert into Post_Include_P_Edit value (452, 2, 0, "You look cup cake", "20150326080332", 82, 1, 2);
insert into P_Reply value (452, 102);
insert into P_Topic value (453, "She watch library", 0);
insert into Post_Include_P_Edit value (453, 2, 0, "I run with library", "20150327110312", 64, 1, 7);
insert into P_Reply value (453, 62);
insert into P_Topic value (454, "She sleep in food", 0);
insert into Post_Include_P_Edit value (454, 2, 0, "Aki eat market", "20150329190332", 25, 1, 3);
insert into P_Reply value (454, 55);
insert into P_Topic value (455, "Hu play market", 0);
insert into Post_Include_P_Edit value (455, 2, 0, "She run with cake", "20150328150352", 28, 1, 7);
insert into P_Reply value (455, 75);
insert into P_Topic value (456, "Hu look market", 0);
insert into Post_Include_P_Edit value (456, 2, 0, "I sleep in cup cake", "20150321160352", 57, 1, 2);
insert into P_Reply value (456, 66);
insert into P_Topic value (457, "You sleep in cake", 0);
insert into Post_Include_P_Edit value (457, 2, 0, "She watch market", "20150401020452", 36, 1, 0);
insert into P_Reply value (457, 48);
insert into P_Topic value (458, "Ran read football", 0);
insert into Post_Include_P_Edit value (458, 2, 0, "It eat library", "20150330230312", 13, 1, 3);
insert into P_Reply value (458, 41);
insert into P_Topic value (459, "He watch library", 0);
insert into Post_Include_P_Edit value (459, 2, 0, "Hu fight with food", "20150330230312", 69, 1, 5);
insert into P_Reply value (459, 64);
insert into P_Topic value (460, "You look cup cake", 0);
insert into Post_Include_P_Edit value (460, 2, 0, "I watch computer", "20150324000312", 36, 1, 3);
insert into P_Reply value (460, 122);
insert into P_Topic value (461, "He play football", 0);
insert into Post_Include_P_Edit value (461, 2, 0, "He eat donut", "20150325040352", 65, 1, 2);
insert into P_Reply value (461, 31);
insert into P_Topic value (462, "She sleep in computer", 0);
insert into Post_Include_P_Edit value (462, 2, 0, "You play library", "20150320130312", 31, 1, 2);
insert into P_Reply value (462, 129);
insert into P_Topic value (463, "You look cake", 0);
insert into Post_Include_P_Edit value (463, 2, 0, "Ran sleep in cup cake", "20150330230312", 63, 1, 3);
insert into P_Reply value (463, 92);
insert into P_Topic value (464, "Aki read cake", 0);
insert into Post_Include_P_Edit value (464, 2, 0, "You read library", "20150325040352", 52, 1, 0);
insert into P_Reply value (464, 4);
insert into P_Topic value (465, "Aki sleep in cake", 0);
insert into Post_Include_P_Edit value (465, 2, 0, "You play football", "20150324000312", 90, 1, 2);
insert into P_Reply value (465, 117);
insert into P_Topic value (466, "She sleep in cake", 0);
insert into Post_Include_P_Edit value (466, 2, 0, "You eat computer", "20150329190332", 93, 1, 2);
insert into P_Reply value (466, 59);
insert into P_Topic value (467, "Hu run with donut", 0);
insert into Post_Include_P_Edit value (467, 2, 0, "Aki play market", "20150324000312", 26, 1, 0);
insert into P_Reply value (467, 30);
insert into P_Topic value (468, "He sleep in cup cake", 0);
insert into Post_Include_P_Edit value (468, 2, 0, "You play food", "20150320130312", 29, 1, 1);
insert into P_Reply value (468, 24);
insert into P_Topic value (469, "Hu run with library", 0);
insert into Post_Include_P_Edit value (469, 2, 0, "Aki read library", "20150324000312", 28, 1, 0);
insert into P_Reply value (469, 60);
insert into P_Topic value (470, "He watch computer", 0);
insert into Post_Include_P_Edit value (470, 2, 0, "She read donut", "20150329190332", 82, 1, 4);
insert into P_Reply value (470, 93);
insert into P_Topic value (471, "You run with market", 0);
insert into Post_Include_P_Edit value (471, 2, 0, "She fight with library", "20150329190332", 11, 1, 1);
insert into P_Reply value (471, 89);
insert into P_Topic value (472, "I read computer", 0);
insert into Post_Include_P_Edit value (472, 2, 0, "You fight with market", "20150326080332", 84, 1, 5);
insert into P_Reply value (472, 48);
insert into P_Topic value (473, "He play market", 0);
insert into Post_Include_P_Edit value (473, 2, 0, "It look cup cake", "20150327110312", 68, 1, 7);
insert into P_Reply value (473, 52);
insert into P_Topic value (474, "She eat donut", 0);
insert into Post_Include_P_Edit value (474, 2, 0, "She watch cake", "20150326080332", 57, 1, 3);
insert into P_Reply value (474, 129);
insert into P_Topic value (475, "You sleep in library", 0);
insert into Post_Include_P_Edit value (475, 2, 0, "It fight with food", "20150329190332", 96, 1, 0);
insert into P_Reply value (475, 91);
insert into P_Topic value (476, "Ran fight with computer", 0);
insert into Post_Include_P_Edit value (476, 2, 0, "It fight with market", "20150326080332", 67, 1, 0);
insert into P_Reply value (476, 122);
insert into P_Topic value (477, "It play donut", 0);
insert into Post_Include_P_Edit value (477, 2, 0, "It watch computer", "20150330230312", 85, 1, 3);
insert into P_Reply value (477, 49);
insert into P_Topic value (478, "You play computer", 0);
insert into Post_Include_P_Edit value (478, 2, 0, "Aki sleep in library", "20150401020452", 73, 1, 5);
insert into P_Reply value (478, 11);
insert into P_Topic value (479, "He sleep in market", 0);
insert into Post_Include_P_Edit value (479, 2, 0, "It sleep in cup cake", "20150326080332", 61, 1, 3);
insert into P_Reply value (479, 13);
insert into P_Topic value (480, "She look cake", 0);
insert into Post_Include_P_Edit value (480, 2, 0, "He eat market", "20150320130312", 95, 1, 1);
insert into P_Reply value (480, 103);
insert into P_Topic value (481, "I play market", 0);
insert into Post_Include_P_Edit value (481, 2, 0, "She read football", "20150327110312", 18, 1, 5);
insert into P_Reply value (481, 103);
insert into P_Topic value (482, "She eat cake", 0);
insert into Post_Include_P_Edit value (482, 2, 0, "I run with football", "20150330230312", 94, 1, 6);
insert into P_Reply value (482, 91);
insert into P_Topic value (483, "Ran sleep in food", 0);
insert into Post_Include_P_Edit value (483, 2, 0, "She look market", "20150330230312", 47, 1, 4);
insert into P_Reply value (483, 49);
insert into P_Topic value (484, "You run with market", 0);
insert into Post_Include_P_Edit value (484, 2, 0, "Ran watch donut", "20150329190332", 37, 1, 7);
insert into P_Reply value (484, 121);
insert into P_Topic value (485, "He eat computer", 0);
insert into Post_Include_P_Edit value (485, 2, 0, "Aki fight with donut", "20150324000312", 92, 1, 7);
insert into P_Reply value (485, 48);
insert into P_Topic value (486, "Aki sleep in market", 0);
insert into Post_Include_P_Edit value (486, 2, 0, "You sleep in cup cake", "20150324000312", 64, 1, 4);
insert into P_Reply value (486, 123);
insert into P_Topic value (487, "I eat library", 0);
insert into Post_Include_P_Edit value (487, 2, 0, "Aki read computer", "20150329190332", 53, 1, 2);
insert into P_Reply value (487, 69);
insert into P_Topic value (488, "Ran sleep in market", 0);
insert into Post_Include_P_Edit value (488, 2, 0, "He read library", "20150324000312", 49, 1, 4);
insert into P_Reply value (488, 41);
insert into P_Topic value (489, "Ran run with cake", 0);
insert into Post_Include_P_Edit value (489, 2, 0, "You run with market", "20150325040352", 50, 1, 2);
insert into P_Reply value (489, 111);
insert into P_Topic value (490, "You play computer", 0);
insert into Post_Include_P_Edit value (490, 2, 0, "I read library", "20150320130312", 48, 1, 6);
insert into P_Reply value (490, 42);
insert into P_Topic value (491, "Aki look cup cake", 0);
insert into Post_Include_P_Edit value (491, 2, 0, "Hu read donut", "20150325040352", 74, 1, 6);
insert into P_Reply value (491, 47);
insert into P_Topic value (492, "It watch donut", 0);
insert into Post_Include_P_Edit value (492, 2, 0, "I sleep in food", "20150330230312", 72, 1, 4);
insert into P_Reply value (492, 43);
insert into P_Topic value (493, "Ran watch food", 0);
insert into Post_Include_P_Edit value (493, 2, 0, "It eat computer", "20150326080332", 59, 1, 3);
insert into P_Reply value (493, 123);
insert into P_Topic value (494, "She read cake", 0);
insert into Post_Include_P_Edit value (494, 2, 0, "I fight with football", "20150320130312", 63, 1, 5);
insert into P_Reply value (494, 2);
insert into P_Topic value (495, "Ran sleep in library", 0);
insert into Post_Include_P_Edit value (495, 2, 0, "He run with football", "20150330230312", 37, 1, 3);
insert into P_Reply value (495, 30);
insert into P_Topic value (496, "You read computer", 0);
insert into Post_Include_P_Edit value (496, 2, 0, "Ran eat market", "20150401020452", 57, 1, 1);
insert into P_Reply value (496, 7);
insert into P_Topic value (497, "Hu read library", 0);
insert into Post_Include_P_Edit value (497, 2, 0, "Hu run with cup cake", "20150324000312", 3, 1, 0);
insert into P_Reply value (497, 123);
insert into P_Topic value (498, "He read library", 0);
insert into Post_Include_P_Edit value (498, 2, 0, "Aki eat food", "20150328150352", 74, 1, 2);
insert into P_Reply value (498, 46);
insert into P_Topic value (499, "It fight with computer", 0);
insert into Post_Include_P_Edit value (499, 2, 0, "Aki eat library", "20150322200332", 71, 1, 2);
insert into P_Reply value (499, 30);
insert into P_Topic value (500, "He fight with cup cake", 0);
insert into Post_Include_P_Edit value (500, 2, 0, "Hu play donut", "20150401020452", 9, 1, 6);
insert into P_Reply value (500, 54);
insert into P_Topic value (501, "Hu run with computer", 0);
insert into Post_Include_P_Edit value (501, 2, 0, "Aki watch food", "20150326080332", 21, 1, 5);
insert into P_Reply value (501, 118);
insert into P_Topic value (502, "You look donut", 0);
insert into Post_Include_P_Edit value (502, 2, 0, "You sleep in cake", "20150324000312", 60, 1, 6);
insert into P_Reply value (502, 43);
insert into P_Topic value (503, "Aki eat library", 0);
insert into Post_Include_P_Edit value (503, 2, 0, "I fight with library", "20150325040352", 28, 1, 4);
insert into P_Reply value (503, 116);
insert into P_Topic value (504, "She fight with cup cake", 0);
insert into Post_Include_P_Edit value (504, 2, 0, "Aki eat cup cake", "20150330230312", 16, 1, 0);
insert into P_Reply value (504, 81);
insert into P_Topic value (505, "It read computer", 0);
insert into Post_Include_P_Edit value (505, 2, 0, "Hu sleep in football", "20150401020452", 78, 1, 7);
insert into P_Reply value (505, 111);
insert into P_Topic value (506, "She run with food", 0);
insert into Post_Include_P_Edit value (506, 2, 0, "She sleep in library", "20150324000312", 32, 1, 1);
insert into P_Reply value (506, 92);
insert into P_Topic value (507, "She watch library", 0);
insert into Post_Include_P_Edit value (507, 2, 0, "You eat food", "20150328150352", 34, 1, 7);
insert into P_Reply value (507, 39);
insert into P_Topic value (508, "He read library", 0);
insert into Post_Include_P_Edit value (508, 2, 0, "He fight with cup cake", "20150322200332", 22, 1, 0);
insert into P_Reply value (508, 121);
insert into P_Topic value (509, "You play cake", 0);
insert into Post_Include_P_Edit value (509, 2, 0, "He run with market", "20150321160352", 68, 1, 0);
insert into P_Reply value (509, 49);
insert into P_Topic value (510, "Aki watch cup cake", 0);
insert into Post_Include_P_Edit value (510, 2, 0, "Ran read donut", "20150322200332", 73, 1, 2);
insert into P_Reply value (510, 81);
insert into P_Topic value (511, "I read donut", 0);
insert into Post_Include_P_Edit value (511, 2, 0, "Ran watch cake", "20150322200332", 43, 1, 3);
insert into P_Reply value (511, 51);
insert into P_Topic value (512, "Hu run with market", 0);
insert into Post_Include_P_Edit value (512, 2, 0, "She sleep in cake", "20150326080332", 41, 1, 3);
insert into P_Reply value (512, 31);
insert into P_Topic value (513, "Hu read donut", 0);
insert into Post_Include_P_Edit value (513, 2, 0, "You look donut", "20150329190332", 32, 1, 4);
insert into P_Reply value (513, 126);
insert into P_Topic value (514, "You sleep in computer", 0);
insert into Post_Include_P_Edit value (514, 2, 0, "Hu look computer", "20150321160352", 84, 1, 3);
insert into P_Reply value (514, 74);
insert into P_Topic value (515, "He eat food", 0);
insert into Post_Include_P_Edit value (515, 2, 0, "Hu play cake", "20150327110312", 7, 1, 3);
insert into P_Reply value (515, 60);
insert into P_Topic value (516, "It fight with cake", 0);
insert into Post_Include_P_Edit value (516, 2, 0, "Ran fight with market", "20150326080332", 66, 1, 7);
insert into P_Reply value (516, 27);
insert into P_Topic value (517, "Aki sleep in donut", 0);
insert into Post_Include_P_Edit value (517, 2, 0, "I eat cup cake", "20150321160352", 78, 1, 2);
insert into P_Reply value (517, 58);
insert into P_Topic value (518, "Ran look library", 0);
insert into Post_Include_P_Edit value (518, 2, 0, "Hu play cake", "20150329190332", 16, 1, 3);
insert into P_Reply value (518, 21);
insert into P_Topic value (519, "He run with market", 0);
insert into Post_Include_P_Edit value (519, 2, 0, "You watch computer", "20150324000312", 16, 1, 1);
insert into P_Reply value (519, 33);
insert into P_Topic value (520, "I fight with cake", 0);
insert into Post_Include_P_Edit value (520, 2, 0, "Hu sleep in cake", "20150329190332", 64, 1, 1);
insert into P_Reply value (520, 27);
insert into P_Topic value (521, "You fight with cup cake", 0);
insert into Post_Include_P_Edit value (521, 2, 0, "Aki run with donut", "20150326080332", 52, 1, 6);
insert into P_Reply value (521, 114);
insert into P_Topic value (522, "I watch market", 0);
insert into Post_Include_P_Edit value (522, 2, 0, "She fight with football", "20150327110312", 14, 1, 5);
insert into P_Reply value (522, 49);
insert into P_Topic value (523, "Aki watch library", 0);
insert into Post_Include_P_Edit value (523, 2, 0, "She read computer", "20150326080332", 63, 1, 0);
insert into P_Reply value (523, 38);
insert into P_Topic value (524, "Ran play cup cake", 0);
insert into Post_Include_P_Edit value (524, 2, 0, "Aki read market", "20150321160352", 27, 1, 5);
insert into P_Reply value (524, 23);
insert into P_Topic value (525, "Hu read food", 0);
insert into Post_Include_P_Edit value (525, 2, 0, "I eat food", "20150324000312", 82, 1, 1);
insert into P_Reply value (525, 54);
insert into P_Topic value (526, "You play library", 0);
insert into Post_Include_P_Edit value (526, 2, 0, "He fight with donut", "20150324000312", 82, 1, 4);
insert into P_Reply value (526, 57);
insert into P_Topic value (527, "She play library", 0);
insert into Post_Include_P_Edit value (527, 2, 0, "She sleep in market", "20150401020452", 26, 1, 4);
insert into P_Reply value (527, 79);
insert into P_Topic value (528, "You eat market", 0);
insert into Post_Include_P_Edit value (528, 2, 0, "She eat cake", "20150328150352", 42, 1, 5);
insert into P_Reply value (528, 89);
insert into P_Topic value (529, "She read computer", 0);
insert into Post_Include_P_Edit value (529, 2, 0, "You eat cake", "20150320130312", 38, 1, 7);
insert into P_Reply value (529, 27);
insert into P_Topic value (530, "She fight with donut", 0);
insert into Post_Include_P_Edit value (530, 2, 0, "He play computer", "20150324000312", 2, 1, 1);
insert into P_Reply value (530, 94);
insert into P_Topic value (531, "She play library", 0);
insert into Post_Include_P_Edit value (531, 2, 0, "Aki eat library", "20150324000312", 94, 1, 4);
insert into P_Reply value (531, 82);
insert into P_Topic value (532, "It sleep in food", 0);
insert into Post_Include_P_Edit value (532, 2, 0, "You look cake", "20150324000312", 36, 1, 7);
insert into P_Reply value (532, 105);
insert into P_Topic value (533, "Ran eat market", 0);
insert into Post_Include_P_Edit value (533, 2, 0, "Ran read cup cake", "20150321160352", 22, 1, 7);
insert into P_Reply value (533, 105);
insert into P_Topic value (534, "Hu sleep in football", 0);
insert into Post_Include_P_Edit value (534, 2, 0, "Aki run with computer", "20150328150352", 58, 1, 0);
insert into P_Reply value (534, 43);
insert into P_Topic value (535, "Ran eat food", 0);
insert into Post_Include_P_Edit value (535, 2, 0, "She fight with cake", "20150330230312", 60, 1, 7);
insert into P_Reply value (535, 13);
insert into P_Topic value (536, "I watch market", 0);
insert into Post_Include_P_Edit value (536, 2, 0, "Hu run with cup cake", "20150401020452", 77, 1, 6);
insert into P_Reply value (536, 31);
insert into P_Topic value (537, "It watch market", 0);
insert into Post_Include_P_Edit value (537, 2, 0, "It watch computer", "20150330230312", 37, 1, 2);
insert into P_Reply value (537, 30);
insert into P_Topic value (538, "Hu watch donut", 0);
insert into Post_Include_P_Edit value (538, 2, 0, "It read market", "20150327110312", 65, 1, 5);
insert into P_Reply value (538, 88);
insert into P_Topic value (539, "It fight with football", 0);
insert into Post_Include_P_Edit value (539, 2, 0, "You fight with cup cake", "20150320130312", 65, 1, 2);
insert into P_Reply value (539, 51);
insert into P_Topic value (540, "I eat football", 0);
insert into Post_Include_P_Edit value (540, 2, 0, "You run with library", "20150326080332", 44, 1, 6);
insert into P_Reply value (540, 57);
insert into P_Topic value (541, "Aki read football", 0);
insert into Post_Include_P_Edit value (541, 2, 0, "Ran look market", "20150322200332", 36, 1, 5);
insert into P_Reply value (541, 117);
insert into P_Topic value (542, "You run with computer", 0);
insert into Post_Include_P_Edit value (542, 2, 0, "She look cup cake", "20150324000312", 53, 1, 1);
insert into P_Reply value (542, 9);
insert into P_Topic value (543, "I look football", 0);
insert into Post_Include_P_Edit value (543, 2, 0, "Hu fight with football", "20150401020452", 23, 1, 5);
insert into P_Reply value (543, 53);
insert into P_Topic value (544, "Ran sleep in football", 0);
insert into Post_Include_P_Edit value (544, 2, 0, "She sleep in football", "20150328150352", 3, 1, 1);
insert into P_Reply value (544, 90);
insert into P_Topic value (545, "He read donut", 0);
insert into Post_Include_P_Edit value (545, 2, 0, "He look food", "20150330230312", 22, 1, 3);
insert into P_Reply value (545, 29);
insert into P_Topic value (546, "It sleep in donut", 0);
insert into Post_Include_P_Edit value (546, 2, 0, "Ran read donut", "20150321160352", 84, 1, 1);
insert into P_Reply value (546, 34);
insert into P_Topic value (547, "He read market", 0);
insert into Post_Include_P_Edit value (547, 2, 0, "It play cup cake", "20150322200332", 95, 1, 2);
insert into P_Reply value (547, 31);
insert into P_Topic value (548, "Aki run with donut", 0);
insert into Post_Include_P_Edit value (548, 2, 0, "It read food", "20150324000312", 82, 1, 2);
insert into P_Reply value (548, 110);
insert into P_Topic value (549, "She run with cake", 0);
insert into Post_Include_P_Edit value (549, 2, 0, "Ran look food", "20150325040352", 0, 1, 2);
insert into P_Reply value (549, 41);
insert into P_Topic value (550, "I run with food", 0);
insert into Post_Include_P_Edit value (550, 2, 0, "Hu read food", "20150328150352", 75, 1, 7);
insert into P_Reply value (550, 126);
insert into P_Topic value (551, "Hu run with market", 0);
insert into Post_Include_P_Edit value (551, 2, 0, "It watch market", "20150324000312", 1, 1, 5);
insert into P_Reply value (551, 43);
insert into P_Topic value (552, "She read computer", 0);
insert into Post_Include_P_Edit value (552, 2, 0, "It read cake", "20150322200332", 28, 1, 0);
insert into P_Reply value (552, 83);
insert into P_Topic value (553, "I look donut", 0);
insert into Post_Include_P_Edit value (553, 2, 0, "I play cup cake", "20150325040352", 21, 1, 0);
insert into P_Reply value (553, 115);
insert into P_Topic value (554, "She watch cup cake", 0);
insert into Post_Include_P_Edit value (554, 2, 0, "I fight with food", "20150327110312", 96, 1, 3);
insert into P_Reply value (554, 131);
insert into P_Topic value (555, "Aki look computer", 0);
insert into Post_Include_P_Edit value (555, 2, 0, "He read computer", "20150328150352", 1, 1, 6);
insert into P_Reply value (555, 31);
insert into P_Topic value (556, "He sleep in computer", 0);
insert into Post_Include_P_Edit value (556, 2, 0, "Hu look computer", "20150324000312", 6, 1, 5);
insert into P_Reply value (556, 83);
insert into P_Topic value (557, "Hu eat market", 0);
insert into Post_Include_P_Edit value (557, 2, 0, "Ran fight with football", "20150325040352", 6, 1, 2);
insert into P_Reply value (557, 83);
insert into P_Topic value (558, "I play market", 0);
insert into Post_Include_P_Edit value (558, 2, 0, "You eat donut", "20150330230312", 46, 1, 2);
insert into P_Reply value (558, 67);
insert into P_Topic value (559, "Aki read cup cake", 0);
insert into Post_Include_P_Edit value (559, 2, 0, "Aki watch cake", "20150321160352", 96, 1, 2);
insert into P_Reply value (559, 79);
insert into P_Topic value (560, "You fight with football", 0);
insert into Post_Include_P_Edit value (560, 2, 0, "It watch food", "20150401020452", 30, 1, 0);
insert into P_Reply value (560, 93);
insert into P_Topic value (561, "I play cake", 0);
insert into Post_Include_P_Edit value (561, 2, 0, "Aki read market", "20150327110312", 54, 1, 0);
insert into P_Reply value (561, 122);
insert into P_Topic value (562, "Ran eat cake", 0);
insert into Post_Include_P_Edit value (562, 2, 0, "I play cup cake", "20150325040352", 3, 1, 7);
insert into P_Reply value (562, 15);
insert into P_Topic value (563, "Hu play food", 0);
insert into Post_Include_P_Edit value (563, 2, 0, "Aki run with library", "20150327110312", 95, 1, 6);
insert into P_Reply value (563, 4);
insert into P_Topic value (564, "She eat market", 0);
insert into Post_Include_P_Edit value (564, 2, 0, "She run with donut", "20150325040352", 0, 1, 4);
insert into P_Reply value (564, 125);
insert into P_Topic value (565, "I sleep in library", 0);
insert into Post_Include_P_Edit value (565, 2, 0, "Ran eat cup cake", "20150321160352", 51, 1, 6);
insert into P_Reply value (565, 98);
insert into P_Topic value (566, "He run with football", 0);
insert into Post_Include_P_Edit value (566, 2, 0, "Ran watch football", "20150401020452", 41, 1, 3);
insert into P_Reply value (566, 43);
insert into P_Topic value (567, "Hu fight with market", 0);
insert into Post_Include_P_Edit value (567, 2, 0, "You sleep in market", "20150327110312", 96, 1, 1);
insert into P_Reply value (567, 1);
insert into P_Topic value (568, "She run with library", 0);
insert into Post_Include_P_Edit value (568, 2, 0, "You run with market", "20150322200332", 5, 1, 0);
insert into P_Reply value (568, 117);
insert into P_Topic value (569, "Hu watch computer", 0);
insert into Post_Include_P_Edit value (569, 2, 0, "She fight with cup cake", "20150320130312", 45, 1, 4);
insert into P_Reply value (569, 82);
insert into P_Topic value (570, "He fight with food", 0);
insert into Post_Include_P_Edit value (570, 2, 0, "I play cup cake", "20150328150352", 24, 1, 7);
insert into P_Reply value (570, 99);
insert into P_Topic value (571, "I play library", 0);
insert into Post_Include_P_Edit value (571, 2, 0, "Aki run with market", "20150330230312", 14, 1, 1);
insert into P_Reply value (571, 0);
insert into P_Topic value (572, "It fight with library", 0);
insert into Post_Include_P_Edit value (572, 2, 0, "It read library", "20150321160352", 35, 1, 3);
insert into P_Reply value (572, 7);
insert into P_Topic value (573, "He fight with cup cake", 0);
insert into Post_Include_P_Edit value (573, 2, 0, "I sleep in cake", "20150321160352", 62, 1, 0);
insert into P_Reply value (573, 104);
insert into P_Topic value (574, "She read market", 0);
insert into Post_Include_P_Edit value (574, 2, 0, "She watch cake", "20150401020452", 94, 1, 0);
insert into P_Reply value (574, 3);
insert into P_Topic value (575, "She play cake", 0);
insert into Post_Include_P_Edit value (575, 2, 0, "I play cake", "20150321160352", 83, 1, 7);
insert into P_Reply value (575, 111);
insert into P_Topic value (576, "I read cake", 0);
insert into Post_Include_P_Edit value (576, 2, 0, "Aki run with cake", "20150401020452", 78, 1, 2);
insert into P_Reply value (576, 68);
insert into P_Topic value (577, "Hu fight with cake", 0);
insert into Post_Include_P_Edit value (577, 2, 0, "She fight with food", "20150330230312", 56, 1, 6);
insert into P_Reply value (577, 17);
insert into P_Topic value (578, "You watch donut", 0);
insert into Post_Include_P_Edit value (578, 2, 0, "Aki read donut", "20150329190332", 62, 1, 6);
insert into P_Reply value (578, 96);
insert into P_Topic value (579, "It read market", 0);
insert into Post_Include_P_Edit value (579, 2, 0, "You run with football", "20150320130312", 91, 1, 0);
insert into P_Reply value (579, 73);
insert into P_Topic value (580, "She look cup cake", 0);
insert into Post_Include_P_Edit value (580, 2, 0, "Aki sleep in market", "20150320130312", 89, 1, 6);
insert into P_Reply value (580, 43);
insert into P_Topic value (581, "She run with football", 0);
insert into Post_Include_P_Edit value (581, 2, 0, "You run with cake", "20150401020452", 57, 1, 5);
insert into P_Reply value (581, 33);
insert into P_Topic value (582, "You look food", 0);
insert into Post_Include_P_Edit value (582, 2, 0, "Ran look donut", "20150327110312", 53, 1, 6);
insert into P_Reply value (582, 31);
insert into P_Topic value (583, "I fight with food", 0);
insert into Post_Include_P_Edit value (583, 2, 0, "Ran read cup cake", "20150325040352", 26, 1, 7);
insert into P_Reply value (583, 54);
insert into P_Topic value (584, "She look cup cake", 0);
insert into Post_Include_P_Edit value (584, 2, 0, "Aki eat library", "20150329190332", 68, 1, 2);
insert into P_Reply value (584, 99);
insert into P_Topic value (585, "You look donut", 0);
insert into Post_Include_P_Edit value (585, 2, 0, "He look computer", "20150324000312", 3, 1, 0);
insert into P_Reply value (585, 106);
insert into P_Topic value (586, "Ran read cup cake", 0);
insert into Post_Include_P_Edit value (586, 2, 0, "He sleep in cup cake", "20150324000312", 63, 1, 6);
insert into P_Reply value (586, 29);
insert into P_Topic value (587, "She run with cake", 0);
insert into Post_Include_P_Edit value (587, 2, 0, "He look football", "20150325040352", 54, 1, 0);
insert into P_Reply value (587, 76);
insert into P_Topic value (588, "He look food", 0);
insert into Post_Include_P_Edit value (588, 2, 0, "Ran eat donut", "20150322200332", 15, 1, 4);
insert into P_Reply value (588, 34);
insert into P_Topic value (589, "You run with computer", 0);
insert into Post_Include_P_Edit value (589, 2, 0, "You run with market", "20150321160352", 2, 1, 3);
insert into P_Reply value (589, 93);
insert into P_Topic value (590, "I watch computer", 0);
insert into Post_Include_P_Edit value (590, 2, 0, "You fight with football", "20150320130312", 11, 1, 1);
insert into P_Reply value (590, 68);
insert into P_Topic value (591, "He eat food", 0);
insert into Post_Include_P_Edit value (591, 2, 0, "Hu fight with football", "20150401020452", 49, 1, 6);
insert into P_Reply value (591, 91);
insert into P_Topic value (592, "He run with donut", 0);
insert into Post_Include_P_Edit value (592, 2, 0, "Aki run with cake", "20150327110312", 72, 1, 4);
insert into P_Reply value (592, 115);
insert into P_Topic value (593, "Ran eat market", 0);
insert into Post_Include_P_Edit value (593, 2, 0, "She eat football", "20150324000312", 15, 1, 7);
insert into P_Reply value (593, 116);
insert into P_Topic value (594, "Hu play donut", 0);
insert into Post_Include_P_Edit value (594, 2, 0, "Aki fight with library", "20150327110312", 79, 1, 3);
insert into P_Reply value (594, 40);
insert into P_Topic value (595, "You run with food", 0);
insert into Post_Include_P_Edit value (595, 2, 0, "She play donut", "20150328150352", 22, 1, 7);
insert into P_Reply value (595, 118);
insert into P_Topic value (596, "Ran play football", 0);
insert into Post_Include_P_Edit value (596, 2, 0, "Hu run with market", "20150326080332", 52, 1, 1);
insert into P_Reply value (596, 34);
insert into P_Topic value (597, "It play library", 0);
insert into Post_Include_P_Edit value (597, 2, 0, "You eat cake", "20150321160352", 50, 1, 2);
insert into P_Reply value (597, 25);
insert into P_Topic value (598, "Aki fight with library", 0);
insert into Post_Include_P_Edit value (598, 2, 0, "Ran eat football", "20150330230312", 90, 1, 5);
insert into P_Reply value (598, 74);
insert into P_Topic value (599, "She read donut", 0);
insert into Post_Include_P_Edit value (599, 2, 0, "You look library", "20150320130312", 38, 1, 4);
insert into P_Reply value (599, 35);
insert into P_Topic value (600, "You fight with library", 0);
insert into Post_Include_P_Edit value (600, 2, 0, "She read cup cake", "20150401020452", 54, 1, 1);
insert into P_Reply value (600, 86);
insert into P_Topic value (601, "I play cup cake", 0);
insert into Post_Include_P_Edit value (601, 2, 0, "Ran sleep in football", "20150330230312", 60, 1, 0);
insert into P_Reply value (601, 45);
insert into P_Topic value (602, "Hu sleep in donut", 0);
insert into Post_Include_P_Edit value (602, 2, 0, "Hu watch food", "20150327110312", 76, 1, 2);
insert into P_Reply value (602, 65);
insert into P_Topic value (603, "I eat computer", 0);
insert into Post_Include_P_Edit value (603, 2, 0, "I fight with cup cake", "20150322200332", 45, 1, 6);
insert into P_Reply value (603, 31);
insert into P_Topic value (604, "You sleep in football", 0);
insert into Post_Include_P_Edit value (604, 2, 0, "I play market", "20150330230312", 82, 1, 1);
insert into P_Reply value (604, 108);
insert into P_Topic value (605, "I sleep in cake", 0);
insert into Post_Include_P_Edit value (605, 2, 0, "It read cake", "20150330230312", 49, 1, 6);
insert into P_Reply value (605, 34);
insert into P_Topic value (606, "It fight with computer", 0);
insert into Post_Include_P_Edit value (606, 2, 0, "He eat cup cake", "20150330230312", 77, 1, 6);
insert into P_Reply value (606, 8);
insert into P_Topic value (607, "Hu eat computer", 0);
insert into Post_Include_P_Edit value (607, 2, 0, "I fight with library", "20150321160352", 35, 1, 2);
insert into P_Reply value (607, 99);
insert into P_Topic value (608, "Aki eat food", 0);
insert into Post_Include_P_Edit value (608, 2, 0, "Ran sleep in football", "20150329190332", 56, 1, 4);
insert into P_Reply value (608, 89);
insert into P_Topic value (609, "You play library", 0);
insert into Post_Include_P_Edit value (609, 2, 0, "I watch market", "20150329190332", 66, 1, 2);
insert into P_Reply value (609, 130);
insert into P_Topic value (610, "He read cup cake", 0);
insert into Post_Include_P_Edit value (610, 2, 0, "She watch football", "20150329190332", 31, 1, 2);
insert into P_Reply value (610, 38);
insert into P_Topic value (611, "She read football", 0);
insert into Post_Include_P_Edit value (611, 2, 0, "Ran run with library", "20150329190332", 17, 1, 0);
insert into P_Reply value (611, 122);
insert into P_Topic value (612, "She read donut", 0);
insert into Post_Include_P_Edit value (612, 2, 0, "It play market", "20150328150352", 39, 1, 6);
insert into P_Reply value (612, 4);
insert into P_Topic value (613, "Hu read food", 0);
insert into Post_Include_P_Edit value (613, 2, 0, "Ran look food", "20150328150352", 89, 1, 3);
insert into P_Reply value (613, 75);
insert into P_Topic value (614, "I run with library", 0);
insert into Post_Include_P_Edit value (614, 2, 0, "Aki read donut", "20150321160352", 90, 1, 4);
insert into P_Reply value (614, 42);
insert into P_Topic value (615, "Aki watch food", 0);
insert into Post_Include_P_Edit value (615, 2, 0, "She look market", "20150324000312", 85, 1, 4);
insert into P_Reply value (615, 81);
insert into P_Topic value (616, "Ran sleep in market", 0);
insert into Post_Include_P_Edit value (616, 2, 0, "She play library", "20150330230312", 20, 1, 7);
insert into P_Reply value (616, 129);
insert into P_Topic value (617, "It sleep in cake", 0);
insert into Post_Include_P_Edit value (617, 2, 0, "He eat cake", "20150325040352", 22, 1, 6);
insert into P_Reply value (617, 105);
insert into P_Topic value (618, "She watch computer", 0);
insert into Post_Include_P_Edit value (618, 2, 0, "It sleep in library", "20150320130312", 58, 1, 5);
insert into P_Reply value (618, 84);
insert into P_Topic value (619, "Aki run with computer", 0);
insert into Post_Include_P_Edit value (619, 2, 0, "It eat cup cake", "20150320130312", 57, 1, 1);
insert into P_Reply value (619, 113);
insert into P_Topic value (620, "Hu eat football", 0);
insert into Post_Include_P_Edit value (620, 2, 0, "She fight with market", "20150325040352", 16, 1, 3);
insert into P_Reply value (620, 91);
insert into P_Topic value (621, "Aki eat food", 0);
insert into Post_Include_P_Edit value (621, 2, 0, "Hu run with cup cake", "20150326080332", 81, 1, 5);
insert into P_Reply value (621, 124);
insert into P_Topic value (622, "Aki eat donut", 0);
insert into Post_Include_P_Edit value (622, 2, 0, "You eat computer", "20150330230312", 58, 1, 6);
insert into P_Reply value (622, 89);
insert into P_Topic value (623, "I read cup cake", 0);
insert into Post_Include_P_Edit value (623, 2, 0, "Hu fight with football", "20150320130312", 64, 1, 6);
insert into P_Reply value (623, 128);
insert into P_Topic value (624, "He watch donut", 0);
insert into Post_Include_P_Edit value (624, 2, 0, "I sleep in football", "20150321160352", 21, 1, 0);
insert into P_Reply value (624, 112);
insert into P_Topic value (625, "She play food", 0);
insert into Post_Include_P_Edit value (625, 2, 0, "He play donut", "20150329190332", 38, 1, 2);
insert into P_Reply value (625, 25);
insert into P_Topic value (626, "She sleep in football", 0);
insert into Post_Include_P_Edit value (626, 2, 0, "Ran look cake", "20150321160352", 46, 1, 5);
insert into P_Reply value (626, 58);
insert into P_Topic value (627, "Aki look donut", 0);
insert into Post_Include_P_Edit value (627, 2, 0, "She watch market", "20150328150352", 79, 1, 4);
insert into P_Reply value (627, 60);
insert into P_Topic value (628, "You watch cup cake", 0);
insert into Post_Include_P_Edit value (628, 2, 0, "Hu sleep in computer", "20150320130312", 51, 1, 3);
insert into P_Reply value (628, 74);
insert into P_Topic value (629, "It read food", 0);
insert into Post_Include_P_Edit value (629, 2, 0, "Hu watch donut", "20150330230312", 0, 1, 5);
insert into P_Reply value (629, 45);
insert into P_Topic value (630, "Aki sleep in library", 0);
insert into Post_Include_P_Edit value (630, 2, 0, "I fight with computer", "20150320130312", 32, 1, 6);
insert into P_Reply value (630, 33);
insert into P_Topic value (631, "Hu look donut", 0);
insert into Post_Include_P_Edit value (631, 2, 0, "You watch computer", "20150327110312", 80, 1, 2);
insert into P_Reply value (631, 56);
insert into P_Topic value (632, "It sleep in computer", 0);
insert into Post_Include_P_Edit value (632, 2, 0, "Hu eat football", "20150325040352", 28, 1, 7);
insert into P_Reply value (632, 51);
insert into P_Topic value (633, "She fight with computer", 0);
insert into Post_Include_P_Edit value (633, 2, 0, "Hu sleep in computer", "20150322200332", 18, 1, 7);
insert into P_Reply value (633, 104);
insert into P_Topic value (634, "She sleep in cake", 0);
insert into Post_Include_P_Edit value (634, 2, 0, "He eat football", "20150327110312", 33, 1, 5);
insert into P_Reply value (634, 6);
insert into P_Topic value (635, "I fight with market", 0);
insert into Post_Include_P_Edit value (635, 2, 0, "It read donut", "20150327110312", 91, 1, 4);
insert into P_Reply value (635, 129);
insert into P_Topic value (636, "You watch donut", 0);
insert into Post_Include_P_Edit value (636, 2, 0, "It look donut", "20150324000312", 24, 1, 3);
insert into P_Reply value (636, 110);
insert into P_Topic value (637, "Hu fight with cake", 0);
insert into Post_Include_P_Edit value (637, 2, 0, "It play donut", "20150326080332", 41, 1, 2);
insert into P_Reply value (637, 117);
insert into P_Topic value (638, "Ran watch computer", 0);
insert into Post_Include_P_Edit value (638, 2, 0, "He read market", "20150322200332", 14, 1, 4);
insert into P_Reply value (638, 4);
insert into P_Topic value (639, "I fight with computer", 0);
insert into Post_Include_P_Edit value (639, 2, 0, "Aki sleep in food", "20150328150352", 82, 1, 6);
insert into P_Reply value (639, 128);
insert into P_Topic value (640, "You look cup cake", 0);
insert into Post_Include_P_Edit value (640, 2, 0, "Aki run with cake", "20150322200332", 47, 1, 7);
insert into P_Reply value (640, 129);
insert into P_Topic value (641, "You sleep in market", 0);
insert into Post_Include_P_Edit value (641, 2, 0, "Aki fight with market", "20150321160352", 65, 1, 3);
insert into P_Reply value (641, 105);
insert into P_Topic value (642, "She sleep in food", 0);
insert into Post_Include_P_Edit value (642, 2, 0, "Ran look football", "20150329190332", 37, 1, 1);
insert into P_Reply value (642, 129);
insert into P_Topic value (643, "You eat market", 0);
insert into Post_Include_P_Edit value (643, 2, 0, "She eat library", "20150328150352", 13, 1, 1);
insert into P_Reply value (643, 47);
insert into P_Topic value (644, "Ran play donut", 0);
insert into Post_Include_P_Edit value (644, 2, 0, "You sleep in donut", "20150401020452", 41, 1, 1);
insert into P_Reply value (644, 95);
insert into P_Topic value (645, "He sleep in donut", 0);
insert into Post_Include_P_Edit value (645, 2, 0, "Hu play computer", "20150329190332", 52, 1, 1);
insert into P_Reply value (645, 124);
insert into P_Topic value (646, "Hu eat cup cake", 0);
insert into Post_Include_P_Edit value (646, 2, 0, "Aki read donut", "20150330230312", 93, 1, 4);
insert into P_Reply value (646, 40);
insert into P_Topic value (647, "Hu run with food", 0);
insert into Post_Include_P_Edit value (647, 2, 0, "He sleep in food", "20150329190332", 68, 1, 0);
insert into P_Reply value (647, 18);
insert into P_Topic value (648, "You look cake", 0);
insert into Post_Include_P_Edit value (648, 2, 0, "She run with donut", "20150324000312", 6, 1, 7);
insert into P_Reply value (648, 69);
insert into P_Topic value (649, "It run with donut", 0);
insert into Post_Include_P_Edit value (649, 2, 0, "She fight with market", "20150327110312", 35, 1, 2);
insert into P_Reply value (649, 32);
insert into P_Topic value (650, "Ran play food", 0);
insert into Post_Include_P_Edit value (650, 2, 0, "She eat market", "20150322200332", 7, 1, 1);
insert into P_Reply value (650, 21);
insert into P_Topic value (651, "Aki look computer", 0);
insert into Post_Include_P_Edit value (651, 2, 0, "He fight with computer", "20150330230312", 27, 1, 1);
insert into P_Reply value (651, 105);
insert into P_Topic value (652, "Hu read food", 0);
insert into Post_Include_P_Edit value (652, 2, 0, "She eat cake", "20150328150352", 60, 1, 4);
insert into P_Reply value (652, 82);
insert into P_Topic value (653, "He sleep in cake", 0);
insert into Post_Include_P_Edit value (653, 2, 0, "You play donut", "20150326080332", 86, 1, 3);
insert into P_Reply value (653, 87);
insert into P_Topic value (654, "Ran sleep in cake", 0);
insert into Post_Include_P_Edit value (654, 2, 0, "She look cake", "20150401020452", 54, 1, 5);
insert into P_Reply value (654, 47);
insert into P_Topic value (655, "Ran run with library", 0);
insert into Post_Include_P_Edit value (655, 2, 0, "Hu fight with cup cake", "20150321160352", 82, 1, 0);
insert into P_Reply value (655, 104);
insert into P_Topic value (656, "Hu sleep in cake", 0);
insert into Post_Include_P_Edit value (656, 2, 0, "It fight with football", "20150329190332", 42, 1, 7);
insert into P_Reply value (656, 62);
insert into P_Topic value (657, "It eat football", 0);
insert into Post_Include_P_Edit value (657, 2, 0, "It watch cup cake", "20150329190332", 31, 1, 4);
insert into P_Reply value (657, 30);
insert into P_Topic value (658, "You read computer", 0);
insert into Post_Include_P_Edit value (658, 2, 0, "She eat library", "20150322200332", 31, 1, 0);
insert into P_Reply value (658, 79);
insert into P_Topic value (659, "Hu read food", 0);
insert into Post_Include_P_Edit value (659, 2, 0, "He look food", "20150325040352", 78, 1, 6);
insert into P_Reply value (659, 107);
insert into P_Topic value (660, "Ran watch computer", 0);
insert into Post_Include_P_Edit value (660, 2, 0, "It read cake", "20150328150352", 56, 1, 4);
insert into P_Reply value (660, 61);
insert into P_Topic value (661, "I watch library", 0);
insert into Post_Include_P_Edit value (661, 2, 0, "It play computer", "20150325040352", 45, 1, 0);
insert into P_Reply value (661, 40);
insert into P_Topic value (662, "It play donut", 0);
insert into Post_Include_P_Edit value (662, 2, 0, "I run with donut", "20150321160352", 85, 1, 0);
insert into P_Reply value (662, 57);
insert into P_Topic value (663, "Aki read cup cake", 0);
insert into Post_Include_P_Edit value (663, 2, 0, "You fight with food", "20150328150352", 71, 1, 2);
insert into P_Reply value (663, 11);
insert into P_Topic value (664, "Hu play donut", 0);
insert into Post_Include_P_Edit value (664, 2, 0, "He eat cake", "20150330230312", 50, 1, 1);
insert into P_Reply value (664, 77);
insert into P_Topic value (665, "I read computer", 0);
insert into Post_Include_P_Edit value (665, 2, 0, "Aki sleep in market", "20150327110312", 86, 1, 1);
insert into P_Reply value (665, 84);
insert into P_Topic value (666, "It watch food", 0);
insert into Post_Include_P_Edit value (666, 2, 0, "Aki watch football", "20150320130312", 33, 1, 6);
insert into P_Reply value (666, 68);
insert into P_Topic value (667, "You sleep in market", 0);
insert into Post_Include_P_Edit value (667, 2, 0, "You eat cake", "20150326080332", 68, 1, 0);
insert into P_Reply value (667, 124);
insert into P_Topic value (668, "It look cup cake", 0);
insert into Post_Include_P_Edit value (668, 2, 0, "I sleep in computer", "20150325040352", 64, 1, 6);
insert into P_Reply value (668, 57);
insert into P_Topic value (669, "It run with library", 0);
insert into Post_Include_P_Edit value (669, 2, 0, "She read computer", "20150320130312", 45, 1, 4);
insert into P_Reply value (669, 93);
insert into P_Topic value (670, "Ran sleep in computer", 0);
insert into Post_Include_P_Edit value (670, 2, 0, "Ran play cup cake", "20150326080332", 20, 1, 7);
insert into P_Reply value (670, 97);
insert into P_Topic value (671, "You run with computer", 0);
insert into Post_Include_P_Edit value (671, 2, 0, "You look computer", "20150321160352", 15, 1, 5);
insert into P_Reply value (671, 35);
insert into P_Topic value (672, "I eat football", 0);
insert into Post_Include_P_Edit value (672, 2, 0, "It play cake", "20150401020452", 60, 1, 4);
insert into P_Reply value (672, 19);
insert into P_Topic value (673, "Hu play football", 0);
insert into Post_Include_P_Edit value (673, 2, 0, "She read football", "20150322200332", 20, 1, 6);
insert into P_Reply value (673, 17);
insert into P_Topic value (674, "Ran look cake", 0);
insert into Post_Include_P_Edit value (674, 2, 0, "Ran read library", "20150320130312", 44, 1, 2);
insert into P_Reply value (674, 28);
insert into P_Topic value (675, "Ran look cup cake", 0);
insert into Post_Include_P_Edit value (675, 2, 0, "Hu run with market", "20150328150352", 46, 1, 0);
insert into P_Reply value (675, 76);
insert into P_Topic value (676, "Ran play donut", 0);
insert into Post_Include_P_Edit value (676, 2, 0, "Hu read food", "20150322200332", 6, 1, 0);
insert into P_Reply value (676, 74);
insert into P_Topic value (677, "Ran run with computer", 0);
insert into Post_Include_P_Edit value (677, 2, 0, "I play library", "20150327110312", 5, 1, 4);
insert into P_Reply value (677, 14);
insert into P_Topic value (678, "I eat cup cake", 0);
insert into Post_Include_P_Edit value (678, 2, 0, "It sleep in cup cake", "20150330230312", 34, 1, 6);
insert into P_Reply value (678, 17);
insert into P_Topic value (679, "She read cup cake", 0);
insert into Post_Include_P_Edit value (679, 2, 0, "Ran play computer", "20150330230312", 40, 1, 0);
insert into P_Reply value (679, 127);
insert into P_Topic value (680, "Aki fight with market", 0);
insert into Post_Include_P_Edit value (680, 2, 0, "Ran play donut", "20150320130312", 73, 1, 7);
insert into P_Reply value (680, 101);
insert into P_Topic value (681, "Aki watch market", 0);
insert into Post_Include_P_Edit value (681, 2, 0, "Hu run with library", "20150328150352", 78, 1, 0);
insert into P_Reply value (681, 21);
insert into P_Topic value (682, "I sleep in football", 0);
insert into Post_Include_P_Edit value (682, 2, 0, "Ran read donut", "20150325040352", 9, 1, 0);
insert into P_Reply value (682, 109);
insert into P_Topic value (683, "Aki watch food", 0);
insert into Post_Include_P_Edit value (683, 2, 0, "Aki read donut", "20150325040352", 53, 1, 6);
insert into P_Reply value (683, 96);
insert into P_Topic value (684, "It eat donut", 0);
insert into Post_Include_P_Edit value (684, 2, 0, "She fight with computer", "20150322200332", 17, 1, 3);
insert into P_Reply value (684, 112);
insert into P_Topic value (685, "I eat donut", 0);
insert into Post_Include_P_Edit value (685, 2, 0, "She eat market", "20150320130312", 96, 1, 2);
insert into P_Reply value (685, 7);
insert into P_Topic value (686, "He watch football", 0);
insert into Post_Include_P_Edit value (686, 2, 0, "He look food", "20150324000312", 55, 1, 0);
insert into P_Reply value (686, 71);
insert into P_Topic value (687, "I play cake", 0);
insert into Post_Include_P_Edit value (687, 2, 0, "She fight with library", "20150322200332", 79, 1, 6);
insert into P_Reply value (687, 81);
insert into P_Topic value (688, "It watch computer", 0);
insert into Post_Include_P_Edit value (688, 2, 0, "You eat food", "20150328150352", 58, 1, 0);
insert into P_Reply value (688, 16);
insert into P_Topic value (689, "He eat cup cake", 0);
insert into Post_Include_P_Edit value (689, 2, 0, "It play donut", "20150322200332", 69, 1, 1);
insert into P_Reply value (689, 46);
insert into P_Topic value (690, "Aki sleep in market", 0);
insert into Post_Include_P_Edit value (690, 2, 0, "He play library", "20150327110312", 17, 1, 2);
insert into P_Reply value (690, 60);
insert into P_Topic value (691, "It fight with market", 0);
insert into Post_Include_P_Edit value (691, 2, 0, "It play cup cake", "20150321160352", 4, 1, 0);
insert into P_Reply value (691, 42);
insert into P_Topic value (692, "I play donut", 0);
insert into Post_Include_P_Edit value (692, 2, 0, "He eat cup cake", "20150401020452", 88, 1, 7);
insert into P_Reply value (692, 127);
insert into P_Topic value (693, "You play donut", 0);
insert into Post_Include_P_Edit value (693, 2, 0, "Ran play market", "20150325040352", 4, 1, 5);
insert into P_Reply value (693, 40);
insert into P_Topic value (694, "Hu sleep in library", 0);
insert into Post_Include_P_Edit value (694, 2, 0, "Hu sleep in cake", "20150401020452", 75, 1, 6);
insert into P_Reply value (694, 69);
insert into P_Topic value (695, "You sleep in cup cake", 0);
insert into Post_Include_P_Edit value (695, 2, 0, "It fight with computer", "20150401020452", 88, 1, 4);
insert into P_Reply value (695, 11);
insert into P_Topic value (696, "Aki read food", 0);
insert into Post_Include_P_Edit value (696, 2, 0, "Ran run with cake", "20150327110312", 3, 1, 0);
insert into P_Reply value (696, 121);
insert into P_Topic value (697, "It watch football", 0);
insert into Post_Include_P_Edit value (697, 2, 0, "It eat market", "20150320130312", 41, 1, 2);
insert into P_Reply value (697, 128);
insert into P_Topic value (698, "It play donut", 0);
insert into Post_Include_P_Edit value (698, 2, 0, "She eat library", "20150320130312", 46, 1, 7);
insert into P_Reply value (698, 118);
insert into P_Topic value (699, "Ran sleep in computer", 0);
insert into Post_Include_P_Edit value (699, 2, 0, "She eat football", "20150324000312", 69, 1, 7);
insert into P_Reply value (699, 129);
insert into P_Topic value (700, "It play computer", 0);
insert into Post_Include_P_Edit value (700, 2, 0, "Hu fight with food", "20150320130312", 64, 1, 5);
insert into P_Reply value (700, 25);
insert into P_Topic value (701, "Aki fight with football", 0);
insert into Post_Include_P_Edit value (701, 2, 0, "I run with donut", "20150327110312", 71, 1, 3);
insert into P_Reply value (701, 129);
insert into P_Topic value (702, "It read football", 0);
insert into Post_Include_P_Edit value (702, 2, 0, "Ran read food", "20150321160352", 32, 1, 3);
insert into P_Reply value (702, 47);
insert into P_Topic value (703, "Ran fight with food", 0);
insert into Post_Include_P_Edit value (703, 2, 0, "You run with market", "20150325040352", 33, 1, 0);
insert into P_Reply value (703, 36);
insert into P_Topic value (704, "It look cake", 0);
insert into Post_Include_P_Edit value (704, 2, 0, "He watch donut", "20150322200332", 73, 1, 3);
insert into P_Reply value (704, 79);
insert into P_Topic value (705, "It fight with library", 0);
insert into Post_Include_P_Edit value (705, 2, 0, "Hu sleep in cup cake", "20150324000312", 89, 1, 6);
insert into P_Reply value (705, 35);
insert into P_Topic value (706, "Aki sleep in cup cake", 0);
insert into Post_Include_P_Edit value (706, 2, 0, "Aki watch football", "20150401020452", 5, 1, 2);
insert into P_Reply value (706, 56);
insert into P_Topic value (707, "Hu eat food", 0);
insert into Post_Include_P_Edit value (707, 2, 0, "You play cake", "20150328150352", 8, 1, 5);
insert into P_Reply value (707, 38);
insert into P_Topic value (708, "He play computer", 0);
insert into Post_Include_P_Edit value (708, 2, 0, "Aki sleep in football", "20150322200332", 86, 1, 2);
insert into P_Reply value (708, 10);
insert into P_Topic value (709, "You play computer", 0);
insert into Post_Include_P_Edit value (709, 2, 0, "It watch donut", "20150322200332", 83, 1, 1);
insert into P_Reply value (709, 15);
insert into P_Topic value (710, "Aki play library", 0);
insert into Post_Include_P_Edit value (710, 2, 0, "She fight with cake", "20150326080332", 87, 1, 5);
insert into P_Reply value (710, 57);
insert into P_Topic value (711, "She run with football", 0);
insert into Post_Include_P_Edit value (711, 2, 0, "She read library", "20150321160352", 45, 1, 3);
insert into P_Reply value (711, 31);
insert into P_Topic value (712, "He look library", 0);
insert into Post_Include_P_Edit value (712, 2, 0, "Hu look food", "20150326080332", 22, 1, 6);
insert into P_Reply value (712, 48);
insert into P_Topic value (713, "It sleep in library", 0);
insert into Post_Include_P_Edit value (713, 2, 0, "She read food", "20150326080332", 39, 1, 6);
insert into P_Reply value (713, 123);
insert into P_Topic value (714, "Hu fight with library", 0);
insert into Post_Include_P_Edit value (714, 2, 0, "It fight with cup cake", "20150326080332", 41, 1, 6);
insert into P_Reply value (714, 68);
insert into P_Topic value (715, "I play market", 0);
insert into Post_Include_P_Edit value (715, 2, 0, "Hu read food", "20150324000312", 93, 1, 1);
insert into P_Reply value (715, 66);
insert into P_Topic value (716, "Ran run with cup cake", 0);
insert into Post_Include_P_Edit value (716, 2, 0, "It watch computer", "20150326080332", 16, 1, 5);
insert into P_Reply value (716, 11);
insert into P_Topic value (717, "He eat computer", 0);
insert into Post_Include_P_Edit value (717, 2, 0, "Ran look cake", "20150320130312", 22, 1, 5);
insert into P_Reply value (717, 35);
insert into P_Topic value (718, "You run with food", 0);
insert into Post_Include_P_Edit value (718, 2, 0, "Hu look library", "20150321160352", 62, 1, 7);
insert into P_Reply value (718, 111);
insert into P_Topic value (719, "It read football", 0);
insert into Post_Include_P_Edit value (719, 2, 0, "I sleep in computer", "20150326080332", 46, 1, 5);
insert into P_Reply value (719, 115);
insert into P_Topic value (720, "Hu eat cup cake", 0);
insert into Post_Include_P_Edit value (720, 2, 0, "It eat computer", "20150326080332", 92, 1, 2);
insert into P_Reply value (720, 76);
insert into P_Topic value (721, "You run with food", 0);
insert into Post_Include_P_Edit value (721, 2, 0, "Hu read computer", "20150325040352", 6, 1, 7);
insert into P_Reply value (721, 117);
insert into P_Topic value (722, "You sleep in football", 0);
insert into Post_Include_P_Edit value (722, 2, 0, "It run with computer", "20150327110312", 81, 1, 4);
insert into P_Reply value (722, 36);
insert into P_Topic value (723, "Aki run with cup cake", 0);
insert into Post_Include_P_Edit value (723, 2, 0, "I fight with football", "20150329190332", 19, 1, 5);
insert into P_Reply value (723, 129);
insert into P_Topic value (724, "You play cake", 0);
insert into Post_Include_P_Edit value (724, 2, 0, "She sleep in donut", "20150321160352", 54, 1, 1);
insert into P_Reply value (724, 82);
insert into P_Topic value (725, "I play library", 0);
insert into Post_Include_P_Edit value (725, 2, 0, "You look cup cake", "20150328150352", 15, 1, 0);
insert into P_Reply value (725, 104);
insert into P_Topic value (726, "It watch computer", 0);
insert into Post_Include_P_Edit value (726, 2, 0, "She look computer", "20150326080332", 7, 1, 5);
insert into P_Reply value (726, 57);
insert into P_Topic value (727, "Hu eat cup cake", 0);
insert into Post_Include_P_Edit value (727, 2, 0, "He read cake", "20150401020452", 3, 1, 7);
insert into P_Reply value (727, 12);
insert into P_Topic value (728, "Ran look market", 0);
insert into Post_Include_P_Edit value (728, 2, 0, "Aki look library", "20150401020452", 64, 1, 7);
insert into P_Reply value (728, 105);
insert into P_Topic value (729, "Ran sleep in football", 0);
insert into Post_Include_P_Edit value (729, 2, 0, "Ran sleep in food", "20150321160352", 74, 1, 7);
insert into P_Reply value (729, 41);
insert into P_Topic value (730, "I fight with food", 0);
insert into Post_Include_P_Edit value (730, 2, 0, "You play cup cake", "20150328150352", 28, 1, 4);
insert into P_Reply value (730, 12);
insert into P_Topic value (731, "Hu watch market", 0);
insert into Post_Include_P_Edit value (731, 2, 0, "It watch market", "20150322200332", 74, 1, 1);
insert into P_Reply value (731, 3);
insert into P_Topic value (732, "Aki play library", 0);
insert into Post_Include_P_Edit value (732, 2, 0, "You look market", "20150322200332", 67, 1, 0);
insert into P_Reply value (732, 39);
insert into P_Topic value (733, "Aki look cup cake", 0);
insert into Post_Include_P_Edit value (733, 2, 0, "You look donut", "20150329190332", 4, 1, 6);
insert into P_Reply value (733, 108);
insert into P_Topic value (734, "It play food", 0);
insert into Post_Include_P_Edit value (734, 2, 0, "Hu sleep in cake", "20150330230312", 2, 1, 2);
insert into P_Reply value (734, 94);
insert into P_Topic value (735, "Aki eat market", 0);
insert into Post_Include_P_Edit value (735, 2, 0, "Aki sleep in cup cake", "20150329190332", 10, 1, 6);
insert into P_Reply value (735, 22);
insert into P_Topic value (736, "I sleep in football", 0);
insert into Post_Include_P_Edit value (736, 2, 0, "She sleep in cup cake", "20150322200332", 29, 1, 5);
insert into P_Reply value (736, 123);
insert into P_Topic value (737, "You look donut", 0);
insert into Post_Include_P_Edit value (737, 2, 0, "You read football", "20150325040352", 9, 1, 5);
insert into P_Reply value (737, 13);
insert into P_Topic value (738, "Ran read cake", 0);
insert into Post_Include_P_Edit value (738, 2, 0, "She eat cup cake", "20150327110312", 18, 1, 7);
insert into P_Reply value (738, 47);
insert into P_Topic value (739, "Ran look cup cake", 0);
insert into Post_Include_P_Edit value (739, 2, 0, "It fight with market", "20150324000312", 13, 1, 2);
insert into P_Reply value (739, 6);
insert into P_Topic value (740, "I read football", 0);
insert into Post_Include_P_Edit value (740, 2, 0, "I play donut", "20150401020452", 56, 1, 5);
insert into P_Reply value (740, 128);
insert into P_Topic value (741, "Ran play donut", 0);
insert into Post_Include_P_Edit value (741, 2, 0, "Aki eat library", "20150320130312", 70, 1, 4);
insert into P_Reply value (741, 8);
insert into P_Topic value (742, "Hu eat cake", 0);
insert into Post_Include_P_Edit value (742, 2, 0, "I look library", "20150330230312", 28, 1, 2);
insert into P_Reply value (742, 68);
insert into P_Topic value (743, "He eat football", 0);
insert into Post_Include_P_Edit value (743, 2, 0, "You look computer", "20150327110312", 52, 1, 0);
insert into P_Reply value (743, 100);
insert into P_Topic value (744, "Ran fight with food", 0);
insert into Post_Include_P_Edit value (744, 2, 0, "Aki watch football", "20150401020452", 38, 1, 7);
insert into P_Reply value (744, 105);
insert into P_Topic value (745, "He play cake", 0);
insert into Post_Include_P_Edit value (745, 2, 0, "Aki look computer", "20150322200332", 16, 1, 0);
insert into P_Reply value (745, 80);
insert into P_Topic value (746, "Hu look football", 0);
insert into Post_Include_P_Edit value (746, 2, 0, "You run with food", "20150329190332", 69, 1, 4);
insert into P_Reply value (746, 35);
insert into P_Topic value (747, "It run with donut", 0);
insert into Post_Include_P_Edit value (747, 2, 0, "Hu read food", "20150321160352", 94, 1, 6);
insert into P_Reply value (747, 99);
insert into P_Topic value (748, "He run with cup cake", 0);
insert into Post_Include_P_Edit value (748, 2, 0, "She play cake", "20150401020452", 14, 1, 1);
insert into P_Reply value (748, 111);
insert into P_Topic value (749, "Aki sleep in donut", 0);
insert into Post_Include_P_Edit value (749, 2, 0, "She eat market", "20150324000312", 57, 1, 5);
insert into P_Reply value (749, 19);
insert into P_Topic value (750, "Hu look football", 0);
insert into Post_Include_P_Edit value (750, 2, 0, "Hu sleep in football", "20150326080332", 44, 1, 7);
insert into P_Reply value (750, 88);
insert into P_Topic value (751, "Ran run with market", 0);
insert into Post_Include_P_Edit value (751, 2, 0, "Aki play donut", "20150328150352", 83, 1, 2);
insert into P_Reply value (751, 30);
insert into P_Topic value (752, "Aki look football", 0);
insert into Post_Include_P_Edit value (752, 2, 0, "I fight with donut", "20150329190332", 21, 1, 6);
insert into P_Reply value (752, 19);
insert into P_Topic value (753, "You sleep in cake", 0);
insert into Post_Include_P_Edit value (753, 2, 0, "He watch cup cake", "20150325040352", 43, 1, 6);
insert into P_Reply value (753, 68);
insert into P_Topic value (754, "It watch library", 0);
insert into Post_Include_P_Edit value (754, 2, 0, "You read cup cake", "20150328150352", 34, 1, 5);
insert into P_Reply value (754, 130);
insert into P_Topic value (755, "Ran run with cup cake", 0);
insert into Post_Include_P_Edit value (755, 2, 0, "You play food", "20150325040352", 78, 1, 3);
insert into P_Reply value (755, 55);
insert into P_Topic value (756, "He watch food", 0);
insert into Post_Include_P_Edit value (756, 2, 0, "It fight with market", "20150325040352", 46, 1, 7);
insert into P_Reply value (756, 100);
insert into P_Topic value (757, "You read donut", 0);
insert into Post_Include_P_Edit value (757, 2, 0, "It fight with market", "20150327110312", 13, 1, 7);
insert into P_Reply value (757, 41);
insert into P_Topic value (758, "He fight with library", 0);
insert into Post_Include_P_Edit value (758, 2, 0, "You run with cake", "20150324000312", 52, 1, 4);
insert into P_Reply value (758, 78);
insert into P_Topic value (759, "Aki run with donut", 0);
insert into Post_Include_P_Edit value (759, 2, 0, "Aki eat food", "20150320130312", 9, 1, 2);
insert into P_Reply value (759, 5);
insert into P_Topic value (760, "Ran fight with food", 0);
insert into Post_Include_P_Edit value (760, 2, 0, "You play cake", "20150401020452", 79, 1, 0);
insert into P_Reply value (760, 1);
insert into P_Topic value (761, "She eat cup cake", 0);
insert into Post_Include_P_Edit value (761, 2, 0, "I look cake", "20150329190332", 9, 1, 1);
insert into P_Reply value (761, 36);
insert into P_Topic value (762, "Aki look donut", 0);
insert into Post_Include_P_Edit value (762, 2, 0, "Hu run with library", "20150327110312", 61, 1, 2);
insert into P_Reply value (762, 65);
insert into P_Topic value (763, "Aki play market", 0);
insert into Post_Include_P_Edit value (763, 2, 0, "He play market", "20150329190332", 90, 1, 0);
insert into P_Reply value (763, 79);
insert into P_Topic value (764, "It eat food", 0);
insert into Post_Include_P_Edit value (764, 2, 0, "It sleep in cup cake", "20150327110312", 41, 1, 6);
insert into P_Reply value (764, 43);
insert into P_Topic value (765, "I fight with donut", 0);
insert into Post_Include_P_Edit value (765, 2, 0, "You sleep in donut", "20150330230312", 89, 1, 7);
insert into P_Reply value (765, 100);
insert into P_Topic value (766, "Aki play library", 0);
insert into Post_Include_P_Edit value (766, 2, 0, "Hu run with cup cake", "20150327110312", 33, 1, 6);
insert into P_Reply value (766, 53);
insert into P_Topic value (767, "Ran watch cake", 0);
insert into Post_Include_P_Edit value (767, 2, 0, "Hu fight with football", "20150322200332", 47, 1, 2);
insert into P_Reply value (767, 87);
insert into P_Topic value (768, "Hu sleep in computer", 0);
insert into Post_Include_P_Edit value (768, 2, 0, "He look market", "20150322200332", 72, 1, 0);
insert into P_Reply value (768, 128);
insert into P_Topic value (769, "She look library", 0);
insert into Post_Include_P_Edit value (769, 2, 0, "Ran sleep in cup cake", "20150320130312", 57, 1, 4);
insert into P_Reply value (769, 57);
insert into P_Topic value (770, "Aki eat donut", 0);
insert into Post_Include_P_Edit value (770, 2, 0, "I eat computer", "20150321160352", 0, 1, 4);
insert into P_Reply value (770, 79);
insert into P_Topic value (771, "I eat donut", 0);
insert into Post_Include_P_Edit value (771, 2, 0, "Aki sleep in donut", "20150325040352", 46, 1, 0);
insert into P_Reply value (771, 114);
insert into P_Topic value (772, "Hu play football", 0);
insert into Post_Include_P_Edit value (772, 2, 0, "It fight with cup cake", "20150328150352", 49, 1, 6);
insert into P_Reply value (772, 54);
insert into P_Topic value (773, "She play library", 0);
insert into Post_Include_P_Edit value (773, 2, 0, "Aki read cup cake", "20150325040352", 95, 1, 4);
insert into P_Reply value (773, 52);
insert into P_Topic value (774, "Hu watch computer", 0);
insert into Post_Include_P_Edit value (774, 2, 0, "You play computer", "20150401020452", 91, 1, 5);
insert into P_Reply value (774, 76);
insert into P_Topic value (775, "Hu play food", 0);
insert into Post_Include_P_Edit value (775, 2, 0, "Aki watch market", "20150320130312", 25, 1, 3);
insert into P_Reply value (775, 36);
insert into P_Topic value (776, "Ran sleep in library", 0);
insert into Post_Include_P_Edit value (776, 2, 0, "Hu watch library", "20150329190332", 63, 1, 2);
insert into P_Reply value (776, 76);
insert into P_Topic value (777, "I run with cup cake", 0);
insert into Post_Include_P_Edit value (777, 2, 0, "Ran eat donut", "20150329190332", 22, 1, 2);
insert into P_Reply value (777, 43);
insert into P_Topic value (778, "I fight with cake", 0);
insert into Post_Include_P_Edit value (778, 2, 0, "Ran run with donut", "20150329190332", 76, 1, 4);
insert into P_Reply value (778, 83);
insert into P_Topic value (779, "Hu run with football", 0);
insert into Post_Include_P_Edit value (779, 2, 0, "You read computer", "20150326080332", 27, 1, 7);
insert into P_Reply value (779, 91);
insert into P_Topic value (780, "It fight with donut", 0);
insert into Post_Include_P_Edit value (780, 2, 0, "He watch food", "20150324000312", 72, 1, 0);
insert into P_Reply value (780, 6);
insert into P_Topic value (781, "I eat food", 0);
insert into Post_Include_P_Edit value (781, 2, 0, "Aki sleep in computer", "20150320130312", 94, 1, 4);
insert into P_Reply value (781, 88);
insert into P_Topic value (782, "Hu look computer", 0);
insert into Post_Include_P_Edit value (782, 2, 0, "Hu eat cake", "20150330230312", 51, 1, 7);
insert into P_Reply value (782, 90);
insert into P_Topic value (783, "I fight with computer", 0);
insert into Post_Include_P_Edit value (783, 2, 0, "It play cake", "20150325040352", 24, 1, 0);
insert into P_Reply value (783, 124);
insert into P_Topic value (784, "It read market", 0);
insert into Post_Include_P_Edit value (784, 2, 0, "It read donut", "20150328150352", 38, 1, 3);
insert into P_Reply value (784, 116);
insert into P_Topic value (785, "It sleep in food", 0);
insert into Post_Include_P_Edit value (785, 2, 0, "Aki play market", "20150326080332", 36, 1, 4);
insert into P_Reply value (785, 34);
insert into P_Topic value (786, "I sleep in computer", 0);
insert into Post_Include_P_Edit value (786, 2, 0, "He watch football", "20150329190332", 10, 1, 6);
insert into P_Reply value (786, 115);
insert into P_Topic value (787, "She play computer", 0);
insert into Post_Include_P_Edit value (787, 2, 0, "He fight with cake", "20150327110312", 59, 1, 6);
insert into P_Reply value (787, 51);
insert into P_Topic value (788, "Hu play market", 0);
insert into Post_Include_P_Edit value (788, 2, 0, "Ran watch cake", "20150326080332", 18, 1, 0);
insert into P_Reply value (788, 99);
insert into P_Topic value (789, "Aki fight with library", 0);
insert into Post_Include_P_Edit value (789, 2, 0, "You run with computer", "20150327110312", 82, 1, 4);
insert into P_Reply value (789, 82);
insert into P_Topic value (790, "He watch cup cake", 0);
insert into Post_Include_P_Edit value (790, 2, 0, "I play computer", "20150327110312", 9, 1, 7);
insert into P_Reply value (790, 95);
insert into P_Topic value (791, "Aki read computer", 0);
insert into Post_Include_P_Edit value (791, 2, 0, "Aki read food", "20150328150352", 82, 1, 2);
insert into P_Reply value (791, 111);
insert into P_Topic value (792, "Ran play market", 0);
insert into Post_Include_P_Edit value (792, 2, 0, "Hu read market", "20150324000312", 18, 1, 4);
insert into P_Reply value (792, 113);
insert into P_Topic value (793, "Ran play market", 0);
insert into Post_Include_P_Edit value (793, 2, 0, "Hu read computer", "20150321160352", 75, 1, 5);
insert into P_Reply value (793, 43);
insert into P_Topic value (794, "It play library", 0);
insert into Post_Include_P_Edit value (794, 2, 0, "I fight with football", "20150328150352", 58, 1, 3);
insert into P_Reply value (794, 111);
insert into P_Topic value (795, "She read cake", 0);
insert into Post_Include_P_Edit value (795, 2, 0, "He eat football", "20150327110312", 10, 1, 0);
insert into P_Reply value (795, 130);
insert into P_Topic value (796, "It watch computer", 0);
insert into Post_Include_P_Edit value (796, 2, 0, "It eat cake", "20150320130312", 1, 1, 0);
insert into P_Reply value (796, 92);
insert into P_Topic value (797, "Aki eat football", 0);
insert into Post_Include_P_Edit value (797, 2, 0, "Ran read food", "20150330230312", 21, 1, 4);
insert into P_Reply value (797, 37);
insert into P_Topic value (798, "He eat computer", 0);
insert into Post_Include_P_Edit value (798, 2, 0, "Ran run with cup cake", "20150330230312", 6, 1, 2);
insert into P_Reply value (798, 9);
insert into P_Topic value (799, "Hu eat computer", 0);
insert into Post_Include_P_Edit value (799, 2, 0, "She read computer", "20150325040352", 58, 1, 0);
insert into P_Reply value (799, 2);
insert into P_Topic value (800, "Hu sleep in donut", 0);
insert into Post_Include_P_Edit value (800, 2, 0, "He sleep in donut", "20150325040352", 23, 1, 5);
insert into P_Reply value (800, 119);
insert into P_Topic value (801, "It play library", 0);
insert into Post_Include_P_Edit value (801, 2, 0, "It watch computer", "20150328150352", 95, 1, 5);
insert into P_Reply value (801, 74);
insert into P_Topic value (802, "Hu sleep in library", 0);
insert into Post_Include_P_Edit value (802, 2, 0, "You look market", "20150322200332", 94, 1, 1);
insert into P_Reply value (802, 11);
insert into P_Topic value (803, "Ran fight with football", 0);
insert into Post_Include_P_Edit value (803, 2, 0, "Aki sleep in football", "20150328150352", 47, 1, 3);
insert into P_Reply value (803, 122);
insert into P_Topic value (804, "She read football", 0);
insert into Post_Include_P_Edit value (804, 2, 0, "Hu eat donut", "20150327110312", 40, 1, 7);
insert into P_Reply value (804, 16);
insert into P_Topic value (805, "She run with football", 0);
insert into Post_Include_P_Edit value (805, 2, 0, "Aki look cake", "20150330230312", 92, 1, 0);
insert into P_Reply value (805, 72);
insert into P_Topic value (806, "Hu eat computer", 0);
insert into Post_Include_P_Edit value (806, 2, 0, "Aki look football", "20150327110312", 74, 1, 4);
insert into P_Reply value (806, 127);
insert into P_Topic value (807, "Ran sleep in food", 0);
insert into Post_Include_P_Edit value (807, 2, 0, "Aki play library", "20150327110312", 32, 1, 6);
insert into P_Reply value (807, 45);
insert into P_Topic value (808, "She eat cake", 0);
insert into Post_Include_P_Edit value (808, 2, 0, "You run with donut", "20150328150352", 41, 1, 1);
insert into P_Reply value (808, 90);
insert into P_Topic value (809, "It watch donut", 0);
insert into Post_Include_P_Edit value (809, 2, 0, "Ran read football", "20150401020452", 79, 1, 6);
insert into P_Reply value (809, 17);
insert into P_Topic value (810, "Hu fight with football", 0);
insert into Post_Include_P_Edit value (810, 2, 0, "You play computer", "20150401020452", 23, 1, 4);
insert into P_Reply value (810, 15);
insert into P_Topic value (811, "He watch library", 0);
insert into Post_Include_P_Edit value (811, 2, 0, "Ran play computer", "20150327110312", 53, 1, 7);
insert into P_Reply value (811, 29);
insert into P_Topic value (812, "Aki sleep in computer", 0);
insert into Post_Include_P_Edit value (812, 2, 0, "It watch cup cake", "20150320130312", 14, 1, 7);
insert into P_Reply value (812, 105);
insert into P_Topic value (813, "You play library", 0);
insert into Post_Include_P_Edit value (813, 2, 0, "It read football", "20150322200332", 21, 1, 0);
insert into P_Reply value (813, 89);
insert into P_Topic value (814, "You watch computer", 0);
insert into Post_Include_P_Edit value (814, 2, 0, "She watch cake", "20150324000312", 25, 1, 3);
insert into P_Reply value (814, 13);
insert into P_Topic value (815, "You eat library", 0);
insert into Post_Include_P_Edit value (815, 2, 0, "He sleep in market", "20150329190332", 24, 1, 0);
insert into P_Reply value (815, 43);
insert into P_Topic value (816, "Aki run with market", 0);
insert into Post_Include_P_Edit value (816, 2, 0, "Ran fight with donut", "20150325040352", 16, 1, 5);
insert into P_Reply value (816, 29);
insert into P_Topic value (817, "Hu run with food", 0);
insert into Post_Include_P_Edit value (817, 2, 0, "Ran read football", "20150326080332", 93, 1, 5);
insert into P_Reply value (817, 0);
insert into P_Topic value (818, "Hu run with donut", 0);
insert into Post_Include_P_Edit value (818, 2, 0, "You sleep in computer", "20150326080332", 60, 1, 6);
insert into P_Reply value (818, 15);
insert into P_Topic value (819, "She sleep in donut", 0);
insert into Post_Include_P_Edit value (819, 2, 0, "Ran fight with cake", "20150330230312", 42, 1, 5);
insert into P_Reply value (819, 23);
insert into P_Topic value (820, "Hu sleep in cup cake", 0);
insert into Post_Include_P_Edit value (820, 2, 0, "She watch computer", "20150327110312", 45, 1, 7);
insert into P_Reply value (820, 74);
insert into P_Topic value (821, "He watch computer", 0);
insert into Post_Include_P_Edit value (821, 2, 0, "Hu fight with cake", "20150324000312", 72, 1, 3);
insert into P_Reply value (821, 91);
insert into P_Topic value (822, "Hu look food", 0);
insert into Post_Include_P_Edit value (822, 2, 0, "Ran look cup cake", "20150320130312", 62, 1, 0);
insert into P_Reply value (822, 82);
insert into P_Topic value (823, "Ran run with donut", 0);
insert into Post_Include_P_Edit value (823, 2, 0, "He eat football", "20150329190332", 72, 1, 0);
insert into P_Reply value (823, 51);
insert into P_Topic value (824, "I run with cake", 0);
insert into Post_Include_P_Edit value (824, 2, 0, "Aki run with library", "20150320130312", 36, 1, 5);
insert into P_Reply value (824, 61);
insert into P_Topic value (825, "You eat library", 0);
insert into Post_Include_P_Edit value (825, 2, 0, "Aki eat computer", "20150328150352", 36, 1, 0);
insert into P_Reply value (825, 65);
insert into P_Topic value (826, "Ran look food", 0);
insert into Post_Include_P_Edit value (826, 2, 0, "He read donut", "20150321160352", 20, 1, 3);
insert into P_Reply value (826, 7);
insert into P_Topic value (827, "You watch library", 0);
insert into Post_Include_P_Edit value (827, 2, 0, "She read market", "20150327110312", 22, 1, 7);
insert into P_Reply value (827, 7);
insert into P_Topic value (828, "It fight with library", 0);
insert into Post_Include_P_Edit value (828, 2, 0, "Hu watch football", "20150328150352", 40, 1, 2);
insert into P_Reply value (828, 75);
insert into P_Topic value (829, "She play library", 0);
insert into Post_Include_P_Edit value (829, 2, 0, "Hu eat football", "20150327110312", 44, 1, 7);
insert into P_Reply value (829, 29);
insert into P_Topic value (830, "Ran eat donut", 0);
insert into Post_Include_P_Edit value (830, 2, 0, "You read market", "20150401020452", 2, 1, 4);
insert into P_Reply value (830, 92);
insert into P_Topic value (831, "I sleep in library", 0);
insert into Post_Include_P_Edit value (831, 2, 0, "She read cake", "20150325040352", 91, 1, 3);
insert into P_Reply value (831, 78);
insert into P_Topic value (832, "Aki play football", 0);
insert into Post_Include_P_Edit value (832, 2, 0, "Ran look cup cake", "20150326080332", 64, 1, 0);
insert into P_Reply value (832, 84);
insert into P_Topic value (833, "Ran watch cup cake", 0);
insert into Post_Include_P_Edit value (833, 2, 0, "He read donut", "20150329190332", 33, 1, 3);
insert into P_Reply value (833, 62);
insert into P_Topic value (834, "You fight with food", 0);
insert into Post_Include_P_Edit value (834, 2, 0, "I look food", "20150322200332", 70, 1, 3);
insert into P_Reply value (834, 102);
insert into P_Topic value (835, "He sleep in donut", 0);
insert into Post_Include_P_Edit value (835, 2, 0, "Ran look library", "20150321160352", 17, 1, 1);
insert into P_Reply value (835, 5);
insert into P_Topic value (836, "He look cup cake", 0);
insert into Post_Include_P_Edit value (836, 2, 0, "You watch football", "20150326080332", 59, 1, 3);
insert into P_Reply value (836, 91);
insert into P_Topic value (837, "She sleep in cake", 0);
insert into Post_Include_P_Edit value (837, 2, 0, "Hu look library", "20150327110312", 69, 1, 4);
insert into P_Reply value (837, 93);
insert into P_Topic value (838, "I play donut", 0);
insert into Post_Include_P_Edit value (838, 2, 0, "You play cake", "20150326080332", 21, 1, 2);
insert into P_Reply value (838, 7);
insert into P_Topic value (839, "Hu run with computer", 0);
insert into Post_Include_P_Edit value (839, 2, 0, "Hu eat food", "20150325040352", 26, 1, 1);
insert into P_Reply value (839, 81);
insert into P_Topic value (840, "You sleep in donut", 0);
insert into Post_Include_P_Edit value (840, 2, 0, "He sleep in cup cake", "20150330230312", 77, 1, 3);
insert into P_Reply value (840, 125);
insert into P_Topic value (841, "She fight with food", 0);
insert into Post_Include_P_Edit value (841, 2, 0, "Aki play cup cake", "20150401020452", 38, 1, 1);
insert into P_Reply value (841, 124);
insert into P_Topic value (842, "You watch food", 0);
insert into Post_Include_P_Edit value (842, 2, 0, "Ran look computer", "20150325040352", 76, 1, 0);
insert into P_Reply value (842, 26);
insert into P_Topic value (843, "You read donut", 0);
insert into Post_Include_P_Edit value (843, 2, 0, "He watch computer", "20150401020452", 71, 1, 5);
insert into P_Reply value (843, 32);
insert into P_Topic value (844, "You look cup cake", 0);
insert into Post_Include_P_Edit value (844, 2, 0, "You sleep in computer", "20150324000312", 78, 1, 3);
insert into P_Reply value (844, 17);
insert into P_Topic value (845, "Aki watch donut", 0);
insert into Post_Include_P_Edit value (845, 2, 0, "Ran eat football", "20150325040352", 40, 1, 7);
insert into P_Reply value (845, 11);
insert into P_Topic value (846, "Hu sleep in computer", 0);
insert into Post_Include_P_Edit value (846, 2, 0, "I sleep in football", "20150329190332", 68, 1, 5);
insert into P_Reply value (846, 99);
insert into P_Topic value (847, "Aki watch donut", 0);
insert into Post_Include_P_Edit value (847, 2, 0, "He fight with market", "20150330230312", 11, 1, 3);
insert into P_Reply value (847, 29);
insert into P_Topic value (848, "I fight with cake", 0);
insert into Post_Include_P_Edit value (848, 2, 0, "You play football", "20150327110312", 51, 1, 2);
insert into P_Reply value (848, 123);
insert into P_Topic value (849, "It run with cake", 0);
insert into Post_Include_P_Edit value (849, 2, 0, "She run with market", "20150329190332", 53, 1, 2);
insert into P_Reply value (849, 77);
insert into P_Topic value (850, "He play food", 0);
insert into Post_Include_P_Edit value (850, 2, 0, "Hu look market", "20150321160352", 37, 1, 1);
insert into P_Reply value (850, 39);
insert into P_Topic value (851, "You sleep in food", 0);
insert into Post_Include_P_Edit value (851, 2, 0, "I eat market", "20150321160352", 55, 1, 2);
insert into P_Reply value (851, 10);
insert into P_Topic value (852, "I eat food", 0);
insert into Post_Include_P_Edit value (852, 2, 0, "Hu run with computer", "20150326080332", 51, 1, 7);
insert into P_Reply value (852, 25);
insert into P_Topic value (853, "He sleep in football", 0);
insert into Post_Include_P_Edit value (853, 2, 0, "Ran play donut", "20150324000312", 36, 1, 6);
insert into P_Reply value (853, 7);
insert into P_Topic value (854, "You look market", 0);
insert into Post_Include_P_Edit value (854, 2, 0, "You fight with cake", "20150320130312", 26, 1, 4);
insert into P_Reply value (854, 115);
insert into P_Topic value (855, "He look library", 0);
insert into Post_Include_P_Edit value (855, 2, 0, "Aki sleep in market", "20150327110312", 42, 1, 3);
insert into P_Reply value (855, 3);
insert into P_Topic value (856, "It watch market", 0);
insert into Post_Include_P_Edit value (856, 2, 0, "I watch market", "20150321160352", 48, 1, 5);
insert into P_Reply value (856, 129);
insert into P_Topic value (857, "He run with market", 0);
insert into Post_Include_P_Edit value (857, 2, 0, "She sleep in cup cake", "20150320130312", 81, 1, 6);
insert into P_Reply value (857, 112);
insert into P_Topic value (858, "Aki fight with donut", 0);
insert into Post_Include_P_Edit value (858, 2, 0, "Hu read donut", "20150322200332", 43, 1, 4);
insert into P_Reply value (858, 37);
insert into P_Topic value (859, "He fight with computer", 0);
insert into Post_Include_P_Edit value (859, 2, 0, "Ran eat cake", "20150322200332", 35, 1, 3);
insert into P_Reply value (859, 119);
insert into P_Topic value (860, "He watch food", 0);
insert into Post_Include_P_Edit value (860, 2, 0, "It look food", "20150322200332", 40, 1, 5);
insert into P_Reply value (860, 123);
insert into P_Topic value (861, "She look donut", 0);
insert into Post_Include_P_Edit value (861, 2, 0, "You fight with donut", "20150328150352", 90, 1, 5);
insert into P_Reply value (861, 114);
insert into P_Topic value (862, "Hu fight with donut", 0);
insert into Post_Include_P_Edit value (862, 2, 0, "It run with cake", "20150401020452", 92, 1, 2);
insert into P_Reply value (862, 26);
insert into P_Topic value (863, "She sleep in cake", 0);
insert into Post_Include_P_Edit value (863, 2, 0, "Ran play computer", "20150322200332", 56, 1, 4);
insert into P_Reply value (863, 1);
insert into P_Topic value (864, "Ran read food", 0);
insert into Post_Include_P_Edit value (864, 2, 0, "I look donut", "20150322200332", 24, 1, 7);
insert into P_Reply value (864, 104);
insert into P_Topic value (865, "Ran read cup cake", 0);
insert into Post_Include_P_Edit value (865, 2, 0, "He watch cup cake", "20150329190332", 55, 1, 0);
insert into P_Reply value (865, 98);
insert into P_Topic value (866, "He sleep in cup cake", 0);
insert into Post_Include_P_Edit value (866, 2, 0, "He eat computer", "20150401020452", 36, 1, 3);
insert into P_Reply value (866, 98);
insert into P_Topic value (867, "Aki play computer", 0);
insert into Post_Include_P_Edit value (867, 2, 0, "Aki play market", "20150324000312", 31, 1, 6);
insert into P_Reply value (867, 114);
insert into P_Topic value (868, "You read market", 0);
insert into Post_Include_P_Edit value (868, 2, 0, "I look cake", "20150320130312", 96, 1, 0);
insert into P_Reply value (868, 6);
insert into P_Topic value (869, "Aki watch market", 0);
insert into Post_Include_P_Edit value (869, 2, 0, "You eat football", "20150326080332", 35, 1, 7);
insert into P_Reply value (869, 34);
insert into P_Topic value (870, "I read food", 0);
insert into Post_Include_P_Edit value (870, 2, 0, "He look football", "20150329190332", 62, 1, 3);
insert into P_Reply value (870, 22);
insert into P_Topic value (871, "You look football", 0);
insert into Post_Include_P_Edit value (871, 2, 0, "I look market", "20150325040352", 30, 1, 6);
insert into P_Reply value (871, 95);
insert into P_Topic value (872, "Hu sleep in food", 0);
insert into Post_Include_P_Edit value (872, 2, 0, "He look library", "20150322200332", 77, 1, 2);
insert into P_Reply value (872, 72);
insert into P_Topic value (873, "I watch cup cake", 0);
insert into Post_Include_P_Edit value (873, 2, 0, "Hu run with cake", "20150327110312", 62, 1, 4);
insert into P_Reply value (873, 125);
insert into P_Topic value (874, "Hu watch library", 0);
insert into Post_Include_P_Edit value (874, 2, 0, "Hu play library", "20150322200332", 38, 1, 4);
insert into P_Reply value (874, 116);
insert into P_Topic value (875, "I watch cake", 0);
insert into Post_Include_P_Edit value (875, 2, 0, "It read market", "20150320130312", 35, 1, 5);
insert into P_Reply value (875, 39);
insert into P_Topic value (876, "Ran watch food", 0);
insert into Post_Include_P_Edit value (876, 2, 0, "Ran play computer", "20150328150352", 1, 1, 7);
insert into P_Reply value (876, 88);
insert into P_Topic value (877, "He look donut", 0);
insert into Post_Include_P_Edit value (877, 2, 0, "She fight with donut", "20150326080332", 23, 1, 6);
insert into P_Reply value (877, 64);
insert into P_Topic value (878, "It sleep in food", 0);
insert into Post_Include_P_Edit value (878, 2, 0, "She play donut", "20150320130312", 18, 1, 0);
insert into P_Reply value (878, 54);
insert into P_Topic value (879, "I watch cake", 0);
insert into Post_Include_P_Edit value (879, 2, 0, "Aki play donut", "20150327110312", 39, 1, 3);
insert into P_Reply value (879, 47);
insert into P_Topic value (880, "She run with computer", 0);
insert into Post_Include_P_Edit value (880, 2, 0, "Aki run with computer", "20150401020452", 94, 1, 2);
insert into P_Reply value (880, 93);
insert into P_Topic value (881, "Hu play computer", 0);
insert into Post_Include_P_Edit value (881, 2, 0, "You read library", "20150327110312", 25, 1, 6);
insert into P_Reply value (881, 118);
insert into P_Topic value (882, "Ran sleep in cake", 0);
insert into Post_Include_P_Edit value (882, 2, 0, "It read donut", "20150324000312", 46, 1, 5);
insert into P_Reply value (882, 49);
insert into P_Topic value (883, "I watch market", 0);
insert into Post_Include_P_Edit value (883, 2, 0, "He sleep in football", "20150327110312", 10, 1, 2);
insert into P_Reply value (883, 4);
insert into P_Topic value (884, "He run with computer", 0);
insert into Post_Include_P_Edit value (884, 2, 0, "You read cake", "20150320130312", 10, 1, 5);
insert into P_Reply value (884, 84);
insert into P_Topic value (885, "You look donut", 0);
insert into Post_Include_P_Edit value (885, 2, 0, "You fight with cake", "20150401020452", 48, 1, 0);
insert into P_Reply value (885, 2);
insert into P_Topic value (886, "He run with food", 0);
insert into Post_Include_P_Edit value (886, 2, 0, "It look market", "20150330230312", 58, 1, 4);
insert into P_Reply value (886, 6);
insert into P_Topic value (887, "She run with cake", 0);
insert into Post_Include_P_Edit value (887, 2, 0, "Hu eat cake", "20150327110312", 20, 1, 5);
insert into P_Reply value (887, 96);
insert into P_Topic value (888, "She read food", 0);
insert into Post_Include_P_Edit value (888, 2, 0, "Hu run with market", "20150322200332", 5, 1, 0);
insert into P_Reply value (888, 58);
insert into P_Topic value (889, "Aki fight with football", 0);
insert into Post_Include_P_Edit value (889, 2, 0, "I read market", "20150326080332", 14, 1, 7);
insert into P_Reply value (889, 129);
insert into P_Topic value (890, "You run with donut", 0);
insert into Post_Include_P_Edit value (890, 2, 0, "Ran look football", "20150321160352", 24, 1, 5);
insert into P_Reply value (890, 24);
insert into P_Topic value (891, "Hu read market", 0);
insert into Post_Include_P_Edit value (891, 2, 0, "You play cake", "20150325040352", 5, 1, 4);
insert into P_Reply value (891, 60);
insert into P_Topic value (892, "You look cup cake", 0);
insert into Post_Include_P_Edit value (892, 2, 0, "Aki run with cup cake", "20150328150352", 94, 1, 6);
insert into P_Reply value (892, 69);
insert into P_Topic value (893, "Ran watch market", 0);
insert into Post_Include_P_Edit value (893, 2, 0, "Ran watch cake", "20150324000312", 83, 1, 4);
insert into P_Reply value (893, 129);
insert into P_Topic value (894, "Aki sleep in library", 0);
insert into Post_Include_P_Edit value (894, 2, 0, "Hu eat food", "20150330230312", 90, 1, 3);
insert into P_Reply value (894, 62);
insert into P_Topic value (895, "Hu sleep in football", 0);
insert into Post_Include_P_Edit value (895, 2, 0, "I read computer", "20150401020452", 86, 1, 1);
insert into P_Reply value (895, 40);
insert into P_Topic value (896, "He play food", 0);
insert into Post_Include_P_Edit value (896, 2, 0, "Hu watch food", "20150324000312", 71, 1, 7);
insert into P_Reply value (896, 3);
insert into P_Topic value (897, "I read library", 0);
insert into Post_Include_P_Edit value (897, 2, 0, "Ran fight with cup cake", "20150330230312", 52, 1, 0);
insert into P_Reply value (897, 82);
insert into P_Topic value (898, "She fight with food", 0);
insert into Post_Include_P_Edit value (898, 2, 0, "It eat food", "20150401020452", 56, 1, 7);
insert into P_Reply value (898, 26);
insert into P_Topic value (899, "It play market", 0);
insert into Post_Include_P_Edit value (899, 2, 0, "It sleep in donut", "20150330230312", 13, 1, 0);
insert into P_Reply value (899, 81);
insert into P_Topic value (900, "Aki play donut", 0);
insert into Post_Include_P_Edit value (900, 2, 0, "He eat football", "20150322200332", 94, 1, 1);
insert into P_Reply value (900, 41);
insert into P_Topic value (901, "I read football", 0);
insert into Post_Include_P_Edit value (901, 2, 0, "She read cake", "20150320130312", 93, 1, 0);
insert into P_Reply value (901, 34);
insert into P_Topic value (902, "Aki run with cup cake", 0);
insert into Post_Include_P_Edit value (902, 2, 0, "You read cake", "20150321160352", 71, 1, 6);
insert into P_Reply value (902, 63);
insert into P_Topic value (903, "Aki look computer", 0);
insert into Post_Include_P_Edit value (903, 2, 0, "You eat computer", "20150401020452", 62, 1, 3);
insert into P_Reply value (903, 69);
insert into P_Topic value (904, "I read donut", 0);
insert into Post_Include_P_Edit value (904, 2, 0, "She fight with computer", "20150322200332", 5, 1, 4);
insert into P_Reply value (904, 52);
insert into P_Topic value (905, "She watch cup cake", 0);
insert into Post_Include_P_Edit value (905, 2, 0, "He watch market", "20150321160352", 13, 1, 2);
insert into P_Reply value (905, 118);
insert into P_Topic value (906, "You fight with library", 0);
insert into Post_Include_P_Edit value (906, 2, 0, "You sleep in library", "20150327110312", 14, 1, 1);
insert into P_Reply value (906, 99);
insert into P_Topic value (907, "You run with food", 0);
insert into Post_Include_P_Edit value (907, 2, 0, "She run with cake", "20150325040352", 90, 1, 4);
insert into P_Reply value (907, 19);
insert into P_Topic value (908, "Hu sleep in computer", 0);
insert into Post_Include_P_Edit value (908, 2, 0, "He look computer", "20150325040352", 57, 1, 2);
insert into P_Reply value (908, 128);
insert into P_Topic value (909, "I watch football", 0);
insert into Post_Include_P_Edit value (909, 2, 0, "He read computer", "20150322200332", 38, 1, 4);
insert into P_Reply value (909, 72);
insert into P_Topic value (910, "I run with library", 0);
insert into Post_Include_P_Edit value (910, 2, 0, "She read cake", "20150321160352", 57, 1, 5);
insert into P_Reply value (910, 106);
insert into P_Topic value (911, "Aki eat football", 0);
insert into Post_Include_P_Edit value (911, 2, 0, "Hu look donut", "20150330230312", 53, 1, 5);
insert into P_Reply value (911, 65);
insert into P_Topic value (912, "Aki watch food", 0);
insert into Post_Include_P_Edit value (912, 2, 0, "I look computer", "20150320130312", 53, 1, 1);
insert into P_Reply value (912, 79);
insert into P_Topic value (913, "Aki read library", 0);
insert into Post_Include_P_Edit value (913, 2, 0, "Aki eat cup cake", "20150328150352", 21, 1, 5);
insert into P_Reply value (913, 121);
insert into P_Topic value (914, "He read cake", 0);
insert into Post_Include_P_Edit value (914, 2, 0, "Hu sleep in cup cake", "20150321160352", 22, 1, 7);
insert into P_Reply value (914, 67);
insert into P_Topic value (915, "I run with library", 0);
insert into Post_Include_P_Edit value (915, 2, 0, "Ran eat cup cake", "20150401020452", 4, 1, 6);
insert into P_Reply value (915, 0);
insert into P_Topic value (916, "She fight with food", 0);
insert into Post_Include_P_Edit value (916, 2, 0, "Hu look cup cake", "20150328150352", 36, 1, 5);
insert into P_Reply value (916, 89);
insert into P_Topic value (917, "Aki play football", 0);
insert into Post_Include_P_Edit value (917, 2, 0, "It look computer", "20150329190332", 5, 1, 2);
insert into P_Reply value (917, 24);
insert into P_Topic value (918, "She eat food", 0);
insert into Post_Include_P_Edit value (918, 2, 0, "He run with food", "20150324000312", 12, 1, 6);
insert into P_Reply value (918, 118);
insert into P_Topic value (919, "She read donut", 0);
insert into Post_Include_P_Edit value (919, 2, 0, "I eat football", "20150320130312", 55, 1, 6);
insert into P_Reply value (919, 130);
insert into P_Topic value (920, "You watch market", 0);
insert into Post_Include_P_Edit value (920, 2, 0, "Ran fight with market", "20150325040352", 51, 1, 7);
insert into P_Reply value (920, 112);
insert into P_Topic value (921, "You fight with football", 0);
insert into Post_Include_P_Edit value (921, 2, 0, "I watch donut", "20150330230312", 17, 1, 4);
insert into P_Reply value (921, 74);
insert into P_Topic value (922, "Ran read food", 0);
insert into Post_Include_P_Edit value (922, 2, 0, "Aki eat computer", "20150322200332", 75, 1, 6);
insert into P_Reply value (922, 48);
insert into P_Topic value (923, "Ran watch library", 0);
insert into Post_Include_P_Edit value (923, 2, 0, "You watch cup cake", "20150330230312", 32, 1, 6);
insert into P_Reply value (923, 112);
insert into P_Topic value (924, "I look cup cake", 0);
insert into Post_Include_P_Edit value (924, 2, 0, "Aki play donut", "20150325040352", 27, 1, 7);
insert into P_Reply value (924, 67);
insert into P_Topic value (925, "You sleep in cup cake", 0);
insert into Post_Include_P_Edit value (925, 2, 0, "You look market", "20150326080332", 25, 1, 4);
insert into P_Reply value (925, 8);
insert into P_Topic value (926, "Ran sleep in cake", 0);
insert into Post_Include_P_Edit value (926, 2, 0, "It run with football", "20150321160352", 60, 1, 3);
insert into P_Reply value (926, 74);
insert into P_Topic value (927, "You play market", 0);
insert into Post_Include_P_Edit value (927, 2, 0, "She watch library", "20150327110312", 57, 1, 6);
insert into P_Reply value (927, 36);
insert into P_Topic value (928, "It eat cake", 0);
insert into Post_Include_P_Edit value (928, 2, 0, "It fight with cup cake", "20150330230312", 2, 1, 5);
insert into P_Reply value (928, 119);
insert into P_Topic value (929, "It look food", 0);
insert into Post_Include_P_Edit value (929, 2, 0, "Ran read football", "20150328150352", 94, 1, 0);
insert into P_Reply value (929, 103);
